city,neighborhood,neighborhood_is_generic,property_type,surface_m2,bedrooms,bathrooms,floor,price_dh,floor_known,surface_known,rooms_info_known,floor_appartement
Casablanca,oulfa,False,Appartement,74.0,2.0,1.0,1.0,430000.0,1,0,1,1.0
Casablanca,maârif_extension,False,Appartement,74.0,3.0,2.0,4.0,1520000.0,1,0,1,4.0
Casablanca,casablanca_finance_city,False,Appartement,74.0,1.0,1.0,1.0,11100000.0,1,0,1,1.0
Casablanca,aïn_chock,False,Appartement,99.0,3.0,1.0,1.0,1900000.0,1,1,1,1.0
Casablanca,maarif,False,Appartement,42.0,1.0,0.0,1.0,1950000.0,1,1,1,1.0
Casablanca,sidi_bernoussi,False,Appartement,118.0,3.0,2.0,3.0,3980000.0,1,1,1,3.0
Casablanca,palmier,False,Appartement,74.0,1.0,1.0,2.0,1250000.0,1,0,1,2.0
Casablanca,oulfa,False,Appartement,74.0,2.0,2.0,0.0,1290000.0,1,0,1,0.0
Casablanca,quartier_des_hôpitaux,False,Appartement,197.0,3.0,2.0,1.0,12400000.0,1,1,1,1.0
Casablanca,roches_noires,False,Appartement,79.0,2.0,1.0,4.0,4890000.0,1,1,1,4.0
Casablanca,oulfa,False,Appartement,60.0,2.0,1.0,2.0,2470000.0,1,1,1,2.0
Casablanca,palmier,False,Appartement,143.0,2.0,2.0,0.0,2120000.0,1,1,1,0.0
Casablanca,maarif,False,Appartement,79.0,2.0,1.0,0.0,1125000.0,1,1,1,0.0
Casablanca,roches_noires,False,Appartement,57.0,1.0,1.0,1.0,1740000.0,1,1,1,1.0
Casablanca,maârif_extension,False,Appartement,121.0,2.0,1.0,1.0,11300000.0,1,1,0,1.0
Casablanca,oulfa,False,Appartement,69.0,1.0,1.0,1.0,1700000.0,1,1,1,1.0
Casablanca,les_princesses,False,Appartement,170.0,3.0,1.0,0.0,2600000.0,1,1,0,0.0
Casablanca,maarif,False,Appartement,82.0,2.0,1.0,0.0,1140000.0,1,1,1,0.0
Casablanca,oulfa,False,Appartement,56.0,2.0,1.0,4.0,4800000.0,1,1,1,4.0
Casablanca,casablanca_finance_city,False,Appartement,65.0,1.0,1.0,5.0,5800000.0,1,1,1,5.0
Casablanca,maarif,False,Appartement,74.0,3.0,2.0,1.0,1760000.0,1,0,1,1.0
Casablanca,ain_sebaa,False,Appartement,78.0,2.0,2.0,0.0,897000.0,1,1,1,0.0
Casablanca,hay_hassani,False,Appartement,85.0,2.0,2.0,3.0,3880000.0,1,1,1,3.0
Casablanca,palmier,False,Appartement,74.0,2.0,3.0,2.0,2600000.0,1,0,1,2.0
Casablanca,ain_sebaa,False,Appartement,77.0,2.0,2.0,2.0,2835000.0,1,1,1,2.0
Casablanca,hay_mohammadi,False,Appartement,93.0,4.0,2.0,3.0,3650000.0,1,1,1,3.0
Casablanca,lissasfa,False,Appartement,58.0,2.0,1.0,3.0,3250000.0,1,1,1,3.0
Casablanca,autre_secteur,True,Appartement,82.0,2.0,2.0,2.0,2500000.0,1,1,1,2.0
Casablanca,hay_rajaa,False,Appartement,43.0,1.0,1.0,1.0,1620000.0,1,1,0,1.0
Casablanca,errahma,False,Appartement,74.0,2.0,1.0,4.0,4390000.0,1,0,1,4.0
Casablanca,aïn_borja,False,Appartement,69.0,2.0,1.0,1.0,1680000.0,1,1,1,1.0
Casablanca,hay_hassani,False,Appartement,61.0,2.0,1.0,4.0,4450000.0,1,1,1,4.0
Casablanca,sidi_bernoussi,False,Appartement,60.0,3.0,1.0,1.0,1500000.0,1,1,1,1.0
Casablanca,autre_secteur,True,Appartement,74.0,3.0,2.0,1.0,1750000.0,1,0,1,1.0
Casablanca,ain_sebaa,False,Appartement,79.0,3.0,2.0,2.0,2948000.0,1,1,1,2.0
Casablanca,sidi_moumen,False,Appartement,96.0,2.0,2.0,1.0,1690000.0,1,1,1,1.0
Casablanca,les_princesses,False,Appartement,74.0,1.0,1.0,1.0,1300000.0,1,0,1,1.0
Casablanca,belvédère,False,Appartement,122.0,4.0,2.0,1.0,1860000.0,1,1,1,1.0
Casablanca,autre_secteur,True,Appartement,85.0,3.0,2.0,2.0,2860000.0,1,1,1,2.0
Casablanca,maarif,False,Appartement,63.0,2.0,2.0,1.0,1980000.0,1,1,1,1.0
Casablanca,les_princesses,False,Appartement,138.0,2.0,2.0,0.0,1600000.0,1,1,1,0.0
Casablanca,les_princesses,False,Appartement,74.0,2.0,2.0,1.0,1490000.0,1,0,1,1.0
Casablanca,ain_sebaa,False,Appartement,112.0,3.0,2.0,1.0,1945000.0,1,1,1,1.0
Casablanca,sidi_moumen,False,Appartement,74.0,2.0,1.0,3.0,3550000.0,1,0,1,3.0
Casablanca,ain_sebaa,False,Appartement,86.0,2.0,2.0,1.0,1896500.0,1,1,1,1.0
Casablanca,derb_omar,False,Appartement,73.0,1.0,1.0,1.0,1880000.0,1,1,1,1.0
Casablanca,derb_ghallef,False,Appartement,63.0,2.0,2.0,5.0,5850000.0,1,1,1,5.0
Casablanca,2_mars,False,Appartement,74.0,3.0,2.0,2.0,1560000.0,1,0,1,2.0
Casablanca,autre_secteur,True,Appartement,51.0,3.0,1.0,0.0,500000.0,1,1,1,0.0
Casablanca,sidi_moumen,False,Appartement,72.0,2.0,2.0,1.0,1700000.0,1,1,1,1.0
Casablanca,anfa,False,Appartement,293.0,3.0,2.0,1.0,13980000.0,1,1,1,1.0
Casablanca,hay_hassani,False,Appartement,86.0,3.0,1.0,2.0,2840000.0,1,1,1,2.0
Casablanca,sidi_maarouf,False,Appartement,74.0,3.0,2.0,2.0,2600000.0,1,0,1,2.0
Casablanca,aïn_chock,False,Appartement,54.0,2.0,1.0,3.0,3600000.0,1,1,1,3.0
Casablanca,sidi_belyout,False,Appartement,85.0,2.0,1.0,3.0,3900000.0,1,1,1,3.0
Casablanca,maarif,False,Appartement,74.0,1.0,1.0,1.0,1780000.0,1,0,1,1.0
Casablanca,aïn_chock,False,Appartement,91.0,3.0,1.0,0.0,800000.0,1,1,1,0.0
Casablanca,autre_secteur,True,Appartement,67.0,2.0,1.0,3.0,3480000.0,1,1,1,3.0
Casablanca,sidi_bernoussi,False,Appartement,71.0,2.0,1.0,4.0,4547681.0,1,1,1,4.0
Casablanca,route_d_el_jadida,False,Appartement,54.0,2.0,1.0,3.0,3340000.0,1,1,1,3.0
Casablanca,casablanca_finance_city,False,Appartement,284.0,3.0,3.0,1.0,15600000.0,1,1,1,1.0
Casablanca,derb_omar,False,Appartement,104.0,3.0,1.0,2.0,2900000.0,1,1,1,2.0
Casablanca,oulfa,False,Appartement,54.0,2.0,1.0,3.0,3500000.0,1,1,1,3.0
Casablanca,maârif_extension,False,Appartement,123.0,3.0,2.0,1.0,11220000.0,1,1,1,1.0
Casablanca,almaz,False,Appartement,74.0,4.0,3.0,3.0,1700000.0,1,0,1,3.0
Casablanca,sidi_maarouf,False,Appartement,74.0,2.0,0.0,0.0,950000.0,1,1,1,0.0
Casablanca,oulfa,False,Appartement,54.0,2.0,1.0,1.0,1390000.0,1,1,1,1.0
Casablanca,palmier,False,Appartement,74.0,1.0,1.0,1.0,1250000.0,1,0,1,1.0
Casablanca,palmier,False,Appartement,74.0,1.0,1.0,0.0,1200000.0,1,0,1,0.0
Casablanca,ain_sebaa,False,Appartement,85.0,2.0,2.0,1.0,1815000.0,1,1,1,1.0
Casablanca,ain_sebaa,False,Appartement,98.0,2.0,2.0,0.0,830000.0,1,1,1,0.0
Casablanca,hay_moulay_rachid,False,Appartement,74.0,2.0,0.0,3.0,3440000.0,1,1,1,3.0
Casablanca,ain_sebaa,False,Appartement,59.0,2.0,2.0,3.0,3708000.0,1,1,1,3.0
Casablanca,2_mars,False,Appartement,74.0,3.0,2.0,5.0,1700000.0,1,0,1,5.0
Casablanca,belvédère,False,Appartement,42.0,1.0,1.0,3.0,3680000.0,1,1,1,3.0
Casablanca,sidi_belyout,False,Appartement,175.0,3.0,2.0,0.0,2000000.0,1,1,1,0.0
Casablanca,sidi_bernoussi,False,Appartement,103.0,2.0,1.0,2.0,2850000.0,1,1,1,2.0
Casablanca,al_qods,False,Appartement,62.0,1.0,1.0,4.0,4645000.0,1,1,1,4.0
Casablanca,errahma,False,Appartement,70.0,3.0,2.0,2.0,2520000.0,1,1,1,2.0
Casablanca,ain_sebaa,False,Appartement,70.0,2.0,0.0,0.0,800000.0,1,1,1,0.0
Casablanca,autre_secteur,True,Appartement,68.0,2.0,1.0,0.0,990000.0,1,1,1,0.0
Casablanca,sidi_moumen,False,Appartement,64.0,2.0,1.0,1.0,1380000.0,1,1,1,1.0
Casablanca,mers_sultan,False,Appartement,197.0,3.0,1.0,1.0,12500000.0,1,1,1,1.0
Casablanca,autre_secteur,True,Appartement,59.0,1.0,1.0,2.0,2700000.0,1,1,1,2.0
Casablanca,belvédère,False,Appartement,86.0,2.0,2.0,3.0,3880000.0,1,1,1,3.0
Casablanca,sidi_maarouf,False,Appartement,66.0,2.0,1.0,2.0,2680000.0,1,1,1,2.0
Casablanca,hermitage,False,Appartement,74.0,1.0,1.0,1.0,1850000.0,1,0,1,1.0
Casablanca,les_princesses,False,Appartement,74.0,3.0,3.0,3.0,2500000.0,1,0,1,3.0
Casablanca,anfa,False,Appartement,74.0,2.0,1.0,0.0,270000.0,1,1,1,0.0
Casablanca,anfa,False,Appartement,74.0,1.0,1.0,5.0,5950000.0,1,0,1,5.0
Casablanca,sidi_moumen,False,Appartement,126.0,2.0,2.0,0.0,690000.0,1,1,1,0.0
Casablanca,palmier,False,Appartement,80.0,1.0,2.0,0.0,1280000.0,1,1,1,0.0
Casablanca,oulfa,False,Appartement,49.0,1.0,1.0,0.0,570000.0,1,1,1,0.0
Casablanca,les_princesses,False,Appartement,74.0,1.0,1.0,3.0,1520000.0,1,0,1,3.0
Casablanca,aïn_diab,False,Appartement,74.0,1.0,1.0,0.0,1200000.0,1,0,1,0.0
Casablanca,ben_ejdia,False,Appartement,77.0,2.0,1.0,2.0,2800000.0,1,1,1,2.0
Casablanca,bournazil,False,Appartement,172.0,2.0,1.0,1.0,1730000.0,1,1,1,1.0
Casablanca,aïn_chock,False,Appartement,60.0,2.0,1.0,2.0,2700000.0,1,1,1,2.0
Casablanca,hay_mohammadi,False,Appartement,65.0,2.0,0.0,1.0,1680000.0,1,1,1,1.0
Casablanca,almaz,False,Appartement,76.0,3.0,2.0,2.0,2896800.0,1,1,1,2.0
Casablanca,triangle_d_or,False,Appartement,267.0,3.0,2.0,1.0,13750000.0,1,1,1,1.0
Casablanca,franceville,False,Appartement,42.0,1.0,1.0,3.0,3900000.0,1,1,1,3.0
Casablanca,franceville,False,Appartement,74.0,1.0,1.0,2.0,1200000.0,1,0,1,2.0
Casablanca,anfa,False,Appartement,197.0,4.0,3.0,1.0,13940000.0,1,1,1,1.0
Casablanca,ain_sebaa,False,Appartement,82.0,2.0,2.0,2.0,2905000.0,1,1,1,2.0
Casablanca,roches_noires,False,Appartement,41.0,1.0,1.0,2.0,2650000.0,1,1,1,2.0
Casablanca,errahma,False,Appartement,112.0,4.0,2.0,1.0,1920000.0,1,1,1,1.0
Casablanca,casablanca_finance_city,False,Appartement,64.0,1.0,1.0,5.0,5800000.0,1,1,1,5.0
Casablanca,ain_sebaa,False,Appartement,84.0,2.0,2.0,3.0,3860000.0,1,1,1,3.0
Casablanca,oulfa,False,Appartement,74.0,2.0,1.0,0.0,320000.0,1,0,1,0.0
Casablanca,sidi_bernoussi,False,Appartement,69.0,2.0,1.0,1.0,1620000.0,1,1,1,1.0
Casablanca,hay_hassani,False,Appartement,270.0,3.0,2.0,2.0,21400000.0,1,1,1,2.0
Casablanca,ben_m_sick,False,Appartement,53.0,2.0,1.0,3.0,3480000.0,1,1,1,3.0
Casablanca,2_mars,False,Appartement,74.0,3.0,1.0,3.0,1300000.0,1,0,0,3.0
Casablanca,mers_sultan,False,Appartement,88.0,2.0,2.0,2.0,2950000.0,1,1,1,2.0
Casablanca,aïn_borja,False,Appartement,121.0,4.0,1.0,4.0,4780000.0,1,1,1,4.0
Casablanca,ain_sebaa,False,Appartement,67.0,2.0,1.0,4.0,4650000.0,1,1,1,4.0
Casablanca,sidi_moumen,False,Appartement,65.0,2.0,2.0,1.0,1570000.0,1,1,1,1.0
Casablanca,la_gironde,False,Appartement,90.0,3.0,2.0,2.0,211500.0,1,1,1,2.0
Casablanca,sidi_moumen,False,Appartement,74.0,3.0,1.0,4.0,4450000.0,1,0,1,4.0
Casablanca,2_mars,False,Appartement,310.0,4.0,2.0,1.0,13300000.0,1,1,1,1.0
Casablanca,oulfa,False,Appartement,50.0,2.0,1.0,2.0,2380000.0,1,1,1,2.0
Casablanca,oasis,False,Appartement,226.0,3.0,2.0,1.0,12950000.0,1,1,1,1.0
Casablanca,oulfa,False,Appartement,50.0,2.0,1.0,2.0,2370000.0,1,1,1,2.0
Casablanca,les_princesses,False,Appartement,143.0,3.0,1.0,1.0,11950000.0,1,1,1,1.0
Casablanca,sidi_maarouf,False,Appartement,141.0,3.0,2.0,unknown,1000000.0,0,1,1,unknown
Casablanca,ferme_bretone,False,Appartement,74.0,2.0,2.0,4.0,1950000.0,1,0,1,4.0
Casablanca,2_mars,False,Appartement,110.0,3.0,1.0,6.0,613500.0,1,1,1,6.0
Casablanca,oulfa,False,Appartement,90.0,2.0,1.0,0.0,950000.0,1,1,1,0.0
Casablanca,oulfa,False,Appartement,74.0,4.0,1.0,1.0,1250000.0,1,0,1,1.0
Casablanca,2_mars,False,Appartement,167.0,3.0,3.0,1.0,11990000.0,1,1,1,1.0
Casablanca,beauséjour,False,Appartement,106.0,2.0,2.0,0.0,980000.0,1,1,1,0.0
Casablanca,oulfa,False,Appartement,50.0,2.0,1.0,4.0,4330000.0,1,1,1,4.0
Casablanca,ain_sebaa,False,Appartement,72.0,2.0,1.0,4.0,4720000.0,1,1,1,4.0
Casablanca,ferme_bretone,False,Appartement,52.0,1.0,2.0,1.0,124000.0,1,1,1,1.0
Casablanca,hay_sadri,False,Appartement,99.0,2.0,1.0,0.0,590000.0,1,1,1,0.0
Casablanca,oulfa,False,Appartement,74.0,3.0,2.0,0.0,700000.0,1,0,1,0.0
Casablanca,2_mars,False,Appartement,133.0,3.0,2.0,1.0,12000000.0,1,1,1,1.0
Casablanca,hay_hassani,False,Appartement,209.0,3.0,2.0,0.0,1100000.0,1,1,1,0.0
Casablanca,sidi_moumen,False,Appartement,96.0,3.0,2.0,0.0,660000.0,1,1,1,0.0
Casablanca,sidi_bernoussi,False,Appartement,98.0,3.0,2.0,1.0,1850000.0,1,1,1,1.0
Casablanca,sidi_maarouf,False,Appartement,64.0,2.0,1.0,2.0,2640000.0,1,1,1,2.0
Casablanca,ain_sebaa,False,Appartement,60.0,2.0,1.0,1.0,1500000.0,1,1,1,1.0
Casablanca,oulfa,False,Appartement,74.0,2.0,1.0,3.0,3340000.0,1,0,0,3.0
Casablanca,oulfa,False,Appartement,82.0,2.0,2.0,3.0,3920000.0,1,1,1,3.0
Casablanca,roches_noires,False,Appartement,51.0,1.0,1.0,1.0,1790000.0,1,1,1,1.0
Casablanca,maarif,False,Appartement,153.0,3.0,2.0,1.0,11850000.0,1,1,1,1.0
Casablanca,oulfa,False,Appartement,50.0,2.0,1.0,0.0,490000.0,1,1,1,0.0
Casablanca,salmia,False,Appartement,74.0,2.0,2.0,4.0,4400000.0,1,0,1,4.0
Casablanca,sidi_belyout,False,Appartement,56.0,1.0,1.0,3.0,3840000.0,1,1,1,3.0
Casablanca,ain_sebaa,False,Appartement,81.0,3.0,2.0,2.0,2960000.0,1,1,1,2.0
Casablanca,errahma,False,Appartement,53.0,2.0,1.0,4.0,4260000.0,1,1,1,4.0
Casablanca,ain_sebaa,False,Appartement,109.0,2.0,1.0,2.0,2900000.0,1,1,0,2.0
Casablanca,ain_sebaa,False,Appartement,109.0,3.0,1.0,2.0,2900000.0,1,1,1,2.0
Casablanca,aïn_chock,False,Appartement,74.0,3.0,1.0,4.0,4900000.0,1,0,1,4.0
Casablanca,lissasfa,False,Appartement,56.0,2.0,1.0,2.0,2360000.0,1,1,1,2.0
Casablanca,aïn_borja,False,Appartement,80.0,3.0,1.0,1.0,1800000.0,1,1,1,1.0
Casablanca,autre_secteur,True,Appartement,48.0,2.0,1.0,1.0,1420000.0,1,1,1,1.0
Casablanca,hay_mohammadi,False,Appartement,100.0,5.0,2.0,2.0,2800000.0,1,1,1,2.0
Casablanca,sidi_moumen,False,Appartement,106.0,2.0,1.0,1.0,1950000.0,1,1,1,1.0
Casablanca,2_mars,False,Appartement,74.0,3.0,2.0,3.0,2000000.0,1,0,1,3.0
Casablanca,errahma,False,Appartement,69.0,3.0,1.0,2.0,2470000.0,1,1,1,2.0
Casablanca,oulfa,False,Appartement,84.0,3.0,1.0,2.0,2830000.0,1,1,1,2.0
Casablanca,sidi_bernoussi,False,Appartement,69.0,2.0,1.0,1.0,1710000.0,1,1,1,1.0
Casablanca,anfa,False,Appartement,56.0,1.0,1.0,2.0,2800000.0,1,1,1,2.0
Casablanca,oulfa,False,Appartement,65.0,2.0,1.0,2.0,2400000.0,1,1,1,2.0
Casablanca,errahma,False,Appartement,74.0,2.0,1.0,3.0,3300000.0,1,0,1,3.0
Casablanca,errahma,False,Appartement,46.0,2.0,1.0,1.0,1255000.0,1,1,1,1.0
Casablanca,la_gironde,False,Appartement,88.0,3.0,1.0,5.0,5950000.0,1,1,1,5.0
Casablanca,val_fleuri,False,Appartement,335.0,2.0,2.0,unknown,3300000.0,0,1,1,unknown
Casablanca,anfa,False,Appartement,80.0,3.0,2.0,3.0,3950000.0,1,1,1,3.0
Casablanca,les_princesses,False,Appartement,86.0,1.0,1.0,0.0,1460000.0,1,1,1,0.0
Casablanca,californie,False,Appartement,75.0,2.0,2.0,0.0,1200000.0,1,1,1,0.0
Casablanca,californie,False,Appartement,45.0,1.0,1.0,0.0,855000.0,1,1,1,0.0
Casablanca,roches_noires,False,Appartement,100.0,3.0,2.0,5.0,511500.0,1,1,1,5.0
Casablanca,sbata,False,Appartement,50.0,2.0,1.0,0.0,400000.0,1,1,1,0.0
Casablanca,aïn_chock,False,Appartement,78.0,2.0,1.0,0.0,780000.0,1,1,1,0.0
Casablanca,autre_secteur,True,Appartement,73.0,2.0,2.0,0.0,680000.0,1,1,1,0.0
Casablanca,al_qods,False,Appartement,52.0,2.0,0.0,0.0,750000.0,1,1,1,0.0
Casablanca,errahma,False,Appartement,50.0,2.0,1.0,1.0,1250000.0,1,1,1,1.0
Casablanca,autre_secteur,True,Appartement,73.0,2.0,1.0,1.0,1600000.0,1,1,1,1.0
Casablanca,quartier_des_hôpitaux,False,Appartement,74.0,3.0,2.0,2.0,1990000.0,1,0,1,2.0
Casablanca,autre_secteur,True,Appartement,75.0,3.0,2.0,5.0,5500000.0,1,1,1,5.0
Casablanca,oulfa,False,Appartement,74.0,2.0,1.0,3.0,3000000.0,1,0,1,3.0
Casablanca,sidi_bernoussi,False,Appartement,74.0,2.0,1.0,3.0,3350000.0,1,0,1,3.0
Casablanca,oulfa,False,Appartement,52.0,2.0,0.0,4.0,4600000.0,1,1,1,4.0
Casablanca,oulfa,False,Appartement,64.0,3.0,1.0,1.0,1340000.0,1,1,0,1.0
Casablanca,ain_sebaa,False,Appartement,74.0,2.0,2.0,0.0,400000.0,1,0,1,0.0
Casablanca,californie,False,Appartement,144.0,2.0,2.0,0.0,1550000.0,1,1,1,0.0
Casablanca,oulfa,False,Appartement,50.0,2.0,1.0,1.0,1360000.0,1,1,1,1.0
Casablanca,oulfa,False,Appartement,60.0,2.0,1.0,1.0,1333000.0,1,1,1,1.0
Casablanca,palmier,False,Appartement,50.0,1.0,1.0,2.0,224000.0,1,1,1,2.0
Casablanca,sidi_moumen,False,Appartement,70.0,2.0,1.0,1.0,1610000.0,1,1,1,1.0
Casablanca,sidi_bernoussi,False,Appartement,83.0,3.0,1.0,2.0,2540000.0,1,1,1,2.0
Casablanca,palmier,False,Appartement,60.0,2.0,1.0,3.0,324000.0,1,1,1,3.0
Casablanca,hay_hassani,False,Appartement,69.0,2.0,1.0,1.0,1530000.0,1,1,1,1.0
Casablanca,oulfa,False,Appartement,146.0,2.0,2.0,0.0,1100000.0,1,1,1,0.0
Casablanca,les_princesses,False,Appartement,74.0,3.0,2.0,5.0,2900000.0,1,0,1,5.0
Casablanca,salmia,False,Appartement,64.0,2.0,1.0,4.0,4420000.0,1,1,1,4.0
Casablanca,salmia,False,Appartement,64.0,2.0,1.0,4.0,4430000.0,1,1,1,4.0
Casablanca,sbata,False,Appartement,74.0,2.0,1.0,0.0,400000.0,1,0,1,0.0
Casablanca,oulfa,False,Appartement,98.0,3.0,1.0,1.0,1880000.0,1,1,1,1.0
Casablanca,hay_moulay_rachid,False,Appartement,60.0,2.0,1.0,4.0,4350000.0,1,1,1,4.0
Casablanca,val_fleuri,False,Appartement,74.0,1.0,1.0,0.0,1500000.0,1,0,1,0.0
Casablanca,sidi_bernoussi,False,Appartement,52.0,2.0,1.0,4.0,4340000.0,1,1,1,4.0
Casablanca,ain_sebaa,False,Appartement,60.0,2.0,1.0,2.0,260000.0,1,1,1,2.0
Casablanca,oulfa,False,Appartement,48.0,1.0,1.0,0.0,400000.0,1,1,1,0.0
Casablanca,oulfa,False,Appartement,75.0,3.0,1.0,4.0,4480000.0,1,1,1,4.0
Casablanca,aïn_chock,False,Appartement,78.0,2.0,1.0,0.0,775000.0,1,1,1,0.0
Casablanca,sidi_moumen,False,Appartement,68.0,2.0,1.0,4.0,4530000.0,1,1,1,4.0
Casablanca,sidi_moumen,False,Appartement,82.0,3.0,2.0,3.0,3500000.0,1,1,1,3.0
Casablanca,sidi_moumen,False,Appartement,50.0,2.0,1.0,4.0,4380000.0,1,1,1,4.0
Casablanca,sbata,False,Appartement,70.0,3.0,1.0,3.0,3740000.0,1,1,1,3.0
Casablanca,al_qods,False,Appartement,58.0,2.0,1.0,0.0,870000.0,1,1,1,0.0
Casablanca,ain_sebaa,False,Appartement,89.0,2.0,2.0,4.0,4850000.0,1,1,1,4.0
Casablanca,roches_noires,False,Appartement,64.0,2.0,1.0,3.0,3700000.0,1,1,1,3.0
Casablanca,maarif,False,Appartement,179.0,3.0,2.0,1.0,12800000.0,1,1,1,1.0
Casablanca,oulfa,False,Appartement,75.0,2.0,1.0,2.0,2750000.0,1,1,1,2.0
Casablanca,oulfa,False,Appartement,62.0,2.0,1.0,1.0,1750000.0,1,1,1,1.0
Casablanca,californie,False,Appartement,101.0,2.0,1.0,4.0,4900000.0,1,1,1,4.0
Casablanca,oulfa,False,Appartement,49.0,2.0,1.0,3.0,3650000.0,1,1,1,3.0
Casablanca,oulfa,False,Appartement,50.0,2.0,1.0,1.0,1400000.0,1,1,1,1.0
Casablanca,ain_sebaa,False,Appartement,70.0,2.0,2.0,4.0,4560000.0,1,1,1,4.0
Casablanca,hay_hassani,False,Appartement,54.0,2.0,1.0,2.0,2470000.0,1,1,1,2.0
Casablanca,oulfa,False,Appartement,50.0,2.0,1.0,2.0,2360000.0,1,1,1,2.0
Casablanca,oulfa,False,Appartement,51.0,2.0,1.0,0.0,260000.0,1,1,1,0.0
Casablanca,oulfa,False,Appartement,56.0,2.0,1.0,2.0,2420000.0,1,1,1,2.0
Casablanca,sidi_belyout,False,Appartement,74.0,3.0,2.0,0.0,1480000.0,1,0,1,0.0
Casablanca,oulfa,False,Appartement,64.0,2.0,1.0,2.0,2600000.0,1,1,1,2.0
Casablanca,oulfa,False,Appartement,90.0,3.0,1.0,1.0,1980000.0,1,1,1,1.0
Casablanca,belvédère,False,Appartement,95.0,2.0,2.0,0.0,1080000.0,1,1,1,0.0
Casablanca,oulfa,False,Appartement,61.0,2.0,1.0,1.0,1600000.0,1,1,1,1.0
Casablanca,oulfa,False,Appartement,50.0,2.0,1.0,1.0,1390000.0,1,1,1,1.0
Casablanca,oulfa,False,Appartement,49.0,2.0,1.0,0.0,270000.0,1,1,1,0.0
Casablanca,beauséjour,False,Appartement,120.0,2.0,2.0,0.0,1350000.0,1,1,1,0.0
Casablanca,belvédère,False,Appartement,160.0,1.0,1.0,1.0,11485000.0,1,1,1,1.0
Casablanca,autre_secteur,True,Appartement,74.0,2.0,1.0,2.0,2290000.0,1,0,1,2.0
Casablanca,palmier,False,Appartement,219.0,3.0,2.0,1.0,12965000.0,1,1,1,1.0
Casablanca,errahma,False,Appartement,87.0,3.0,2.0,3.0,3800000.0,1,1,1,3.0
Casablanca,roches_noires,False,Appartement,157.0,2.0,0.0,0.0,1100000.0,1,1,1,0.0
Casablanca,sidi_moumen,False,Appartement,54.0,2.0,1.0,4.0,4340000.0,1,1,1,4.0
Casablanca,hay_sadri,False,Appartement,60.0,2.0,2.0,3.0,3510000.0,1,1,1,3.0
Casablanca,casablanca,False,Appartement,58.0,2.0,1.0,1.0,1250000.0,1,1,1,1.0
Casablanca,hay_mohammadi,False,Appartement,96.0,3.0,2.0,1.0,1800000.0,1,1,1,1.0
Casablanca,oulfa,False,Appartement,50.0,2.0,1.0,2.0,2340000.0,1,1,1,2.0
Casablanca,oulfa,False,Appartement,56.0,2.0,1.0,3.0,3340000.0,1,1,1,3.0
Casablanca,roches_noires,False,Appartement,74.0,2.0,1.0,0.0,1200000.0,1,0,1,0.0
Casablanca,oulfa,False,Appartement,60.0,2.0,1.0,2.0,2450000.0,1,1,1,2.0
Casablanca,sidi_moumen,False,Appartement,61.0,2.0,1.0,4.0,4320000.0,1,1,1,4.0
Casablanca,errahma,False,Appartement,58.0,3.0,1.0,0.0,350000.0,1,1,1,0.0
Casablanca,oulfa,False,Appartement,60.0,2.0,1.0,1.0,1390000.0,1,1,1,1.0
Casablanca,autre_secteur,True,Appartement,66.0,2.0,2.0,4.0,4600000.0,1,1,1,4.0
Casablanca,almaz,False,Appartement,74.0,2.0,0.0,3.0,3700000.0,1,0,1,3.0
Casablanca,bourgogne,False,Appartement,87.0,2.0,1.0,3.0,3840000.0,1,1,1,3.0
Casablanca,sidi_maarouf,False,Appartement,76.0,2.0,1.0,2.0,2800000.0,1,1,1,2.0
Casablanca,oulfa,False,Appartement,55.0,2.0,1.0,3.0,3430000.0,1,1,1,3.0
Casablanca,hay_mohammadi,False,Appartement,60.0,2.0,1.0,5.0,5440000.0,1,1,1,5.0
Casablanca,sidi_belyout,False,Appartement,74.0,3.0,1.0,0.0,4800000.0,1,0,0,0.0
Casablanca,roches_noires,False,Appartement,66.0,1.0,0.0,3.0,3680000.0,1,1,1,3.0
Casablanca,palmier,False,Appartement,219.0,2.0,2.0,1.0,12200000.0,1,1,1,1.0
Casablanca,casablanca,False,Appartement,51.0,2.0,1.0,2.0,2330000.0,1,1,1,2.0
Casablanca,sidi_bernoussi,False,Appartement,58.0,2.0,1.0,2.0,240000.0,1,1,1,2.0
Casablanca,belvédère,False,Appartement,70.0,3.0,1.0,2.0,2640000.0,1,1,1,2.0
Casablanca,sidi_bernoussi,False,Appartement,69.0,3.0,1.0,4.0,4360000.0,1,1,1,4.0
Casablanca,autre_secteur,True,Appartement,91.0,2.0,1.0,2.0,2960000.0,1,1,1,2.0
Casablanca,oulfa,False,Appartement,56.0,2.0,2.0,2.0,2400000.0,1,1,1,2.0
Casablanca,oulfa,False,Appartement,60.0,2.0,1.0,0.0,260000.0,1,1,1,0.0
Casablanca,casablanca_finance_city,False,Appartement,74.0,2.0,1.0,3.0,322000.0,1,0,0,3.0
Casablanca,bourgogne,False,Appartement,135.0,4.0,2.0,1.0,11936000.0,1,1,1,1.0
Casablanca,autre_secteur,True,Appartement,80.0,2.0,2.0,0.0,1650000.0,1,1,1,0.0
Casablanca,sidi_moumen,False,Appartement,84.0,2.0,1.0,1.0,1420000.0,1,1,1,1.0
Casablanca,sidi_moumen,False,Appartement,60.0,2.0,1.0,4.0,4310000.0,1,1,1,4.0
Casablanca,autre_secteur,True,Appartement,77.0,3.0,2.0,0.0,870000.0,1,1,1,0.0
Casablanca,oulfa,False,Appartement,58.0,2.0,1.0,3.0,3540000.0,1,1,1,3.0
Casablanca,lissasfa,False,Appartement,84.0,3.0,2.0,1.0,1800000.0,1,1,1,1.0
Casablanca,maarif,False,Appartement,74.0,2.0,2.0,1.0,1130000.0,1,0,1,1.0
Casablanca,maarif,False,Appartement,165.0,2.0,2.0,1.0,11661000.0,1,1,1,1.0
Casablanca,autre_secteur,True,Appartement,79.0,3.0,2.0,3.0,3745000.0,1,1,1,3.0
Casablanca,la_gironde,False,Appartement,91.0,2.0,2.0,5.0,5950000.0,1,1,1,5.0
Casablanca,sidi_belyout,False,Appartement,162.0,3.0,2.0,1.0,11741500.0,1,1,1,1.0
Casablanca,racine,False,Appartement,157.0,2.0,2.0,1.0,12770000.0,1,1,1,1.0
Casablanca,oulfa,False,Appartement,80.0,2.0,1.0,1.0,1850000.0,1,1,1,1.0
Casablanca,belvédère,False,Appartement,109.0,2.0,1.0,0.0,1090000.0,1,1,1,0.0
Casablanca,aïn_chock,False,Appartement,169.0,2.0,2.0,1.0,12800000.0,1,1,1,1.0
Casablanca,mers_sultan,False,Appartement,95.0,2.0,1.0,4.0,4800000.0,1,1,1,4.0
Casablanca,gauthier,False,Appartement,51.0,1.0,1.0,3.0,3750000.0,1,1,1,3.0
Casablanca,errahma,False,Appartement,93.0,2.0,2.0,2.0,2770000.0,1,1,1,2.0
Casablanca,roches_noires,False,Appartement,76.0,2.0,2.0,3.0,3770000.0,1,1,1,3.0
Casablanca,oulfa,False,Appartement,54.0,2.0,1.0,3.0,345000.0,1,1,1,3.0
Casablanca,salmia,False,Appartement,109.0,2.0,2.0,4.0,4600000.0,1,1,1,4.0
Casablanca,sidi_othmane,False,Appartement,74.0,3.0,2.0,2.0,1540000.0,1,0,1,2.0
Casablanca,anfa,False,Appartement,100.0,2.0,2.0,3.0,320000.0,1,1,1,3.0
Casablanca,florida,False,Appartement,70.0,2.0,2.0,3.0,3790000.0,1,1,1,3.0
Casablanca,salmia,False,Appartement,78.0,2.0,1.0,3.0,3460000.0,1,1,1,3.0
Casablanca,ain_sebaa,False,Appartement,58.0,2.0,1.0,1.0,1400000.0,1,1,1,1.0
Casablanca,maarif,False,Appartement,157.0,2.0,2.0,0.0,1650000.0,1,1,1,0.0
Casablanca,oulfa,False,Appartement,50.0,2.0,1.0,4.0,4270000.0,1,1,1,4.0
Casablanca,sidi_bernoussi,False,Appartement,67.0,2.0,1.0,3.0,3460000.0,1,1,1,3.0
Casablanca,oulfa,False,Appartement,88.0,2.0,1.0,1.0,1880000.0,1,1,1,1.0
Casablanca,oulfa,False,Appartement,98.0,3.0,2.0,0.0,1100000.0,1,1,1,0.0
Casablanca,californie,False,Appartement,192.0,3.0,2.0,1.0,12880000.0,1,1,1,1.0
Casablanca,al_qods,False,Appartement,46.0,1.0,1.0,1.0,1320000.0,1,1,1,1.0
Casablanca,ain_sebaa,False,Appartement,87.0,2.0,2.0,4.0,4895000.0,1,1,1,4.0
Casablanca,sidi_bernoussi,False,Appartement,84.0,2.0,1.0,2.0,2540000.0,1,1,1,2.0
Casablanca,racine,False,Appartement,318.0,5.0,4.0,2.0,23990000.0,1,1,1,2.0
Casablanca,hay_hassani,False,Appartement,72.0,2.0,1.0,1.0,1760000.0,1,1,1,1.0
Casablanca,californie,False,Appartement,74.0,2.0,2.0,2.0,1400000.0,1,0,1,2.0
Casablanca,oulfa,False,Appartement,99.0,2.0,1.0,2.0,2900000.0,1,1,1,2.0
Casablanca,ben_ejdia,False,Appartement,74.0,2.0,2.0,1.0,1900000.0,1,0,1,1.0
Casablanca,errahma,False,Appartement,84.0,3.0,1.0,4.0,4520000.0,1,1,1,4.0
Casablanca,c.i.l,False,Appartement,140.0,4.0,2.0,0.0,1400000.0,1,1,1,0.0
Casablanca,maarif,False,Appartement,102.0,2.0,2.0,1.0,1115000.0,1,1,1,1.0
Casablanca,aïn_chock,False,Appartement,150.0,5.0,2.0,1.0,11400000.0,1,1,1,1.0
Casablanca,ain_sebaa,False,Appartement,80.0,2.0,2.0,5.0,5900000.0,1,1,1,5.0
Casablanca,sidi_bernoussi,False,Appartement,65.0,2.0,2.0,1.0,1700000.0,1,1,1,1.0
Casablanca,errahma,False,Appartement,56.0,2.0,1.0,2.0,2500000.0,1,1,1,2.0
Casablanca,sidi_bernoussi,False,Appartement,81.0,3.0,1.0,4.0,4820000.0,1,1,1,4.0
Casablanca,sidi_maarouf,False,Appartement,57.0,2.0,1.0,2.0,2560000.0,1,1,1,2.0
Casablanca,ain_sebaa,False,Appartement,74.0,2.0,1.0,3.0,3420000.0,1,1,1,3.0
Casablanca,casablanca,False,Appartement,91.0,3.0,1.0,2.0,2820000.0,1,1,1,2.0
Casablanca,oulfa,False,Appartement,52.0,1.0,1.0,1.0,1440000.0,1,1,1,1.0
Casablanca,oulfa,False,Appartement,49.0,2.0,1.0,1.0,1360000.0,1,1,1,1.0
Casablanca,sidi_maarouf,False,Appartement,55.0,2.0,1.0,3.0,3350000.0,1,1,1,3.0
Casablanca,oulfa,False,Appartement,136.0,3.0,2.0,1.0,11700000.0,1,1,1,1.0
Casablanca,al_fida,False,Appartement,64.0,2.0,2.0,4.0,4850000.0,1,1,1,4.0
Casablanca,sidi_maarouf,False,Appartement,74.0,2.0,1.0,3.0,3520000.0,1,0,1,3.0
Casablanca,oulfa,False,Appartement,74.0,2.0,1.0,2.0,2360000.0,1,0,1,2.0
Casablanca,sidi_maarouf,False,Appartement,135.0,3.0,2.0,0.0,1390000.0,1,1,1,0.0
Casablanca,oasis,False,Appartement,150.0,3.0,2.0,0.0,3250000.0,1,1,1,0.0
Casablanca,sidi_bernoussi,False,Appartement,56.0,2.0,1.0,2.0,2400000.0,1,1,1,2.0
Casablanca,oulfa,False,Appartement,98.0,3.0,2.0,1.0,1700000.0,1,1,1,1.0
Casablanca,anfa,False,Appartement,56.0,1.0,1.0,0.0,800000.0,1,1,1,0.0
Casablanca,centre_ville,True,Appartement,74.0,1.0,1.0,3.0,3280000.0,1,0,1,3.0
Casablanca,racine,False,Appartement,280.0,4.0,2.0,2.0,24400000.0,1,1,1,2.0
Casablanca,autre_secteur,True,Appartement,134.0,2.0,2.0,1.0,11850000.0,1,1,1,1.0
Casablanca,autre_secteur,True,Appartement,180.0,3.0,2.0,1.0,12000000.0,1,1,1,1.0
Casablanca,bachkou,False,Appartement,199.0,3.0,2.0,unknown,2350000.0,0,1,1,unknown
Casablanca,racine,False,Appartement,208.0,3.0,2.0,1.0,13200000.0,1,1,1,1.0
Casablanca,riviera,False,Appartement,143.0,3.0,2.0,1.0,12500000.0,1,1,1,1.0
Casablanca,autre_secteur,True,Appartement,118.0,2.0,1.0,unknown,1380000.0,0,1,1,unknown
Casablanca,sidi_maarouf,False,Appartement,99.0,3.0,2.0,1.0,1902500.0,1,1,1,1.0
Casablanca,les_princesses,False,Appartement,74.0,3.0,1.0,3.0,1100000.0,1,0,1,3.0
Casablanca,nassim,False,Appartement,54.0,2.0,1.0,2.0,236000.0,1,1,1,2.0
Casablanca,sidi_moumen,False,Appartement,74.0,2.0,2.0,4.0,4500000.0,1,0,1,4.0
Casablanca,hay_hassani,False,Appartement,54.0,2.0,1.0,4.0,4400000.0,1,1,1,4.0
Casablanca,anfa,False,Appartement,250.0,3.0,3.0,2.0,22600000.0,1,1,1,2.0
Casablanca,oulfa,False,Appartement,45.0,1.0,1.0,3.0,3720000.0,1,1,1,3.0
Casablanca,autre_secteur,True,Appartement,204.0,2.0,2.0,3.0,3960000.0,1,1,1,3.0
Casablanca,2_mars,False,Appartement,94.0,2.0,2.0,0.0,1500000.0,1,1,1,0.0
Casablanca,oulfa,False,Appartement,53.0,2.0,1.0,4.0,4600000.0,1,1,1,4.0
Casablanca,sidi_maarouf,False,Appartement,98.0,3.0,2.0,1.0,1740000.0,1,1,1,1.0
Casablanca,oulfa,False,Appartement,50.0,2.0,1.0,4.0,4260000.0,1,1,1,4.0
Casablanca,errahma,False,Appartement,83.0,2.0,1.0,4.0,4720000.0,1,1,1,4.0
Casablanca,quartier_des_hôpitaux,False,Appartement,127.0,2.0,2.0,1.0,11800000.0,1,1,1,1.0
Casablanca,aïn_chock,False,Appartement,62.0,2.0,1.0,1.0,1660000.0,1,1,1,1.0
Casablanca,oulfa,False,Appartement,76.0,2.0,1.0,unknown,830000.0,0,1,1,unknown
Casablanca,autre_secteur,True,Appartement,78.0,2.0,2.0,3.0,3700000.0,1,1,1,3.0
Casablanca,quartier_des_hôpitaux,False,Appartement,54.0,1.0,1.0,0.0,750000.0,1,1,1,0.0
Casablanca,sidi_maarouf,False,Appartement,106.0,3.0,2.0,0.0,1264500.0,1,1,1,0.0
Casablanca,aïn_borja,False,Appartement,85.0,3.0,2.0,5.0,589000.0,1,1,1,5.0
Casablanca,lissasfa,False,Appartement,56.0,2.0,1.0,4.0,4300000.0,1,1,1,4.0
Casablanca,hay_hassani,False,Appartement,60.0,2.0,1.0,0.0,500000.0,1,1,1,0.0
Casablanca,errahma,False,Appartement,70.0,1.0,1.0,2.0,2265000.0,1,1,1,2.0
Casablanca,oulfa,False,Appartement,56.0,2.0,1.0,0.0,450000.0,1,1,1,0.0
Casablanca,ain_sebaa,False,Appartement,74.0,2.0,2.0,2.0,2955500.0,1,0,1,2.0
Casablanca,ain_sebaa,False,Appartement,72.0,2.0,1.0,2.0,2850000.0,1,1,0,2.0
Casablanca,autre_secteur,True,Appartement,57.0,2.0,1.0,4.0,4260000.0,1,1,1,4.0
Casablanca,alsace_lorraine,False,Appartement,179.0,3.0,2.0,1.0,11500000.0,1,1,1,1.0
Casablanca,ferme_bretone,False,Appartement,74.0,3.0,2.0,2.0,1900000.0,1,0,1,2.0
Casablanca,belvédère,False,Appartement,150.0,3.0,2.0,1.0,11500000.0,1,1,1,1.0
Casablanca,hay_el_farah,False,Appartement,86.0,3.0,2.0,2.0,2780000.0,1,1,1,2.0
Casablanca,route_d_azemmour,False,Appartement,62.0,2.0,1.0,1.0,1450000.0,1,1,1,1.0
Casablanca,sidi_othmane,False,Appartement,55.0,2.0,1.0,1.0,1360000.0,1,1,1,1.0
Casablanca,oulfa,False,Appartement,70.0,2.0,1.0,2.0,2400000.0,1,1,1,2.0
Casablanca,oulfa,False,Appartement,52.0,2.0,1.0,4.0,4350000.0,1,1,1,4.0
Casablanca,hay_sadri,False,Appartement,73.0,2.0,0.0,3.0,3650000.0,1,1,1,3.0
Casablanca,ain_sebaa,False,Appartement,60.0,2.0,2.0,0.0,380000.0,1,1,1,0.0
Casablanca,ain_sebaa,False,Appartement,101.0,2.0,1.0,0.0,990000.0,1,1,1,0.0
Casablanca,errahma,False,Appartement,73.0,3.0,1.0,3.0,3520000.0,1,1,1,3.0
Casablanca,al_fida,False,Appartement,79.0,2.0,1.0,3.0,3720000.0,1,1,1,3.0
Casablanca,al_mostakbal,False,Appartement,118.0,3.0,1.0,1.0,11080000.0,1,1,1,1.0
Casablanca,aïn_borja,False,Appartement,78.0,3.0,1.0,6.0,6700000.0,1,1,1,6.0
Casablanca,roches_noires,False,Appartement,94.0,2.0,2.0,1.0,1950000.0,1,1,1,1.0
Casablanca,sidi_maarouf,False,Appartement,74.0,2.0,1.0,3.0,3581400.0,1,0,1,3.0
Casablanca,oasis,False,Appartement,74.0,3.0,2.0,2.0,2450000.0,1,0,1,2.0
Casablanca,ferme_bretone,False,Appartement,74.0,3.0,2.0,2.0,2700000.0,1,0,1,2.0
Casablanca,2_mars,False,Appartement,129.0,2.0,2.0,1.0,11500000.0,1,1,1,1.0
Casablanca,2_mars,False,Appartement,192.0,3.0,2.0,1.0,12600000.0,1,1,1,1.0
Casablanca,roches_noires,False,Appartement,76.0,2.0,1.0,4.0,4720000.0,1,1,1,4.0
Casablanca,marina,False,Appartement,74.0,1.0,1.0,4.0,2500000.0,1,0,1,4.0
Casablanca,ain_sebaa,False,Appartement,68.0,2.0,1.0,3.0,3580000.0,1,1,1,3.0
Casablanca,les_princesses,False,Appartement,74.0,2.0,2.0,3.0,2325000.0,1,0,1,3.0
Casablanca,sidi_bernoussi,False,Appartement,76.0,2.0,1.0,2.0,2700000.0,1,1,1,2.0
Casablanca,aïn_chock,False,Appartement,101.0,1.0,2.0,3.0,3130000.0,1,1,1,3.0
Casablanca,aïn_borja,False,Appartement,79.0,3.0,1.0,4.0,4730000.0,1,1,1,4.0
Casablanca,sidi_moumen,False,Appartement,74.0,3.0,1.0,2.0,2700000.0,1,0,1,2.0
Casablanca,beauséjour,False,Appartement,113.0,3.0,2.0,3.0,3900000.0,1,1,1,3.0
Casablanca,ain_sebaa,False,Appartement,74.0,2.0,0.0,2.0,2800000.0,1,1,1,2.0
Casablanca,errahma,False,Appartement,76.0,2.0,2.0,1.0,1860000.0,1,1,1,1.0
Casablanca,sidi_othmane,False,Appartement,56.0,2.0,1.0,0.0,420000.0,1,1,1,0.0
Casablanca,hay_hassani,False,Appartement,56.0,2.0,1.0,2.0,2480000.0,1,1,1,2.0
Casablanca,maarif,False,Appartement,90.0,3.0,1.0,3.0,3900000.0,1,1,1,3.0
Casablanca,sidi_maarouf,False,Appartement,66.0,2.0,1.0,1.0,1630000.0,1,1,1,1.0
Casablanca,ain_sebaa,False,Appartement,56.0,2.0,2.0,4.0,4380000.0,1,1,1,4.0
Casablanca,oulfa,False,Appartement,60.0,2.0,1.0,4.0,4720000.0,1,1,1,4.0
Casablanca,sidi_maarouf,False,Appartement,60.0,2.0,1.0,1.0,1600000.0,1,1,1,1.0
Casablanca,maarif,False,Appartement,42.0,1.0,1.0,1.0,1950000.0,1,1,1,1.0
Casablanca,roches_noires,False,Appartement,85.0,2.0,2.0,0.0,1250000.0,1,1,1,0.0
Casablanca,sidi_maarouf,False,Appartement,60.0,2.0,1.0,1.0,1620000.0,1,1,1,1.0
Casablanca,la_gironde,False,Appartement,144.0,3.0,2.0,1.0,11600000.0,1,1,1,1.0
Casablanca,oulfa,False,Appartement,64.0,2.0,1.0,1.0,1620000.0,1,1,1,1.0
Casablanca,lissasfa,False,Appartement,52.0,2.0,1.0,0.0,350000.0,1,1,1,0.0
Casablanca,bachkou,False,Appartement,72.0,3.0,1.0,4.0,4780000.0,1,1,1,4.0
Casablanca,californie,False,Appartement,125.0,3.0,2.0,0.0,1780000.0,1,1,1,0.0
Casablanca,sidi_maarouf,False,Appartement,74.0,2.0,1.0,3.0,3740000.0,1,0,1,3.0
Casablanca,sidi_bernoussi,False,Appartement,74.0,2.0,1.0,2.0,2460000.0,1,0,0,2.0
Casablanca,ain_sebaa,False,Appartement,61.0,2.0,1.0,3.0,3630000.0,1,1,1,3.0
Casablanca,sbata,False,Appartement,60.0,2.0,1.0,3.0,3620000.0,1,1,1,3.0
Casablanca,californie,False,Appartement,85.0,2.0,2.0,0.0,1200000.0,1,1,1,0.0
Casablanca,sidi_moumen,False,Appartement,73.0,2.0,2.0,1.0,1743000.0,1,1,1,1.0
Casablanca,hay_mohammadi,False,Appartement,58.0,2.0,1.0,4.0,4360000.0,1,1,1,4.0
Casablanca,oulfa,False,Appartement,74.0,3.0,2.0,1.0,1240000.0,1,0,1,1.0
Casablanca,les_princesses,False,Appartement,150.0,3.0,2.0,1.0,11880000.0,1,1,1,1.0
Casablanca,autre_secteur,True,Appartement,95.0,2.0,1.0,2.0,2720000.0,1,1,1,2.0
Casablanca,bourgogne,False,Appartement,74.0,1.0,1.0,1.0,1360000.0,1,0,1,1.0
Casablanca,sidi_othmane,False,Appartement,93.0,2.0,2.0,2.0,2800000.0,1,1,1,2.0
Casablanca,aïn_diab,False,Appartement,74.0,3.0,1.0,2.0,3800000.0,1,0,0,2.0
Casablanca,oulfa,False,Appartement,56.0,2.0,1.0,1.0,1340000.0,1,1,1,1.0
Casablanca,hay_mohammadi,False,Appartement,86.0,3.0,1.0,2.0,2580000.0,1,1,1,2.0
Casablanca,hay_moulay_rachid_4,False,Appartement,60.0,2.0,1.0,4.0,4360000.0,1,1,1,4.0
Casablanca,californie,False,Appartement,74.0,3.0,3.0,2.0,2550000.0,1,0,1,2.0
Casablanca,les_princesses,False,Appartement,74.0,2.0,1.0,2.0,1420000.0,1,0,1,2.0
Casablanca,les_princesses,False,Appartement,74.0,2.0,1.0,1.0,1550000.0,1,0,1,1.0
Casablanca,palmier,False,Appartement,74.0,1.0,1.0,1.0,1200000.0,1,0,1,1.0
Casablanca,palmier,False,Appartement,74.0,1.0,1.0,1.0,1120000.0,1,0,1,1.0
Casablanca,palmier,False,Appartement,74.0,1.0,1.0,1.0,1150000.0,1,0,1,1.0
Casablanca,ben_m_sick,False,Appartement,74.0,2.0,1.0,3.0,3170000.0,1,0,0,3.0
Casablanca,oulfa,False,Appartement,60.0,2.0,1.0,3.0,3350000.0,1,1,1,3.0
Casablanca,hay_albaraka,False,Appartement,69.0,2.0,1.0,3.0,3520000.0,1,1,1,3.0
Casablanca,ain_sebaa,False,Appartement,72.0,2.0,1.0,unknown,900000.0,0,1,1,unknown
Casablanca,ain_sebaa,False,Appartement,220.0,4.0,2.0,1.0,12400000.0,1,1,1,1.0
Casablanca,maarif,False,Appartement,138.0,4.0,2.0,4.0,411900.0,1,1,1,4.0
Casablanca,hay_hassani,False,Appartement,58.0,2.0,2.0,5.0,5276000.0,1,1,1,5.0
Casablanca,aïn_chock,False,Appartement,93.0,3.0,1.0,3.0,3790000.0,1,1,1,3.0
Casablanca,ain_sebaa,False,Appartement,56.0,2.0,1.0,0.0,400000.0,1,1,1,0.0
Casablanca,salmia,False,Appartement,74.0,2.0,1.0,4.0,485000.0,1,0,1,4.0
Casablanca,belvédère,False,Appartement,80.0,2.0,2.0,4.0,4800000.0,1,1,1,4.0
Casablanca,belvédère,False,Appartement,74.0,3.0,2.0,2.0,1530000.0,1,0,1,2.0
Casablanca,autre_secteur,True,Appartement,100.0,2.0,0.0,4.0,4280000.0,1,1,1,4.0
Casablanca,sidi_moumen,False,Appartement,72.0,2.0,2.0,1.0,1690000.0,1,1,1,1.0
Casablanca,oulfa,False,Appartement,64.0,2.0,1.0,unknown,600000.0,0,1,1,unknown
Casablanca,maârif_extension,False,Appartement,44.0,1.0,1.0,4.0,1000000.0,1,1,1,4.0
Casablanca,aïn_chock,False,Appartement,110.0,2.0,1.0,unknown,1250000.0,0,1,1,unknown
Casablanca,oulfa,False,Appartement,81.0,3.0,2.0,0.0,820000.0,1,1,1,0.0
Casablanca,autre_secteur,True,Appartement,74.0,3.0,2.0,5.0,5530000.0,1,1,1,5.0
Casablanca,autre_secteur,True,Appartement,48.0,2.0,1.0,1.0,1360000.0,1,1,1,1.0
Casablanca,sidi_bernoussi,False,Appartement,71.0,2.0,1.0,2.0,2590000.0,1,1,1,2.0
Casablanca,oulfa,False,Appartement,84.0,2.0,2.0,5.0,5924000.0,1,1,1,5.0
Casablanca,errahma,False,Appartement,53.0,2.0,1.0,3.0,3300000.0,1,1,1,3.0
Casablanca,ain_sebaa,False,Appartement,70.0,2.0,1.0,0.0,800000.0,1,1,1,0.0
Casablanca,aïn_chock,False,Appartement,74.0,2.0,2.0,2.0,2600000.0,1,0,1,2.0
Casablanca,sidi_bernoussi,False,Appartement,96.0,3.0,1.0,1.0,1900000.0,1,1,1,1.0
Casablanca,oulfa,False,Appartement,55.0,2.0,1.0,4.0,4500000.0,1,1,1,4.0
Casablanca,oulfa,False,Appartement,60.0,2.0,1.0,2.0,2650000.0,1,1,1,2.0
Casablanca,aïn_diab,False,Appartement,107.0,3.0,2.0,0.0,2500000.0,1,1,1,0.0
Casablanca,la_gare,False,Appartement,74.0,1.0,1.0,2.0,2858000.0,1,0,1,2.0
Casablanca,abdelmoumen,False,Appartement,165.0,2.0,2.0,1.0,12400000.0,1,1,1,1.0
Casablanca,route_d_el_jadida,False,Appartement,48.0,1.0,0.0,0.0,900000.0,1,1,1,0.0
Casablanca,hay_alfalah,False,Appartement,56.0,2.0,1.0,2.0,2360000.0,1,1,1,2.0
Casablanca,sidi_moumen,False,Appartement,63.0,2.0,1.0,0.0,490000.0,1,1,1,0.0
Casablanca,al_madina_aljadida,False,Appartement,105.0,2.0,2.0,4.0,4570000.0,1,1,1,4.0
Casablanca,sidi_moumen,False,Appartement,52.0,2.0,0.0,0.0,370000.0,1,1,1,0.0
Casablanca,autre_secteur,True,Appartement,51.0,2.0,1.0,4.0,4360000.0,1,1,1,4.0
Casablanca,errahma,False,Appartement,70.0,3.0,2.0,1.0,1700000.0,1,1,1,1.0
Casablanca,roches_noires,False,Appartement,79.0,2.0,1.0,2.0,2730000.0,1,1,1,2.0
Casablanca,bournazil,False,Appartement,60.0,2.0,1.0,2.0,2580000.0,1,1,1,2.0
Casablanca,bournazil,False,Appartement,60.0,2.0,1.0,2.0,2550000.0,1,1,1,2.0
Casablanca,oulfa,False,Appartement,58.0,2.0,1.0,3.0,3370000.0,1,1,1,3.0
Casablanca,oulfa,False,Appartement,42.0,1.0,1.0,1.0,1750000.0,1,1,1,1.0
Casablanca,racine,False,Appartement,318.0,4.0,3.0,2.0,24000000.0,1,1,1,2.0
Casablanca,bourgogne,False,Appartement,74.0,1.0,1.0,1.0,11100000.0,1,0,1,1.0
Casablanca,errahma,False,Appartement,80.0,3.0,2.0,2.0,2600000.0,1,1,1,2.0
Casablanca,hay_mohammadi,False,Appartement,74.0,2.0,1.0,4.0,4560000.0,1,0,1,4.0
Casablanca,ain_sebaa,False,Appartement,74.0,2.0,1.0,2.0,2450000.0,1,0,1,2.0
Casablanca,sidi_bernoussi,False,Appartement,57.0,1.0,1.0,3.0,3420000.0,1,1,1,3.0
Casablanca,belvédère,False,Appartement,118.0,3.0,2.0,2.0,2800000.0,1,1,1,2.0
Casablanca,aïn_chock,False,Appartement,74.0,2.0,2.0,3.0,3550000.0,1,0,1,3.0
Casablanca,beauséjour,False,Appartement,120.0,2.0,2.0,1.0,11300000.0,1,1,1,1.0
Casablanca,hay_hassani,False,Appartement,55.0,2.0,1.0,2.0,2470000.0,1,1,1,2.0
Casablanca,oulfa,False,Appartement,51.0,2.0,1.0,1.0,1420000.0,1,1,1,1.0
Casablanca,autre_secteur,True,Appartement,52.0,2.0,1.0,3.0,3200000.0,1,1,1,3.0
Casablanca,maarif,False,Appartement,68.0,2.0,1.0,0.0,940000.0,1,1,1,0.0
Casablanca,casablanca,False,Appartement,65.0,2.0,1.0,3.0,3530000.0,1,1,1,3.0
Casablanca,californie,False,Appartement,74.0,2.0,2.0,2.0,1160000.0,1,0,1,2.0
Casablanca,bachkou,False,Appartement,52.0,1.0,1.0,4.0,4550000.0,1,1,1,4.0
Casablanca,tantonville,False,Appartement,209.0,3.0,2.0,1.0,12650000.0,1,1,1,1.0
Casablanca,sidi_maarouf,False,Appartement,70.0,2.0,1.0,3.0,3560000.0,1,1,1,3.0
Casablanca,beauséjour,False,Appartement,150.0,3.0,2.0,1.0,11700000.0,1,1,1,1.0
Casablanca,ain_sebaa,False,Appartement,54.0,2.0,1.0,4.0,4340000.0,1,1,1,4.0
Rabat,hay_riad,False,Appartement,233.0,4.0,4.0,1.0,18000000.0,1,1,1,1.0
Rabat,riyad,False,Appartement,140.0,3.0,2.0,unknown,3600000.0,0,1,1,unknown
Rabat,massira,False,Appartement,132.0,2.0,2.0,1.0,1850000.0,1,0,1,1.0
Rabat,souissi,False,Appartement,135.0,3.0,3.0,0.0,2400000.0,1,1,1,0.0
Rabat,hassan,False,Appartement,369.0,4.0,2.0,1.0,13700000.0,1,1,1,1.0
Rabat,hay_riad,False,Appartement,132.0,4.0,3.0,4.0,3850000.0,1,0,1,4.0
Rabat,hay_riad,False,Appartement,144.0,3.0,2.0,0.0,3250000.0,1,1,1,0.0
Rabat,massira,False,Appartement,132.0,2.0,3.0,0.0,1200000.0,1,0,1,0.0
Rabat,agdal,False,Appartement,155.0,4.0,3.0,0.0,3600000.0,1,1,1,0.0
Rabat,agdal,False,Appartement,274.0,4.0,3.0,1.0,13900000.0,1,1,1,1.0
Rabat,agdal,False,Appartement,174.0,3.0,2.0,0.0,4110000.0,1,1,1,0.0
Rabat,hassan,False,Appartement,132.0,2.0,2.0,4.0,2200000.0,1,0,1,4.0
Rabat,hay_riad,False,Appartement,180.0,3.0,3.0,1.0,14500000.0,1,1,1,1.0
Rabat,agdal,False,Appartement,150.0,3.0,2.0,1.0,13400000.0,1,1,1,1.0
Rabat,hay_riad,False,Appartement,106.0,2.0,2.0,0.0,2500000.0,1,1,1,0.0
Rabat,guich_oudaya,False,Appartement,135.0,3.0,3.0,1.0,12200000.0,1,1,1,1.0
Rabat,guich_oudaya,False,Appartement,62.0,2.0,1.0,0.0,1100000.0,1,1,1,0.0
Rabat,guich_oudaya,False,Appartement,52.0,2.0,1.0,0.0,920000.0,1,1,1,0.0
Rabat,quartier_de_l_océan,False,Appartement,58.0,2.0,1.0,0.0,1000000.0,1,1,1,0.0
Rabat,quartier_de_l_océan,False,Appartement,151.0,2.0,2.0,0.0,1900000.0,1,1,1,0.0
Rabat,agdal,False,Appartement,163.0,2.0,2.0,0.0,2400000.0,1,1,1,0.0
Rabat,hay_nahda,False,Appartement,90.0,2.0,2.0,1.0,1850000.0,1,1,1,1.0
Rabat,hay_el_fath,False,Appartement,140.0,3.0,3.0,0.0,4300000.0,1,1,1,0.0
Rabat,hay_riad,False,Appartement,132.0,3.0,1.0,2.0,3800000.0,1,0,0,2.0
Rabat,agdal,False,Appartement,132.0,2.0,2.0,4.0,3650000.0,1,0,1,4.0
Rabat,hay_riad,False,Appartement,170.0,2.0,2.0,0.0,3800000.0,1,1,1,0.0
Rabat,hassan,False,Appartement,30.0,1.0,1.0,0.0,640000.0,1,1,1,0.0
Rabat,hay_nahda,False,Appartement,86.0,2.0,1.0,4.0,4650000.0,1,1,1,4.0
Rabat,hay_el_fath,False,Appartement,60.0,2.0,1.0,2.0,2880000.0,1,1,1,2.0
Rabat,yacoub_el_mansour,False,Appartement,132.0,4.0,2.0,2.0,1160000.0,1,0,1,2.0
Rabat,agdal,False,Appartement,120.0,3.0,2.0,0.0,2900000.0,1,1,1,0.0
Rabat,agdal,False,Appartement,274.0,3.0,3.0,2.0,23900000.0,1,1,1,2.0
Rabat,mabella,False,Appartement,132.0,2.0,1.0,4.0,4850000.0,1,0,1,4.0
Rabat,quartier_de_l_océan,False,Appartement,88.0,3.0,2.0,4.0,4800000.0,1,1,1,4.0
Rabat,autre_secteur,True,Appartement,62.0,2.0,2.0,0.0,600000.0,1,1,1,0.0
Rabat,autre_secteur,True,Appartement,132.0,2.0,1.0,0.0,2100000.0,1,0,1,0.0
Rabat,yacoub_el_mansour,False,Appartement,132.0,2.0,3.0,1.0,14600000.0,1,0,1,1.0
Rabat,kébibat,False,Appartement,180.0,3.0,2.0,1.0,12300000.0,1,1,1,1.0
Rabat,hassan,False,Appartement,132.0,2.0,1.0,5.0,2100000.0,1,0,1,5.0
Rabat,yacoub_el_mansour,False,Appartement,132.0,3.0,2.0,1.0,11450000.0,1,0,1,1.0
Rabat,quartier_de_l_océan,False,Appartement,132.0,3.0,2.0,0.0,2000000.0,1,0,1,0.0
Rabat,hay_el_fath,False,Appartement,94.0,2.0,1.0,3.0,3867000.0,1,1,1,3.0
Rabat,hay_riad,False,Appartement,132.0,3.0,2.0,2.0,214000.0,1,0,1,2.0
Rabat,hay_riad,False,Appartement,132.0,3.0,2.0,0.0,4500000.0,1,0,1,0.0
Rabat,agdal,False,Appartement,147.0,3.0,2.0,1.0,13400000.0,1,1,1,1.0
Rabat,hay_riad,False,Appartement,156.0,3.0,3.0,1.0,14100000.0,1,1,1,1.0
Rabat,autre_secteur,True,Appartement,118.0,2.0,1.0,0.0,1000000.0,1,1,1,0.0
Rabat,quartier_de_l_océan,False,Appartement,154.0,2.0,2.0,0.0,1950000.0,1,1,1,0.0
Rabat,guich_oudaya,False,Appartement,132.0,1.0,2.0,0.0,950000.0,1,0,1,0.0
Rabat,souissi,False,Appartement,128.0,3.0,2.0,0.0,3330000.0,1,1,1,0.0
Rabat,agdal,False,Appartement,132.0,2.0,0.0,0.0,2000000.0,1,0,1,0.0
Rabat,hay_nahda,False,Appartement,95.0,2.0,1.0,3.0,3750000.0,1,1,1,3.0
Rabat,yacoub_el_mansour,False,Appartement,132.0,4.0,1.0,3.0,1700000.0,1,0,0,3.0
Rabat,diour_jamaa,False,Appartement,180.0,3.0,2.0,1.0,12200000.0,1,1,1,1.0
Rabat,yacoub_el_mansour,False,Appartement,132.0,3.0,4.0,1.0,12150000.0,1,0,1,1.0
Rabat,souissi,False,Appartement,125.0,2.0,2.0,3.0,313000.0,1,1,1,3.0
Rabat,agdal,False,Appartement,149.0,3.0,3.0,1.0,13500000.0,1,1,1,1.0
Rabat,kébibat,False,Appartement,56.0,1.0,2.0,4.0,4990000.0,1,1,1,4.0
Rabat,abi_ragrag,False,Appartement,147.0,2.0,2.0,1.0,13600000.0,1,1,1,1.0
Rabat,hay_nahda,False,Appartement,80.0,2.0,1.0,3.0,3800000.0,1,1,1,3.0
Rabat,hay_arrachad,False,Appartement,60.0,2.0,1.0,1.0,1190000.0,1,1,1,1.0
Rabat,hay_nahda,False,Appartement,108.0,2.0,1.0,unknown,1200000.0,0,1,1,unknown
Rabat,hassan,False,Appartement,132.0,2.0,2.0,4.0,1900000.0,1,0,1,4.0
Rabat,autre_secteur,True,Appartement,157.0,3.0,1.0,0.0,2600000.0,1,1,1,0.0
Rabat,agdal,False,Appartement,152.0,2.0,2.0,1.0,12500000.0,1,1,1,1.0
Rabat,hay_el_fath,False,Appartement,128.0,3.0,3.0,4.0,415500.0,1,1,1,4.0
Rabat,agdal,False,Appartement,132.0,4.0,1.0,0.0,4400000.0,1,0,0,0.0
Rabat,hay_riad,False,Appartement,202.0,3.0,1.0,0.0,4560000.0,1,1,1,0.0
Rabat,agdal,False,Appartement,332.0,5.0,2.0,0.0,5200000.0,1,1,1,0.0
Rabat,yacoub_el_mansour,False,Appartement,50.0,4.0,2.0,3.0,3560000.0,1,1,1,3.0
Rabat,agdal,False,Appartement,159.0,2.0,2.0,0.0,2500000.0,1,1,1,0.0
Rabat,yacoub_el_mansour,False,Appartement,110.0,2.0,1.0,0.0,1300000.0,1,1,1,0.0
Rabat,hay_riad,False,Appartement,121.0,2.0,2.0,0.0,2500000.0,1,1,1,0.0
Rabat,autre_secteur,True,Appartement,70.0,2.0,1.0,0.0,710000.0,1,1,0,0.0
Rabat,hay_nahda,False,Appartement,83.0,2.0,1.0,0.0,790000.0,1,1,1,0.0
Rabat,haut_agdal,False,Appartement,243.0,3.0,2.0,0.0,3500000.0,1,1,1,0.0
Rabat,guich_oudaya,False,Appartement,132.0,3.0,3.0,2.0,1750000.0,1,0,1,2.0
Rabat,haut_agdal,False,Appartement,290.0,4.0,2.0,1.0,15300000.0,1,1,1,1.0
Rabat,yacoub_el_mansour,False,Appartement,132.0,4.0,1.0,0.0,1100000.0,1,0,0,0.0
Rabat,guich_oudaya,False,Appartement,132.0,2.0,2.0,0.0,2120000.0,1,1,1,0.0
Rabat,souissi,False,Appartement,156.0,3.0,3.0,unknown,7500000.0,0,1,1,unknown
Rabat,autre_secteur,True,Appartement,157.0,3.0,2.0,0.0,2600000.0,1,1,1,0.0
Rabat,autre_secteur,True,Appartement,154.0,2.0,2.0,0.0,1950000.0,1,1,1,0.0
Rabat,hay_riad,False,Appartement,155.0,3.0,3.0,1.0,13600000.0,1,1,1,1.0
Rabat,agdal,False,Appartement,132.0,3.0,1.0,1.0,12500000.0,1,0,0,1.0
Rabat,agdal,False,Appartement,332.0,5.0,2.0,unknown,4500000.0,0,1,1,unknown
Rabat,hassan,False,Appartement,132.0,3.0,1.0,3.0,2250000.0,1,0,0,3.0
Rabat,yacoub_el_mansour,False,Appartement,60.0,2.0,1.0,3.0,3600000.0,1,1,1,3.0
Rabat,yacoub_el_mansour,False,Appartement,65.0,2.0,1.0,3.0,3620000.0,1,1,1,3.0
Rabat,hay_riad,False,Appartement,136.0,3.0,2.0,0.0,2500000.0,1,1,1,0.0
Rabat,hay_nahda,False,Appartement,90.0,2.0,1.0,1.0,1850000.0,1,1,1,1.0
Rabat,hay_nahda,False,Appartement,108.0,2.0,2.0,0.0,1000000.0,1,1,1,0.0
Rabat,agdal,False,Appartement,170.0,3.0,3.0,0.0,2300000.0,1,1,1,0.0
Rabat,hay_riad,False,Appartement,132.0,2.0,1.0,0.0,4050000.0,1,0,0,0.0
Rabat,agdal,False,Appartement,52.0,1.0,1.0,4.0,4880000.0,1,1,1,4.0
Rabat,hay_riad,False,Appartement,159.0,3.0,3.0,0.0,3600000.0,1,1,1,0.0
Rabat,agdal,False,Appartement,74.0,2.0,1.0,4.0,4960000.0,1,1,1,4.0
Rabat,hay_riad,False,Appartement,132.0,3.0,3.0,0.0,2900000.0,1,0,1,0.0
Rabat,hassan,False,Appartement,132.0,3.0,1.0,5.0,3300000.0,1,0,0,5.0
Rabat,guich_oudaya,False,Appartement,98.0,3.0,2.0,0.0,2120000.0,1,1,1,0.0
Rabat,souissi,False,Appartement,160.0,3.0,3.0,0.0,3250000.0,1,1,1,0.0
Rabat,autre_secteur,True,Appartement,126.0,2.0,2.0,0.0,2700000.0,1,1,1,0.0
Rabat,yacoub_el_mansour,False,Appartement,108.0,1.0,1.0,0.0,400000.0,1,1,1,0.0
Rabat,riyad,False,Appartement,132.0,3.0,3.0,unknown,4200000.0,0,1,1,unknown
Rabat,haut_agdal,False,Appartement,132.0,3.0,2.0,2.0,5900000.0,1,0,1,2.0
Rabat,autre_secteur,True,Appartement,220.0,4.0,2.0,0.0,4500000.0,1,1,1,0.0
Rabat,hay_riad,False,Appartement,100.0,2.0,2.0,0.0,3999000.0,1,1,1,0.0
Rabat,hay_riad,False,Appartement,80.0,2.0,2.0,5.0,5800000.0,1,1,1,5.0
Rabat,agdal,False,Appartement,100.0,2.0,1.0,unknown,2400000.0,0,1,1,unknown
Rabat,hay_nahda,False,Appartement,80.0,2.0,2.0,4.0,4650000.0,1,1,1,4.0
Rabat,aakkari,False,Appartement,132.0,2.0,1.0,3.0,1030000.0,1,0,0,3.0
Rabat,agdal,False,Appartement,174.0,2.0,2.0,0.0,3950000.0,1,1,1,0.0
Rabat,autre_secteur,True,Appartement,173.0,2.0,2.0,0.0,3950000.0,1,1,1,0.0
Rabat,autre_secteur,True,Appartement,152.0,2.0,2.0,0.0,1900000.0,1,1,1,0.0
Rabat,agdal,False,Appartement,149.0,3.0,2.0,1.0,13400000.0,1,1,1,1.0
Rabat,souissi,False,Appartement,225.0,3.0,3.0,0.0,5500000.0,1,1,1,0.0
Rabat,hay_nahda,False,Appartement,70.0,3.0,1.0,0.0,670000.0,1,1,1,0.0
Rabat,guich_oudaya,False,Appartement,112.0,2.0,2.0,0.0,2150000.0,1,1,1,0.0
Rabat,hay_riad,False,Appartement,150.0,3.0,2.0,1.0,13800000.0,1,1,1,1.0
Rabat,agdal,False,Appartement,155.0,4.0,3.0,unknown,4000000.0,0,1,1,unknown
Rabat,riyad,False,Appartement,174.0,2.0,2.0,unknown,3950000.0,0,1,1,unknown
Rabat,guich_oudaya,False,Appartement,146.0,3.0,3.0,1.0,12300000.0,1,1,1,1.0
Rabat,quartier_de_l_océan,False,Appartement,206.0,3.0,2.0,1.0,13000000.0,1,1,1,1.0
Rabat,hassan,False,Appartement,165.0,3.0,2.0,1.0,13000000.0,1,1,1,1.0
Rabat,hay_riad,False,Appartement,132.0,3.0,2.0,1.0,13900000.0,1,0,1,1.0
Rabat,hay_riad,False,Appartement,132.0,2.0,2.0,4.0,2600000.0,1,0,1,4.0
Rabat,hay_el_fath,False,Appartement,65.0,2.0,1.0,4.0,4790000.0,1,1,1,4.0
Rabat,aviation___mabella,False,Appartement,64.0,3.0,1.0,2.0,2900000.0,1,1,1,2.0
Rabat,agdal,False,Appartement,200.0,3.0,2.0,1.0,12800000.0,1,1,1,1.0
Rabat,hay_riad,False,Appartement,126.0,3.0,2.0,0.0,2970000.0,1,1,1,0.0
Rabat,hay_riad,False,Appartement,132.0,2.0,2.0,2.0,2850000.0,1,0,1,2.0
Rabat,hay_riad,False,Appartement,132.0,3.0,1.0,4.0,3350000.0,1,0,0,4.0
Rabat,hay_riad,False,Appartement,160.0,4.0,2.0,1.0,13200000.0,1,1,1,1.0
Rabat,hay_el_fath,False,Appartement,69.0,2.0,1.0,0.0,850000.0,1,1,1,0.0
Rabat,riyad,False,Appartement,209.0,3.0,2.0,unknown,5400000.0,0,1,1,unknown
Rabat,souissi,False,Appartement,170.0,2.0,3.0,0.0,5200000.0,1,1,1,0.0
Rabat,souissi,False,Appartement,152.0,2.0,4.0,0.0,5200000.0,1,1,1,0.0
Rabat,hay_riad,False,Appartement,132.0,3.0,1.0,1.0,13700000.0,1,0,0,1.0
Rabat,autre_secteur,True,Appartement,68.0,2.0,2.0,3.0,3450000.0,1,1,1,3.0
Rabat,agdal,False,Appartement,132.0,2.0,2.0,1.0,12980000.0,1,0,1,1.0
Rabat,autre_secteur,True,Appartement,132.0,3.0,2.0,0.0,3500000.0,1,0,1,0.0
Rabat,autre_secteur,True,Appartement,132.0,3.0,1.0,1.0,12700000.0,1,0,0,1.0
Rabat,riyad,False,Appartement,118.0,3.0,2.0,unknown,3200000.0,0,1,1,unknown
Rabat,les_orangers,False,Appartement,51.0,2.0,1.0,3.0,3950000.0,1,1,1,3.0
Rabat,médina_de_rabat,False,Appartement,203.0,3.0,3.0,0.0,2100000.0,1,1,1,0.0
Rabat,hay_nahda,False,Appartement,132.0,3.0,1.0,4.0,1250000.0,1,0,0,4.0
Rabat,autre_secteur,True,Appartement,151.0,2.0,2.0,0.0,2000000.0,1,1,1,0.0
Rabat,yacoub_el_mansour,False,Appartement,50.0,2.0,1.0,3.0,3340000.0,1,1,1,3.0
Rabat,hay_nahda,False,Appartement,100.0,2.0,2.0,1.0,1110000.0,1,1,1,1.0
Rabat,agdal,False,Appartement,132.0,4.0,3.0,3.0,3500000.0,1,0,1,3.0
Rabat,hay_riad,False,Appartement,132.0,4.0,3.0,2.0,3600000.0,1,0,1,2.0
Rabat,agdal,False,Appartement,120.0,3.0,1.0,1.0,1200000.0,1,1,1,1.0
Rabat,souissi,False,Appartement,128.0,3.0,2.0,0.0,2100000.0,1,1,1,0.0
Rabat,agdal,False,Appartement,165.0,3.0,2.0,1.0,14500000.0,1,1,1,1.0
Rabat,guich_oudaya,False,Appartement,117.0,4.0,3.0,0.0,1755000.0,1,1,1,0.0
Rabat,guich_oudaya,False,Appartement,57.0,1.0,2.0,0.0,940000.0,1,1,1,0.0
Rabat,hay_riad,False,Appartement,132.0,3.0,2.0,4.0,4700000.0,1,0,1,4.0
Rabat,autre_secteur,True,Appartement,132.0,2.0,2.0,1.0,14500000.0,1,0,1,1.0
Rabat,yacoub_el_mansour,False,Appartement,160.0,3.0,2.0,1.0,13000000.0,1,1,1,1.0
Rabat,autre_secteur,True,Appartement,50.0,2.0,2.0,2.0,2400000.0,1,1,1,2.0
Rabat,autre_secteur,True,Appartement,59.0,2.0,0.0,0.0,630000.0,1,1,1,0.0
Rabat,guich_oudaya,False,Appartement,145.0,3.0,3.0,1.0,12300000.0,1,1,1,1.0
Rabat,agdal,False,Appartement,132.0,3.0,3.0,0.0,3800000.0,1,0,1,0.0
Rabat,el_youssoufia,False,Appartement,50.0,1.0,1.0,0.0,420000.0,1,1,1,0.0
Rabat,yacoub_el_mansour,False,Appartement,49.0,1.0,1.0,unknown,4000000.0,0,1,1,unknown
Rabat,agdal,False,Appartement,120.0,2.0,2.0,0.0,2000000.0,1,1,1,0.0
Rabat,el_youssoufia,False,Appartement,122.0,4.0,1.0,0.0,2750000.0,1,1,1,0.0
Rabat,riyad,False,Appartement,202.0,3.0,1.0,0.0,4750000.0,1,1,1,0.0
Rabat,hassan,False,Appartement,132.0,3.0,3.0,3.0,3500000.0,1,0,1,3.0
Rabat,quartier_de_l_océan,False,Appartement,151.0,2.0,2.0,0.0,2000000.0,1,1,1,0.0
Rabat,autre_secteur,True,Appartement,167.0,3.0,2.0,1.0,12500000.0,1,1,1,1.0
Rabat,diour_jamaa,False,Appartement,133.0,3.0,1.0,1.0,11850000.0,1,1,1,1.0
Rabat,hay_riad,False,Appartement,261.0,2.0,2.0,0.0,4370000.0,1,1,1,0.0
Rabat,hay_riad,False,Appartement,132.0,3.0,1.0,2.0,8000000.0,1,0,0,2.0
Rabat,hay_riad,False,Appartement,132.0,3.0,3.0,4.0,4700000.0,1,0,1,4.0
Rabat,hay_nahda,False,Appartement,105.0,3.0,1.0,0.0,1800000.0,1,1,1,0.0
Rabat,hay_nahda,False,Appartement,110.0,3.0,2.0,0.0,2500000.0,1,1,1,0.0
Rabat,riyad,False,Appartement,198.0,3.0,2.0,unknown,6100000.0,0,1,1,unknown
Rabat,hay_riad,False,Appartement,128.0,3.0,2.0,0.0,3200000.0,1,1,1,0.0
Rabat,diour_jamaa,False,Appartement,132.0,2.0,2.0,4.0,1500000.0,1,0,1,4.0
Rabat,médina_de_rabat,False,Appartement,125.0,1.0,0.0,4.0,416000.0,1,1,1,4.0
Rabat,guich_oudaya,False,Appartement,57.0,1.0,2.0,0.0,950000.0,1,1,1,0.0
Rabat,souissi,False,Appartement,132.0,2.0,2.0,1.0,13800000.0,1,0,1,1.0
Rabat,hay_nahda,False,Appartement,105.0,3.0,2.0,0.0,2500000.0,1,1,1,0.0
Rabat,agdal,False,Appartement,154.0,3.0,3.0,1.0,13100000.0,1,1,1,1.0
Rabat,yacoub_el_mansour,False,Appartement,70.0,2.0,2.0,0.0,250000.0,1,1,1,0.0
Rabat,yacoub_el_mansour,False,Appartement,70.0,2.0,1.0,0.0,200000.0,1,1,1,0.0
Rabat,hay_el_fath,False,Appartement,67.0,2.0,1.0,2.0,2760000.0,1,1,1,2.0
Rabat,riyad,False,Appartement,184.0,3.0,2.0,unknown,4200000.0,0,1,1,unknown
Rabat,diour_jamaa,False,Appartement,50.0,2.0,1.0,1.0,1360000.0,1,1,1,1.0
Rabat,yacoub_el_mansour,False,Appartement,56.0,2.0,1.0,4.0,4560000.0,1,1,1,4.0
Rabat,riyad,False,Appartement,179.0,2.0,2.0,unknown,4000000.0,0,1,1,unknown
Rabat,riyad,False,Appartement,231.0,3.0,2.0,unknown,6000000.0,0,1,1,unknown
Rabat,quartier_de_l_océan,False,Appartement,42.0,1.0,2.0,2.0,2840000.0,1,1,1,2.0
Rabat,hay_riad,False,Appartement,160.0,3.0,2.0,2.0,2320000.0,1,1,1,2.0
Rabat,el_youssoufia,False,Appartement,95.0,2.0,1.0,0.0,1700000.0,1,1,1,0.0
Rabat,hassan,False,Appartement,132.0,3.0,2.0,2.0,2800000.0,1,0,1,2.0
Rabat,agdal,False,Appartement,120.0,2.0,2.0,4.0,412000.0,1,1,1,4.0
Rabat,hay_nahda,False,Appartement,70.0,1.0,1.0,2.0,2500000.0,1,1,1,2.0
Rabat,souissi,False,Appartement,148.0,3.0,3.0,0.0,2200000.0,1,1,1,0.0
Rabat,hay_el_fath,False,Appartement,300.0,3.0,3.0,0.0,3000000.0,1,1,1,0.0
Rabat,guich_oudaya,False,Appartement,53.0,2.0,2.0,0.0,700000.0,1,1,1,0.0
Rabat,médina_de_rabat,False,Appartement,132.0,2.0,1.0,1.0,1720000.0,1,0,1,1.0
Rabat,hassan,False,Appartement,163.0,3.0,2.0,1.0,12900000.0,1,1,1,1.0
Rabat,yacoub_el_mansour,False,Appartement,82.0,2.0,1.0,2.0,2600000.0,1,1,1,2.0
Rabat,hay_riad,False,Appartement,132.0,3.0,0.0,4.0,3260000.0,1,0,1,4.0
Rabat,hay_riad,False,Appartement,140.0,3.0,2.0,0.0,3400000.0,1,1,1,0.0
Rabat,riyad,False,Appartement,145.0,3.0,2.0,unknown,4200000.0,0,1,1,unknown
Rabat,riyad,False,Appartement,169.0,3.0,2.0,unknown,4300000.0,0,1,1,unknown
Rabat,hay_riad,False,Appartement,43.0,1.0,2.0,0.0,1750000.0,1,1,1,0.0
Rabat,guich_oudaya,False,Appartement,93.0,2.0,1.0,0.0,1500000.0,1,1,1,0.0
Rabat,autre_secteur,True,Appartement,140.0,3.0,2.0,0.0,3600000.0,1,1,1,0.0
Rabat,hay_riad,False,Appartement,180.0,2.0,3.0,0.0,2900000.0,1,1,1,0.0
Rabat,souissi,False,Appartement,176.0,2.0,3.0,0.0,2900000.0,1,1,1,0.0
Rabat,haut_agdal,False,Appartement,190.0,3.0,3.0,1.0,14000000.0,1,1,1,1.0
Rabat,hay_riad,False,Appartement,132.0,3.0,2.0,3.0,3500000.0,1,0,1,3.0
Rabat,haut_agdal,False,Appartement,196.0,3.0,2.0,1.0,13750000.0,1,1,1,1.0
Rabat,hay_riad,False,Appartement,179.0,2.0,3.0,0.0,4000000.0,1,1,1,0.0
Rabat,hay_riad,False,Appartement,132.0,3.0,2.0,4.0,3450000.0,1,0,1,4.0
Rabat,riyad,False,Appartement,132.0,3.0,2.0,2.0,3600000.0,1,0,1,2.0
Rabat,hay_riad,False,Appartement,249.0,2.0,2.0,0.0,4500000.0,1,1,1,0.0
Rabat,guich_oudaya,False,Appartement,150.0,3.0,2.0,0.0,1500000.0,1,1,1,0.0
Rabat,hay_nahda,False,Appartement,83.0,3.0,2.0,1.0,1760000.0,1,1,1,1.0
Rabat,guich_oudaya,False,Appartement,58.0,2.0,2.0,0.0,1200000.0,1,1,1,0.0
Rabat,yacoub_el_mansour,False,Appartement,48.0,1.0,0.0,0.0,720000.0,1,1,1,0.0
Rabat,el_youssoufia,False,Appartement,83.0,2.0,1.0,3.0,3540000.0,1,1,1,3.0
Rabat,hassan,False,Appartement,132.0,2.0,2.0,1.0,12200000.0,1,0,1,1.0
Rabat,agdal,False,Appartement,132.0,2.0,2.0,3.0,1900000.0,1,0,1,3.0
Rabat,hay_riad,False,Appartement,132.0,3.0,2.0,2.0,3500000.0,1,0,1,2.0
Rabat,agdal,False,Appartement,190.0,3.0,3.0,1.0,13750000.0,1,1,1,1.0
Rabat,hay_riad,False,Appartement,220.0,4.0,3.0,0.0,4800000.0,1,1,1,0.0
Rabat,hay_riad,False,Appartement,132.0,3.0,3.0,5.0,3200000.0,1,0,1,5.0
Rabat,hassan,False,Appartement,190.0,3.0,2.0,0.0,2900000.0,1,1,1,0.0
Rabat,hay_nahda,False,Appartement,74.0,2.0,2.0,4.0,4600000.0,1,1,1,4.0
Rabat,autre_secteur,True,Appartement,119.0,3.0,3.0,0.0,2050000.0,1,1,1,0.0
Rabat,autre_secteur,True,Appartement,132.0,4.0,3.0,0.0,3000000.0,1,0,1,0.0
Rabat,autre_secteur,True,Appartement,132.0,3.0,1.0,2.0,1600000.0,1,0,0,2.0
Rabat,hassan,False,Appartement,132.0,3.0,2.0,5.0,4100000.0,1,0,1,5.0
Rabat,agdal,False,Appartement,150.0,3.0,2.0,0.0,2700000.0,1,1,1,0.0
Rabat,haut_agdal,False,Appartement,180.0,3.0,2.0,1.0,13150000.0,1,1,1,1.0
Rabat,agdal,False,Appartement,145.0,3.0,2.0,1.0,12400000.0,1,1,1,1.0
Rabat,agdal,False,Appartement,150.0,2.0,2.0,0.0,2200000.0,1,1,1,0.0
Rabat,hay_riad,False,Appartement,153.0,3.0,3.0,0.0,4100000.0,1,1,1,0.0
Rabat,hay_riad,False,Appartement,152.0,3.0,2.0,1.0,14100000.0,1,1,1,1.0
Rabat,agdal,False,Appartement,132.0,3.0,2.0,1.0,13000000.0,1,0,1,1.0
Rabat,hay_riad,False,Appartement,179.0,2.0,2.0,0.0,3900000.0,1,1,1,0.0
Rabat,hay_nahda,False,Appartement,96.0,4.0,0.0,3.0,3790000.0,1,1,1,3.0
Rabat,agdal,False,Appartement,132.0,3.0,2.0,3.0,2500000.0,1,0,1,3.0
Rabat,hay_riad,False,Appartement,132.0,2.0,1.0,0.0,3300000.0,1,0,0,0.0
Rabat,hay_riad,False,Appartement,101.0,3.0,2.0,0.0,2300000.0,1,1,1,0.0
Rabat,aakkari,False,Appartement,69.0,1.0,1.0,0.0,400000.0,1,1,1,0.0
Rabat,hay_nahda,False,Appartement,74.0,2.0,1.0,2.0,2700000.0,1,1,1,2.0
Rabat,hay_riad,False,Appartement,130.0,4.0,2.0,0.0,2500000.0,1,1,1,0.0
Rabat,aviation___mabella,False,Appartement,43.0,1.0,0.0,3.0,3500000.0,1,1,1,3.0
Rabat,el_youssoufia,False,Appartement,50.0,2.0,1.0,3.0,3400000.0,1,1,1,3.0
Rabat,autre_secteur,True,Appartement,132.0,2.0,1.0,1.0,1460000.0,1,0,1,1.0
Rabat,hassan,False,Appartement,132.0,1.0,2.0,2.0,1670000.0,1,0,1,2.0
Rabat,hay_riad,False,Appartement,132.0,3.0,3.0,5.0,3950000.0,1,0,1,5.0
Rabat,hassan,False,Appartement,132.0,1.0,1.0,2.0,1000000.0,1,0,1,2.0
Rabat,hay_riad,False,Appartement,132.0,1.0,2.0,3.0,3500000.0,1,0,1,3.0
Rabat,hay_riad,False,Appartement,132.0,3.0,3.0,4.0,4900000.0,1,0,1,4.0
Rabat,agdal,False,Appartement,132.0,2.0,1.0,1.0,12200000.0,1,0,1,1.0
Rabat,hay_riad,False,Appartement,132.0,2.0,2.0,4.0,2650000.0,1,0,1,4.0
Rabat,médina_de_rabat,False,Appartement,132.0,1.0,1.0,1.0,1500000.0,1,0,1,1.0
Rabat,souissi,False,Appartement,200.0,3.0,2.0,unknown,5500000.0,0,1,1,unknown
Rabat,yacoub_el_mansour,False,Appartement,60.0,2.0,1.0,1.0,1630000.0,1,1,1,1.0
Rabat,hay_riad,False,Appartement,132.0,4.0,3.0,0.0,4700000.0,1,0,1,0.0
Rabat,hay_nahda,False,Appartement,118.0,2.0,1.0,1.0,1900000.0,1,1,1,1.0
Rabat,yacoub_el_mansour,False,Appartement,132.0,3.0,1.0,1.0,12800000.0,1,0,1,1.0
Rabat,hay_riad,False,Appartement,100.0,2.0,2.0,0.0,2500000.0,1,1,1,0.0
Rabat,hay_riad,False,Appartement,132.0,3.0,1.0,1.0,13400000.0,1,0,1,1.0
Rabat,massira,False,Appartement,132.0,5.0,3.0,2.0,2200000.0,1,0,1,2.0
Rabat,hassan,False,Appartement,100.0,4.0,2.0,1.0,1300000.0,1,1,1,1.0
Rabat,riyad,False,Appartement,127.0,4.0,2.0,unknown,2800000.0,0,1,1,unknown
Rabat,riyad,False,Appartement,94.0,2.0,2.0,unknown,2850000.0,0,1,1,unknown
Rabat,souissi,False,Appartement,132.0,3.0,1.0,1.0,15000000.0,1,0,0,1.0
Rabat,hay_riad,False,Appartement,132.0,3.0,3.0,0.0,3600000.0,1,0,1,0.0
Rabat,guich_oudaya,False,Appartement,115.0,3.0,2.0,unknown,2000000.0,0,1,1,unknown
Rabat,riyad,False,Appartement,218.0,3.0,2.0,unknown,5400000.0,0,1,1,unknown
Rabat,riyad,False,Appartement,124.0,3.0,2.0,unknown,3450000.0,0,1,1,unknown
Rabat,souissi,False,Appartement,255.0,3.0,2.0,unknown,7000000.0,0,1,1,unknown
Rabat,agdal,False,Appartement,170.0,2.0,1.0,0.0,2100000.0,1,1,1,0.0
Rabat,hay_riad,False,Appartement,221.0,3.0,3.0,0.0,3600000.0,1,1,1,0.0
Rabat,hay_riad,False,Appartement,179.0,2.0,2.0,0.0,4000000.0,1,1,1,0.0
Rabat,mabella,False,Appartement,132.0,2.0,1.0,0.0,1270000.0,1,0,1,0.0
Rabat,diour_jamaa,False,Appartement,56.0,1.0,1.0,2.0,2900000.0,1,1,1,2.0
Rabat,hay_riad,False,Appartement,132.0,2.0,1.0,5.0,2900000.0,1,0,0,5.0
Rabat,hay_riad,False,Appartement,132.0,3.0,2.0,0.0,3600000.0,1,0,1,0.0
Rabat,agdal,False,Appartement,132.0,3.0,2.0,2.0,2100000.0,1,0,1,2.0
Rabat,quartier_de_l_océan,False,Appartement,137.0,2.0,2.0,1.0,12100000.0,1,1,1,1.0
Rabat,hay_nahda,False,Appartement,132.0,2.0,1.0,3.0,3820000.0,1,0,1,3.0
Rabat,hay_riad,False,Appartement,157.0,3.0,2.0,3.0,318500.0,1,1,1,3.0
Rabat,yacoub_el_mansour,False,Appartement,132.0,2.0,2.0,1.0,12600000.0,1,0,1,1.0
Rabat,hay_riad,False,Appartement,194.0,3.0,3.0,0.0,4149999.0,1,1,1,0.0
Rabat,hay_riad,False,Appartement,132.0,3.0,3.0,2.0,3200000.0,1,0,1,2.0
Rabat,agdal,False,Appartement,132.0,4.0,3.0,1.0,12750000.0,1,0,1,1.0
Rabat,riyad,False,Appartement,220.0,4.0,3.0,1.0,14000000.0,1,1,1,1.0
Rabat,les_orangers,False,Appartement,132.0,3.0,2.0,2.0,5700000.0,1,0,1,2.0
Rabat,hay_nahda,False,Appartement,50.0,2.0,1.0,1.0,1500000.0,1,1,1,1.0
Rabat,agdal,False,Appartement,132.0,3.0,2.0,1.0,13300000.0,1,0,1,1.0
Rabat,guich_oudaya,False,Appartement,132.0,4.0,1.0,1.0,11899999.0,1,0,0,1.0
Rabat,agdal,False,Appartement,182.0,2.0,2.0,1.0,13300000.0,1,1,1,1.0
Rabat,agdal,False,Appartement,175.0,1.0,1.0,1.0,12800000.0,1,1,1,1.0
Rabat,yacoub_el_mansour,False,Appartement,60.0,2.0,1.0,2.0,2450000.0,1,1,1,2.0
Rabat,autre_secteur,True,Appartement,210.0,2.0,1.0,1.0,13000000.0,1,1,0,1.0
Rabat,quartier_de_l_océan,False,Appartement,54.0,1.0,2.0,2.0,2920000.0,1,1,1,2.0
Rabat,yacoub_el_mansour,False,Appartement,42.0,1.0,2.0,0.0,800000.0,1,1,1,0.0
Rabat,autre_secteur,True,Appartement,132.0,3.0,2.0,1.0,12140000.0,1,0,1,1.0
Rabat,médina_de_rabat,False,Appartement,190.0,2.0,2.0,1.0,11260000.0,1,1,1,1.0
Rabat,souissi,False,Appartement,132.0,3.0,4.0,3.0,5550000.0,1,0,1,3.0
Rabat,hay_riad,False,Appartement,127.0,4.0,2.0,0.0,2500000.0,1,1,1,0.0
Rabat,agdal,False,Appartement,140.0,4.0,2.0,1.0,12600000.0,1,1,1,1.0
Rabat,médina_de_rabat,False,Appartement,132.0,2.0,1.0,1.0,12150000.0,1,0,1,1.0
Rabat,hay_nahda,False,Appartement,75.0,2.0,1.0,0.0,1000000.0,1,1,1,0.0
Rabat,agdal,False,Appartement,132.0,4.0,2.0,3.0,2440000.0,1,0,1,3.0
Rabat,hay_riad,False,Appartement,136.0,2.0,2.0,1.0,12100000.0,1,1,1,1.0
Rabat,aviation___mabella,False,Appartement,110.0,3.0,2.0,0.0,1750000.0,1,1,1,0.0
Rabat,yacoub_el_mansour,False,Appartement,76.0,1.0,0.0,0.0,1400000.0,1,1,1,0.0
Rabat,souissi,False,Appartement,232.0,3.0,3.0,1.0,15900000.0,1,1,1,1.0
Rabat,yacoub_el_mansour,False,Appartement,135.0,5.0,1.0,0.0,800000.0,1,1,1,0.0
Rabat,hay_el_fath,False,Appartement,132.0,3.0,2.0,4.0,2200000.0,1,0,1,4.0
Rabat,riyad,False,Appartement,186.0,4.0,2.0,unknown,5000000.0,0,1,1,unknown
Rabat,hay_riad,False,Appartement,132.0,3.0,2.0,0.0,2840000.0,1,0,1,0.0
Rabat,riyad,False,Appartement,250.0,3.0,2.0,unknown,5250000.0,0,1,1,unknown
Rabat,agdal,False,Appartement,156.0,3.0,2.0,1.0,13500000.0,1,1,1,1.0
Rabat,hay_nahda,False,Appartement,63.0,2.0,1.0,1.0,1600000.0,1,1,1,1.0
Rabat,haut_agdal,False,Appartement,132.0,3.0,2.0,3.0,4200000.0,1,0,1,3.0
Rabat,hay_el_fath,False,Appartement,123.0,3.0,2.0,0.0,2170000.0,1,1,1,0.0
Rabat,el_youssoufia,False,Appartement,132.0,3.0,0.0,1.0,14500000.0,1,0,1,1.0
Rabat,hay_nahda,False,Appartement,56.0,2.0,2.0,2.0,2660000.0,1,1,1,2.0
Rabat,hay_nahda,False,Appartement,69.0,2.0,1.0,2.0,2650000.0,1,1,1,2.0
Rabat,hassan,False,Appartement,132.0,3.0,1.0,1.0,12900000.0,1,0,1,1.0
Rabat,hay_riad,False,Appartement,85.0,2.0,2.0,0.0,2200000.0,1,1,1,0.0
Rabat,hay_riad,False,Appartement,132.0,3.0,2.0,4.0,3150000.0,1,0,1,4.0
Rabat,hay_riad,False,Appartement,132.0,3.0,2.0,4.0,3400000.0,1,0,1,4.0
Rabat,souissi,False,Appartement,210.0,4.0,3.0,1.0,14300000.0,1,1,1,1.0
Rabat,hay_el_fath,False,Appartement,63.0,2.0,1.0,4.0,4790000.0,1,1,1,4.0
Rabat,hay_el_fath,False,Appartement,62.0,2.0,1.0,0.0,800000.0,1,1,1,0.0
Rabat,hay_el_fath,False,Appartement,132.0,2.0,2.0,2.0,2940000.0,1,0,1,2.0
Rabat,kébibat,False,Appartement,132.0,3.0,2.0,1.0,11900000.0,1,0,1,1.0
Rabat,hay_el_fath,False,Appartement,135.0,3.0,3.0,0.0,1850000.0,1,1,1,0.0
Rabat,yacoub_el_mansour,False,Appartement,71.0,2.0,1.0,2.0,2960000.0,1,1,1,2.0
Rabat,guich_oudaya,False,Appartement,116.0,3.0,2.0,0.0,1600000.0,1,1,1,0.0
Rabat,douar_el_hajja,False,Appartement,132.0,2.0,1.0,1.0,1130000.0,1,0,1,1.0
Rabat,hay_nahda,False,Appartement,132.0,2.0,1.0,4.0,4590000.0,1,0,1,4.0
Rabat,yacoub_el_mansour,False,Appartement,140.0,3.0,2.0,2.0,2170000.0,1,1,1,2.0
Rabat,riyad,False,Appartement,201.0,3.0,2.0,unknown,4500000.0,0,1,1,unknown
Rabat,riyad,False,Appartement,182.0,3.0,2.0,unknown,6500000.0,0,1,1,unknown
Rabat,hay_riad,False,Appartement,406.0,4.0,4.0,0.0,8300000.0,1,1,1,0.0
Rabat,agdal,False,Appartement,132.0,2.0,2.0,3.0,2350000.0,1,0,1,3.0
Rabat,riyad,False,Appartement,214.0,4.0,2.0,1.0,15400000.0,1,1,1,1.0
Rabat,hay_riad,False,Appartement,93.0,2.0,2.0,0.0,3100000.0,1,1,1,0.0
Rabat,autre_secteur,True,Appartement,83.0,3.0,1.0,3.0,3750000.0,1,1,1,3.0
Rabat,agdal,False,Appartement,75.0,2.0,2.0,0.0,1400000.0,1,1,1,0.0
Rabat,hay_riad,False,Appartement,220.0,3.0,3.0,unknown,2200000.0,0,1,1,unknown
Rabat,guich_oudaya,False,Appartement,60.0,2.0,1.0,0.0,850000.0,1,1,1,0.0
Rabat,agdal,False,Appartement,161.0,2.0,2.0,1.0,12700000.0,1,1,1,1.0
Rabat,agdal,False,Appartement,115.0,2.0,1.0,0.0,1785000.0,1,1,1,0.0
Rabat,hay_riad,False,Appartement,91.0,3.0,2.0,0.0,2200000.0,1,1,1,0.0
Rabat,hay_riad,False,Appartement,116.0,4.0,3.0,0.0,3000000.0,1,1,1,0.0
Rabat,hay_riad,False,Appartement,250.0,4.0,3.0,0.0,5000000.0,1,1,1,0.0
Rabat,hay_riad,False,Appartement,132.0,4.0,4.0,4.0,5000000.0,1,0,1,4.0
Rabat,agdal,False,Appartement,180.0,3.0,3.0,0.0,3700000.0,1,1,1,0.0
Rabat,hay_el_fath,False,Appartement,60.0,2.0,1.0,0.0,800000.0,1,1,1,0.0
Rabat,hassan,False,Appartement,132.0,2.0,1.0,2.0,1800000.0,1,0,1,2.0
Rabat,agdal,False,Appartement,67.0,1.0,1.0,0.0,1350000.0,1,1,1,0.0
Rabat,mabella,False,Appartement,132.0,4.0,1.0,4.0,1750000.0,1,0,1,4.0
Rabat,hay_riad,False,Appartement,202.0,3.0,2.0,1.0,13600000.0,1,1,1,1.0
Rabat,kébibat,False,Appartement,132.0,3.0,2.0,5.0,1920000.0,1,0,1,5.0
Rabat,yacoub_el_mansour,False,Appartement,132.0,2.0,2.0,4.0,1800000.0,1,0,1,4.0
Rabat,yacoub_el_mansour,False,Appartement,70.0,2.0,1.0,2.0,2600000.0,1,1,1,2.0
Rabat,hassan,False,Appartement,132.0,2.0,2.0,2.0,1880000.0,1,0,1,2.0
Rabat,hay_riad,False,Appartement,132.0,4.0,2.0,3.0,4900000.0,1,0,1,3.0
Rabat,hay_el_fath,False,Appartement,132.0,2.0,1.0,0.0,900000.0,1,0,1,0.0
Marrakech,agdal,False,Appartement,67.0,2.0,2.0,0.0,2600000.0,1,0,1,0.0
Marrakech,bouaakkaz,False,Appartement,73.0,2.0,2.0,1.0,1920000.0,1,1,1,1.0
Marrakech,victor_hugo,False,Appartement,67.0,2.0,1.0,0.0,950000.0,1,0,1,0.0
Marrakech,akioud,False,Appartement,67.0,2.0,1.0,1.0,1600000.0,1,0,1,1.0
Marrakech,route_d_ourika,False,Appartement,67.0,2.0,1.0,4.0,4720000.0,1,0,1,4.0
Marrakech,rouidat,False,Appartement,121.0,4.0,1.0,0.0,1050000.0,1,1,1,0.0
Marrakech,av_mohammed_v,False,Appartement,67.0,1.0,1.0,1.0,1250000.0,1,0,0,1.0
Marrakech,route_de_tamansourt,False,Appartement,62.0,2.0,1.0,2.0,2300000.0,1,1,1,2.0
Marrakech,route_de_safi,False,Appartement,82.0,3.0,1.0,3.0,3820000.0,1,1,1,3.0
Marrakech,guéliz,False,Appartement,67.0,2.0,2.0,4.0,1400000.0,1,0,1,4.0
Marrakech,hay_izdihar,False,Appartement,41.0,1.0,1.0,0.0,450000.0,1,1,1,0.0
Marrakech,allal_el_fassi,False,Appartement,156.0,4.0,1.0,0.0,1350000.0,1,1,1,0.0
Marrakech,route_de_safi,False,Appartement,83.0,3.0,1.0,3.0,3900000.0,1,1,1,3.0
Marrakech,hay_izdihar,False,Appartement,60.0,2.0,1.0,1.0,1540000.0,1,1,1,1.0
Marrakech,route_d_amezmiz,False,Appartement,101.0,2.0,1.0,0.0,850000.0,1,1,1,0.0
Marrakech,autre_secteur,True,Appartement,70.0,3.0,1.0,2.0,2640000.0,1,1,1,2.0
Marrakech,route_de_casablanca,False,Appartement,60.0,3.0,0.0,5.0,5540000.0,1,1,1,5.0
Marrakech,bouaakkaz,False,Appartement,134.0,3.0,2.0,1.0,1950000.0,1,1,1,1.0
Marrakech,route_de_casablanca,False,Appartement,52.0,2.0,1.0,3.0,3550000.0,1,1,1,3.0
Marrakech,hay_charaf,False,Appartement,62.0,2.0,1.0,2.0,2855600.0,1,1,1,2.0
Marrakech,route_de_casablanca,False,Appartement,60.0,2.0,1.0,1.0,1600000.0,1,1,1,1.0
Marrakech,mabrouka,False,Appartement,57.0,2.0,1.0,3.0,3650000.0,1,1,1,3.0
Marrakech,targa,False,Appartement,72.0,2.0,2.0,2.0,2600000.0,1,1,1,2.0
Marrakech,semlalia,False,Appartement,67.0,2.0,1.0,3.0,1100000.0,1,0,0,3.0
Marrakech,route_de_safi,False,Appartement,54.0,1.0,1.0,0.0,972000.0,1,1,1,0.0
Marrakech,allal_el_fassi,False,Appartement,67.0,1.0,1.0,0.0,800000.0,1,0,0,0.0
Marrakech,rouidat,False,Appartement,67.0,3.0,1.0,4.0,4970000.0,1,0,1,4.0
Marrakech,route_de_casablanca,False,Appartement,46.0,1.0,1.0,2.0,2830000.0,1,1,1,2.0
Marrakech,guéliz,False,Appartement,67.0,2.0,2.0,0.0,1280000.0,1,0,1,0.0
Marrakech,av_abdelkrim_el_khattabi,False,Appartement,67.0,2.0,1.0,4.0,1450000.0,1,0,0,4.0
Marrakech,hivernage,False,Appartement,200.0,3.0,2.0,1.0,14500000.0,1,1,1,1.0
Marrakech,guéliz,False,Appartement,58.0,1.0,1.0,0.0,928000.0,1,1,1,0.0
Marrakech,allal_el_fassi,False,Appartement,87.0,2.0,2.0,4.0,4680000.0,1,1,1,4.0
Marrakech,victor_hugo,False,Appartement,67.0,1.0,1.0,3.0,1100000.0,1,0,1,3.0
Marrakech,hay_charaf,False,Appartement,67.0,3.0,2.0,0.0,2000000.0,1,0,1,0.0
Marrakech,sidi_abbad,False,Appartement,125.0,3.0,2.0,1.0,11400000.0,1,1,1,1.0
Marrakech,mabrouka,False,Appartement,52.0,2.0,1.0,3.0,3480000.0,1,1,1,3.0
Marrakech,m_hamid,False,Appartement,112.0,3.0,1.0,2.0,2830000.0,1,1,1,2.0
Marrakech,centre_ville,True,Appartement,179.0,4.0,2.0,1.0,11950000.0,1,1,1,1.0
Marrakech,route_de_casablanca,False,Appartement,45.0,1.0,1.0,3.0,3900000.0,1,1,1,3.0
Marrakech,bd_moulay_abdellah,False,Appartement,87.0,3.0,1.0,3.0,3920000.0,1,1,1,3.0
Marrakech,guéliz,False,Appartement,67.0,3.0,2.0,4.0,1850000.0,1,0,1,4.0
Marrakech,m_hamid,False,Appartement,50.0,2.0,1.0,3.0,3600000.0,1,1,1,3.0
Marrakech,guéliz,False,Appartement,56.0,2.0,1.0,1.0,1896000.0,1,1,1,1.0
Marrakech,victor_hugo,False,Appartement,53.0,1.0,1.0,3.0,3998700.0,1,1,1,3.0
Marrakech,semlalia,False,Appartement,67.0,2.0,1.0,0.0,1650000.0,1,0,1,0.0
Marrakech,route_de_tamansourt,False,Appartement,67.0,2.0,1.0,0.0,380000.0,1,0,1,0.0
Marrakech,route_de_casablanca,False,Appartement,67.0,2.0,1.0,2.0,1250000.0,1,0,1,2.0
Marrakech,semlalia,False,Appartement,70.0,2.0,1.0,2.0,216000.0,1,1,1,2.0
Marrakech,route_de_casablanca,False,Appartement,67.0,3.0,2.0,5.0,1800000.0,1,0,1,5.0
Marrakech,av_abdelkrim_el_khattabi,False,Appartement,74.0,1.0,2.0,0.0,1708000.0,1,1,1,0.0
Marrakech,hay_izdihar,False,Appartement,53.0,2.0,0.0,0.0,640000.0,1,1,1,0.0
Marrakech,allal_el_fassi,False,Appartement,47.0,1.0,1.0,0.0,700000.0,1,1,1,0.0
Marrakech,guéliz,False,Appartement,80.0,2.0,2.0,3.0,310800.0,1,1,1,3.0
Marrakech,victor_hugo,False,Appartement,136.0,3.0,2.0,1.0,11500000.0,1,1,1,1.0
Marrakech,autre_secteur,True,Appartement,100.0,3.0,1.0,1.0,1950000.0,1,1,1,1.0
Marrakech,hivernage,False,Appartement,134.0,3.0,1.0,1.0,12747000.0,1,1,1,1.0
Marrakech,hay_charaf,False,Appartement,63.0,2.0,1.0,3.0,3750000.0,1,1,1,3.0
Marrakech,route_de_safi,False,Appartement,44.0,1.0,1.0,2.0,2900000.0,1,1,1,2.0
Marrakech,amerchich,False,Appartement,53.0,1.0,1.0,0.0,600000.0,1,1,1,0.0
Marrakech,les_portes_de_marrakech,False,Appartement,57.0,2.0,1.0,4.0,4300000.0,1,1,1,4.0
Marrakech,m_hamid,False,Appartement,65.0,2.0,2.0,2.0,2430000.0,1,1,1,2.0
Marrakech,autre_secteur,True,Appartement,54.0,2.0,1.0,2.0,2480000.0,1,1,1,2.0
Marrakech,palmeraie,False,Appartement,85.0,2.0,2.0,0.0,1500000.0,1,1,1,0.0
Marrakech,palmeraie,False,Appartement,85.0,1.0,2.0,0.0,1450000.0,1,1,1,0.0
Marrakech,massira_1,False,Appartement,97.0,3.0,2.0,5.0,5880000.0,1,1,1,5.0
Marrakech,palmeraie,False,Appartement,48.0,1.0,1.0,0.0,520000.0,1,1,1,0.0
Marrakech,autre_secteur,True,Appartement,71.0,2.0,1.0,1.0,1685000.0,1,1,1,1.0
Marrakech,av_abdelkrim_el_khattabi,False,Appartement,67.0,1.0,1.0,1.0,1850000.0,1,0,1,1.0
Marrakech,m_hamid,False,Appartement,65.0,2.0,1.0,4.0,4660000.0,1,1,1,4.0
Marrakech,allal_el_fassi,False,Appartement,92.0,3.0,2.0,0.0,1080000.0,1,1,1,0.0
Marrakech,hay_charaf,False,Appartement,63.0,2.0,1.0,1.0,1820000.0,1,1,0,1.0
Marrakech,hay_charaf,False,Appartement,78.0,1.0,1.0,1.0,1750000.0,1,1,1,1.0
Marrakech,m_hamid,False,Appartement,91.0,3.0,1.0,3.0,3830000.0,1,1,1,3.0
Marrakech,annakhil,False,Appartement,220.0,3.0,5.0,1.0,13200000.0,1,1,1,1.0
Marrakech,mabrouka,False,Appartement,55.0,2.0,1.0,2.0,2580000.0,1,1,1,2.0
Marrakech,ain_mezouar,False,Appartement,67.0,2.0,1.0,4.0,4540000.0,1,0,0,4.0
Marrakech,hay_izdihar,False,Appartement,60.0,2.0,1.0,2.0,2560000.0,1,1,1,2.0
Marrakech,guéliz,False,Appartement,60.0,2.0,1.0,0.0,1320000.0,1,1,1,0.0
Marrakech,autre_secteur,True,Appartement,70.0,2.0,1.0,0.0,570000.0,1,1,1,0.0
Marrakech,m_hamid,False,Appartement,60.0,2.0,1.0,1.0,1650000.0,1,1,1,1.0
Marrakech,allal_el_fassi,False,Appartement,87.0,3.0,2.0,0.0,1100000.0,1,1,1,0.0
Marrakech,autre_secteur,True,Appartement,70.0,2.0,2.0,3.0,3500000.0,1,1,1,3.0
Marrakech,azzouzia,False,Appartement,80.0,2.0,2.0,0.0,670000.0,1,1,1,0.0
Marrakech,hay_izdihar,False,Appartement,54.0,3.0,1.0,1.0,1775000.0,1,1,1,1.0
Marrakech,autre_secteur,True,Appartement,101.0,2.0,1.0,0.0,850000.0,1,1,1,0.0
Marrakech,targa,False,Appartement,67.0,2.0,1.0,0.0,650000.0,1,0,1,0.0
Marrakech,route_de_casablanca,False,Appartement,70.0,2.0,2.0,0.0,1200000.0,1,1,1,0.0
Marrakech,agdal,False,Appartement,161.0,2.0,2.0,0.0,2700000.0,1,1,1,0.0
Marrakech,av_abdelkrim_el_khattabi,False,Appartement,90.0,2.0,1.0,0.0,1700000.0,1,1,1,0.0
Marrakech,m_hamid,False,Appartement,50.0,1.0,1.0,3.0,3450000.0,1,1,0,3.0
Marrakech,allal_el_fassi,False,Appartement,63.0,2.0,1.0,2.0,2940000.0,1,1,1,2.0
Marrakech,targa,False,Appartement,72.0,2.0,1.0,0.0,560000.0,1,1,1,0.0
Marrakech,autre_secteur,True,Appartement,95.0,3.0,1.0,2.0,2880000.0,1,1,1,2.0
Marrakech,ain_mezouar,False,Appartement,68.0,2.0,1.0,1.0,1550000.0,1,1,1,1.0
Marrakech,es_saada,False,Appartement,61.0,2.0,1.0,1.0,1540000.0,1,1,1,1.0
Marrakech,les_portes_de_marrakech,False,Appartement,72.0,2.0,1.0,2.0,2600000.0,1,1,1,2.0
Marrakech,autre_secteur,True,Appartement,157.0,1.0,1.0,0.0,1750000.0,1,1,1,0.0
Marrakech,guéliz,False,Appartement,67.0,1.0,1.0,1.0,1200000.0,1,0,1,1.0
Marrakech,hay_izdihar,False,Appartement,59.0,1.0,0.0,3.0,3480000.0,1,1,1,3.0
Marrakech,guéliz,False,Appartement,67.0,2.0,2.0,1.0,1500000.0,1,0,1,1.0
Marrakech,ain_mezouar,False,Appartement,67.0,3.0,2.0,1.0,1850000.0,1,0,1,1.0
Marrakech,victor_hugo,False,Appartement,67.0,2.0,1.0,2.0,1200000.0,1,0,1,2.0
Marrakech,ain_mezouar,False,Appartement,67.0,3.0,2.0,0.0,1750000.0,1,0,1,0.0
Marrakech,hay_izdihar,False,Appartement,69.0,2.0,1.0,0.0,1300000.0,1,1,1,0.0
Marrakech,mabrouka,False,Appartement,64.0,2.0,1.0,0.0,640000.0,1,1,1,0.0
Marrakech,autre_secteur,True,Appartement,65.0,2.0,1.0,0.0,550000.0,1,1,1,0.0
Marrakech,hay_charaf,False,Appartement,74.0,2.0,0.0,3.0,3960000.0,1,1,1,3.0
Marrakech,socoma,False,Appartement,106.0,3.0,2.0,2.0,2960000.0,1,1,1,2.0
Marrakech,route_de_tahanaoute,False,Appartement,67.0,3.0,2.0,1.0,2100000.0,1,0,1,1.0
Marrakech,m_hamid,False,Appartement,97.0,3.0,1.0,1.0,1745000.0,1,1,1,1.0
Marrakech,guéliz,False,Appartement,67.0,1.0,1.0,1.0,1895000.0,1,0,1,1.0
Marrakech,hay_izdihar,False,Appartement,57.0,2.0,1.0,0.0,680000.0,1,1,0,0.0
Marrakech,autre_secteur,True,Appartement,61.0,2.0,1.0,4.0,4650000.0,1,1,1,4.0
Marrakech,mabrouka,False,Appartement,56.0,2.0,1.0,0.0,580000.0,1,1,1,0.0
Marrakech,mabrouka,False,Appartement,70.0,2.0,1.0,0.0,580000.0,1,1,1,0.0
Marrakech,guéliz,False,Appartement,67.0,3.0,1.0,5.0,1300000.0,1,0,1,5.0
Marrakech,massira_3,False,Appartement,72.0,2.0,1.0,0.0,600000.0,1,1,1,0.0
Marrakech,marrakech,False,Appartement,50.0,2.0,1.0,1.0,1420000.0,1,1,1,1.0
Marrakech,m_hamid,False,Appartement,63.0,2.0,1.0,2.0,2470000.0,1,1,1,2.0
Marrakech,av_abdelkrim_el_khattabi,False,Appartement,67.0,2.0,1.0,2.0,2980000.0,1,0,1,2.0
Marrakech,route_de_fès,False,Appartement,67.0,2.0,1.0,1.0,1750000.0,1,0,1,1.0
Marrakech,m_hamid,False,Appartement,67.0,2.0,1.0,1.0,1540000.0,1,0,1,1.0
Marrakech,route_de_casablanca,False,Appartement,55.0,2.0,1.0,2.0,2510000.0,1,1,1,2.0
Marrakech,route_de_casablanca,False,Appartement,141.0,3.0,2.0,1.0,12990000.0,1,1,1,1.0
Marrakech,route_d_amezmiz,False,Appartement,57.0,2.0,2.0,0.0,340000.0,1,1,1,0.0
Marrakech,hay_targa,False,Appartement,51.0,2.0,1.0,unknown,500000.0,0,1,1,unknown
Marrakech,m_hamid,False,Appartement,68.0,2.0,2.0,0.0,680000.0,1,1,1,0.0
Marrakech,route_de_tamansourt,False,Appartement,50.0,2.0,1.0,0.0,250000.0,1,1,1,0.0
Marrakech,es_saada,False,Appartement,52.0,2.0,1.0,2.0,2520000.0,1,1,1,2.0
Marrakech,m_hamid,False,Appartement,50.0,3.0,1.0,3.0,3360000.0,1,1,1,3.0
Marrakech,hay_charaf,False,Appartement,66.0,2.0,1.0,unknown,750000.0,0,1,1,unknown
Marrakech,autre_secteur,True,Appartement,64.0,2.0,1.0,3.0,3360000.0,1,1,1,3.0
Marrakech,route_de_casablanca,False,Appartement,67.0,2.0,1.0,2.0,2510000.0,1,0,1,2.0
Marrakech,azzouzia,False,Appartement,67.0,2.0,1.0,2.0,2620000.0,1,0,0,2.0
Marrakech,route_de_tahanaoute,False,Appartement,178.0,3.0,0.0,1.0,1500000.0,1,1,1,1.0
Marrakech,m_hamid,False,Appartement,61.0,2.0,1.0,2.0,2610000.0,1,1,1,2.0
Marrakech,m_hamid,False,Appartement,59.0,2.0,1.0,2.0,2590000.0,1,1,1,2.0
Marrakech,route_d_amezmiz,False,Appartement,58.0,2.0,1.0,1.0,1500000.0,1,1,1,1.0
Marrakech,sidi_youssef_ben_ali,False,Appartement,106.0,2.0,2.0,3.0,3860000.0,1,1,1,3.0
Marrakech,autre_secteur,True,Appartement,55.0,2.0,1.0,4.0,4590000.0,1,1,1,4.0
Marrakech,route_d_amezmiz,False,Appartement,64.0,2.0,1.0,1.0,1560000.0,1,1,1,1.0
Marrakech,m_hamid,False,Appartement,64.0,2.0,2.0,1.0,1580000.0,1,1,1,1.0
Marrakech,bouaakkaz,False,Appartement,105.0,3.0,2.0,0.0,1200000.0,1,1,1,0.0
Marrakech,es_saada,False,Appartement,67.0,2.0,1.0,3.0,3450000.0,1,0,1,3.0
Marrakech,mabrouka,False,Appartement,67.0,2.0,1.0,1.0,1470000.0,1,0,1,1.0
Marrakech,autre_secteur,True,Appartement,72.0,2.0,1.0,0.0,550000.0,1,1,1,0.0
Marrakech,guéliz,False,Appartement,67.0,1.0,1.0,3.0,1200000.0,1,0,1,3.0
Marrakech,route_d_ourika,False,Appartement,185.0,2.0,2.0,0.0,1900000.0,1,1,1,0.0
Marrakech,av_abdelkrim_el_khattabi,False,Appartement,105.0,2.0,1.0,0.0,1600000.0,1,1,1,0.0
Marrakech,autre_secteur,True,Appartement,57.0,2.0,0.0,1.0,1650000.0,1,1,1,1.0
Marrakech,hay_charaf,False,Appartement,84.0,2.0,2.0,0.0,1300000.0,1,1,1,0.0
Marrakech,mabrouka,False,Appartement,64.0,2.0,0.0,4.0,4650000.0,1,1,1,4.0
Marrakech,targa,False,Appartement,166.0,3.0,2.0,unknown,1400000.0,0,1,1,unknown
Marrakech,route_de_safi,False,Appartement,56.0,2.0,1.0,4.0,4610000.0,1,1,1,4.0
Marrakech,hay_izdihar,False,Appartement,240.0,3.0,3.0,1.0,12390000.0,1,1,1,1.0
Marrakech,hay_al_hassani,False,Appartement,58.0,2.0,1.0,0.0,440000.0,1,1,1,0.0
Marrakech,av_mohammed_v,False,Appartement,67.0,2.0,1.0,4.0,1700000.0,1,0,0,4.0
Marrakech,mabrouka,False,Appartement,56.0,2.0,1.0,1.0,1640000.0,1,1,1,1.0
Marrakech,hay_izdihar,False,Appartement,56.0,2.0,1.0,0.0,630000.0,1,1,1,0.0
Marrakech,guéliz,False,Appartement,39.0,1.0,1.0,3.0,3420000.0,1,1,1,3.0
Marrakech,ain_mezouar,False,Appartement,39.0,1.0,1.0,3.0,3420000.0,1,1,1,3.0
Marrakech,guéliz,False,Appartement,60.0,2.0,1.0,3.0,3570000.0,1,1,1,3.0
Marrakech,m_hamid,False,Appartement,126.0,2.0,2.0,2.0,2820000.0,1,1,1,2.0
Marrakech,massira_1,False,Appartement,57.0,2.0,1.0,3.0,3560000.0,1,1,1,3.0
Marrakech,allal_el_fassi,False,Appartement,62.0,2.0,1.0,3.0,3650000.0,1,1,1,3.0
Marrakech,route_de_casablanca,False,Appartement,52.0,2.0,1.0,4.0,4500000.0,1,1,1,4.0
Marrakech,m_hamid,False,Appartement,54.0,2.0,1.0,4.0,4460000.0,1,1,1,4.0
Marrakech,les_portes_de_marrakech,False,Appartement,55.0,2.0,1.0,4.0,431000.0,1,1,1,4.0
Marrakech,massira_1,False,Appartement,60.0,2.0,1.0,2.0,270000.0,1,1,1,2.0
Marrakech,les_portes_de_marrakech,False,Appartement,70.0,2.0,1.0,0.0,560000.0,1,1,0,0.0
Marrakech,les_portes_de_marrakech,False,Appartement,57.0,2.0,2.0,4.0,4340000.0,1,1,1,4.0
Marrakech,massira_1,False,Appartement,50.0,2.0,1.0,1.0,1250000.0,1,1,1,1.0
Marrakech,route_de_safi,False,Appartement,62.0,1.0,1.0,2.0,216000.0,1,1,1,2.0
Marrakech,autre_secteur,True,Appartement,67.0,3.0,1.0,2.0,214000.0,1,0,1,2.0
Marrakech,autre_secteur,True,Appartement,56.0,2.0,1.0,3.0,3580000.0,1,1,1,3.0
Marrakech,targa,False,Appartement,56.0,2.0,1.0,0.0,400000.0,1,1,1,0.0
Marrakech,guéliz,False,Appartement,56.0,2.0,2.0,1.0,1790000.0,1,1,1,1.0
Marrakech,guéliz,False,Appartement,84.0,2.0,0.0,0.0,1050000.0,1,1,1,0.0
Marrakech,guéliz,False,Appartement,67.0,2.0,2.0,1.0,2350000.0,1,0,1,1.0
Marrakech,route_de_casablanca,False,Appartement,67.0,1.0,1.0,2.0,2760000.0,1,0,1,2.0
Marrakech,autre_secteur,True,Appartement,107.0,2.0,1.0,unknown,1920000.0,0,1,1,unknown
Marrakech,les_portes_de_marrakech,False,Appartement,53.0,2.0,2.0,2.0,2380000.0,1,1,1,2.0
Marrakech,azzouzia,False,Appartement,90.0,2.0,1.0,0.0,780000.0,1,1,1,0.0
Marrakech,azzouzia,False,Appartement,63.0,2.0,2.0,3.0,3500000.0,1,1,1,3.0
Marrakech,route_de_safi,False,Appartement,82.0,2.0,2.0,0.0,1100000.0,1,1,1,0.0
Marrakech,azzouzia,False,Appartement,108.0,3.0,2.0,4.0,4850000.0,1,1,1,4.0
Marrakech,allal_el_fassi,False,Appartement,70.0,2.0,1.0,1.0,1850000.0,1,1,1,1.0
Marrakech,route_de_casablanca,False,Appartement,107.0,2.0,2.0,0.0,2000000.0,1,1,1,0.0
Marrakech,azzouzia,False,Appartement,48.0,1.0,1.0,3.0,3400000.0,1,1,1,3.0
Marrakech,av_abdelkrim_el_khattabi,False,Appartement,53.0,1.0,2.0,4.0,4865000.0,1,1,1,4.0
Marrakech,agdal,False,Appartement,78.0,2.0,2.0,0.0,1800000.0,1,1,1,0.0
Marrakech,majorelle,False,Appartement,67.0,2.0,2.0,3.0,1650000.0,1,0,1,3.0
Marrakech,m_hamid,False,Appartement,130.0,3.0,2.0,2.0,2920000.0,1,1,1,2.0
Marrakech,av_mohammed_vi,False,Appartement,67.0,3.0,2.0,1.0,2400000.0,1,0,1,1.0
Marrakech,autre_secteur,True,Appartement,67.0,2.0,0.0,2.0,2700000.0,1,0,1,2.0
Marrakech,allal_el_fassi,False,Appartement,67.0,2.0,1.0,4.0,1080000.0,1,0,0,4.0
Marrakech,targa,False,Appartement,67.0,2.0,1.0,0.0,520000.0,1,0,1,0.0
Marrakech,hay_charaf,False,Appartement,63.0,2.0,1.0,2.0,2820000.0,1,1,1,2.0
Marrakech,sidi_abbad,False,Appartement,67.0,2.0,1.0,3.0,1100000.0,1,0,0,3.0
Marrakech,route_de_tahanaoute,False,Appartement,70.0,1.0,1.0,0.0,150000.0,1,1,1,0.0
Marrakech,mabrouka,False,Appartement,65.0,2.0,1.0,2.0,2650000.0,1,1,1,2.0
Marrakech,route_d_amezmiz,False,Appartement,67.0,2.0,1.0,1.0,1550000.0,1,0,1,1.0
Marrakech,ain_mezouar,False,Appartement,75.0,2.0,1.0,0.0,660000.0,1,1,1,0.0
Marrakech,daoudiate,False,Appartement,67.0,2.0,1.0,1.0,1850000.0,1,1,0,1.0
Marrakech,hivernage,False,Appartement,146.0,3.0,2.0,1.0,12500000.0,1,1,1,1.0
Marrakech,guéliz,False,Appartement,133.0,2.0,2.0,0.0,1903000.0,1,1,1,0.0
Marrakech,guéliz,False,Appartement,67.0,2.0,1.0,2.0,1200000.0,1,0,1,2.0
Marrakech,les_portes_de_marrakech,False,Appartement,60.0,2.0,2.0,1.0,1450000.0,1,1,1,1.0
Marrakech,route_de_casablanca,False,Appartement,60.0,2.0,1.0,5.0,5540000.0,1,1,1,5.0
Marrakech,palmeraie,False,Appartement,220.0,3.0,1.0,0.0,3200000.0,1,1,0,0.0
Marrakech,av_abdelkrim_el_khattabi,False,Appartement,48.0,1.0,0.0,0.0,880000.0,1,1,1,0.0
Marrakech,m_hamid,False,Appartement,85.0,2.0,2.0,3.0,3680000.0,1,1,1,3.0
Marrakech,les_portes_de_marrakech,False,Appartement,72.0,2.0,2.0,2.0,2600000.0,1,1,1,2.0
Marrakech,sanaoubar,False,Appartement,67.0,2.0,1.0,3.0,3750000.0,1,0,0,3.0
Marrakech,autre_secteur,True,Appartement,70.0,2.0,1.0,2.0,2600000.0,1,1,1,2.0
Marrakech,hay_izdihar,False,Appartement,48.0,1.0,1.0,4.0,4400000.0,1,1,1,4.0
Marrakech,semlalia,False,Appartement,176.0,2.0,2.0,0.0,1900000.0,1,1,1,0.0
Marrakech,agdal,False,Appartement,78.0,2.0,2.0,0.0,2500000.0,1,1,1,0.0
Marrakech,route_de_casablanca,False,Appartement,135.0,2.0,2.0,0.0,1350000.0,1,1,1,0.0
Marrakech,m_hamid,False,Appartement,72.0,3.0,2.0,2.0,2680000.0,1,1,1,2.0
Marrakech,massira_3,False,Appartement,67.0,2.0,2.0,3.0,3500000.0,1,0,1,3.0
Marrakech,m_hamid,False,Appartement,80.0,3.0,2.0,1.0,1900000.0,1,1,1,1.0
Marrakech,route_de_tamansourt,False,Appartement,56.0,2.0,1.0,2.0,2230000.0,1,1,1,2.0
Marrakech,guéliz,False,Appartement,77.0,2.0,2.0,3.0,320000.0,1,1,1,3.0
Marrakech,m_hamid,False,Appartement,71.0,3.0,1.0,3.0,3540000.0,1,1,1,3.0
Marrakech,targa,False,Appartement,70.0,2.0,2.0,2.0,2700000.0,1,1,1,2.0
Marrakech,route_de_casablanca,False,Appartement,60.0,2.0,1.0,4.0,4450000.0,1,1,1,4.0
Marrakech,guéliz,False,Appartement,30.0,1.0,1.0,1.0,1495000.0,1,1,1,1.0
Marrakech,semlalia,False,Appartement,67.0,2.0,1.0,1.0,1100000.0,1,0,1,1.0
Marrakech,azzouzia,False,Appartement,58.0,2.0,1.0,0.0,400000.0,1,1,1,0.0
Marrakech,route_de_casablanca,False,Appartement,107.0,2.0,1.0,0.0,1900000.0,1,1,1,0.0
Marrakech,semlalia,False,Appartement,46.0,1.0,1.0,3.0,321000.0,1,1,1,3.0
Marrakech,route_d_amezmiz,False,Appartement,66.0,2.0,1.0,2.0,2560000.0,1,1,1,2.0
Marrakech,semlalia,False,Appartement,67.0,2.0,2.0,1.0,1650000.0,1,0,1,1.0
Marrakech,es_saada,False,Appartement,52.0,2.0,1.0,0.0,450000.0,1,1,1,0.0
Marrakech,massira_2,False,Appartement,90.0,3.0,1.0,3.0,3700000.0,1,1,1,3.0
Marrakech,route_de_casablanca,False,Appartement,200.0,3.0,2.0,0.0,2450000.0,1,1,1,0.0
Marrakech,azzouzia,False,Appartement,75.0,2.0,1.0,2.0,2620000.0,1,1,1,2.0
Marrakech,massira,False,Appartement,74.0,2.0,0.0,2.0,2720000.0,1,1,1,2.0
Marrakech,hay_izdihar,False,Appartement,97.0,4.0,2.0,0.0,1500000.0,1,1,1,0.0
Marrakech,hivernage,False,Appartement,100.0,3.0,2.0,0.0,3720000.0,1,1,1,0.0
Marrakech,massira_2,False,Appartement,55.0,2.0,0.0,2.0,2400000.0,1,1,1,2.0
Marrakech,m_hamid,False,Appartement,67.0,2.0,2.0,1.0,1450000.0,1,0,1,1.0
Marrakech,m_hamid,False,Appartement,64.0,2.0,1.0,2.0,2600000.0,1,1,1,2.0
Marrakech,hay_charaf,False,Appartement,60.0,2.0,1.0,0.0,530000.0,1,1,1,0.0
Marrakech,mabrouka,False,Appartement,73.0,3.0,2.0,2.0,2740000.0,1,1,1,2.0
Marrakech,hay_izdihar,False,Appartement,68.0,2.0,1.0,3.0,3920000.0,1,1,1,3.0
Marrakech,autre_secteur,True,Appartement,85.0,2.0,1.0,1.0,1380000.0,1,1,1,1.0
Marrakech,mabrouka,False,Appartement,112.0,3.0,2.0,0.0,1600000.0,1,1,1,0.0
Marrakech,m_hamid,False,Appartement,118.0,2.0,2.0,1.0,1800000.0,1,1,1,1.0
Marrakech,route_de_casablanca,False,Appartement,67.0,2.0,1.0,0.0,1900000.0,1,0,1,0.0
Marrakech,hivernage,False,Appartement,74.0,2.0,1.0,0.0,1100000.0,1,1,1,0.0
Marrakech,massira_1,False,Appartement,81.0,2.0,1.0,5.0,5800000.0,1,1,1,5.0
Marrakech,autre_secteur,True,Appartement,155.0,2.0,3.0,0.0,1270000.0,1,1,1,0.0
Marrakech,route_de_safi,False,Appartement,67.0,2.0,2.0,1.0,1800000.0,1,0,1,1.0
Marrakech,guéliz,False,Appartement,60.0,2.0,1.0,1.0,1580000.0,1,1,1,1.0
Marrakech,mabrouka,False,Appartement,67.0,1.0,1.0,3.0,3420000.0,1,0,1,3.0
Marrakech,autre_secteur,True,Appartement,60.0,2.0,1.0,2.0,2550000.0,1,1,1,2.0
Marrakech,les_portes_de_marrakech,False,Appartement,69.0,2.0,2.0,1.0,1540000.0,1,1,1,1.0
Marrakech,mabrouka,False,Appartement,54.0,2.0,2.0,1.0,1800000.0,1,1,1,1.0
Marrakech,les_portes_de_marrakech,False,Appartement,58.0,2.0,1.0,3.0,3600000.0,1,1,1,3.0
Marrakech,allal_el_fassi,False,Appartement,67.0,3.0,2.0,0.0,1200000.0,1,0,1,0.0
Marrakech,route_de_tamansourt,False,Appartement,90.0,2.0,1.0,0.0,400000.0,1,1,1,0.0
Marrakech,mabrouka,False,Appartement,67.0,2.0,2.0,1.0,1800000.0,1,0,1,1.0
Marrakech,massira_2,False,Appartement,95.0,3.0,2.0,3.0,3930000.0,1,1,1,3.0
Marrakech,hay_izdihar,False,Appartement,67.0,2.0,1.0,4.0,4750000.0,1,0,1,4.0
Marrakech,autre_secteur,True,Appartement,67.0,2.0,2.0,2.0,2300000.0,1,0,1,2.0
Marrakech,m_hamid,False,Appartement,57.0,2.0,1.0,1.0,1590000.0,1,1,1,1.0
Marrakech,socoma,False,Appartement,65.0,2.0,1.0,3.0,3600000.0,1,1,1,3.0
Marrakech,mabrouka,False,Appartement,64.0,2.0,1.0,1.0,1580000.0,1,1,1,1.0
Marrakech,route_de_casablanca,False,Appartement,54.0,1.0,1.0,2.0,2800000.0,1,1,1,2.0
Marrakech,semlalia,False,Appartement,67.0,3.0,1.0,1.0,1800000.0,1,0,0,1.0
Marrakech,guéliz,False,Appartement,61.0,2.0,1.0,0.0,750000.0,1,1,1,0.0
Marrakech,les_portes_de_marrakech,False,Appartement,59.0,2.0,2.0,3.0,3480000.0,1,1,1,3.0
Marrakech,hay_charaf,False,Appartement,63.0,2.0,1.0,3.0,3480000.0,1,1,1,3.0
Marrakech,route_de_casablanca,False,Appartement,67.0,2.0,1.0,1.0,6000000.0,1,0,1,1.0
Marrakech,mabrouka,False,Appartement,45.0,1.0,1.0,1.0,1700000.0,1,1,1,1.0
Marrakech,agdal,False,Appartement,102.0,2.0,2.0,0.0,2000000.0,1,1,1,0.0
Marrakech,guéliz,False,Appartement,67.0,2.0,2.0,5.0,3800000.0,1,0,1,5.0
Marrakech,massira,False,Appartement,89.0,2.0,0.0,2.0,2685000.0,1,1,1,2.0
Marrakech,massira,False,Appartement,88.0,2.0,0.0,3.0,3680000.0,1,1,1,3.0
Marrakech,m_hamid,False,Appartement,80.0,2.0,1.0,0.0,640000.0,1,1,1,0.0
Marrakech,azzouzia,False,Appartement,127.0,3.0,2.0,0.0,1100000.0,1,1,1,0.0
Marrakech,mabrouka,False,Appartement,67.0,2.0,1.0,2.0,2850000.0,1,0,1,2.0
Marrakech,route_de_casablanca,False,Appartement,60.0,2.0,1.0,5.0,5530000.0,1,1,1,5.0
Marrakech,hay_izdihar,False,Appartement,53.0,2.0,1.0,1.0,1540000.0,1,1,1,1.0
Marrakech,hay_charaf,False,Appartement,75.0,2.0,1.0,4.0,410000.0,1,1,1,4.0
Marrakech,victor_hugo,False,Appartement,67.0,2.0,1.0,3.0,1500000.0,1,0,1,3.0
Marrakech,hay_targa,False,Appartement,64.0,2.0,1.0,1.0,1600000.0,1,1,1,1.0
Marrakech,hivernage,False,Appartement,64.0,1.0,1.0,0.0,1280000.0,1,1,1,0.0
Marrakech,route_de_safi,False,Appartement,53.0,2.0,2.0,2.0,2730000.0,1,1,1,2.0
Marrakech,route_de_safi,False,Appartement,44.0,1.0,1.0,2.0,221000.0,1,1,1,2.0
Marrakech,semlalia,False,Appartement,40.0,1.0,1.0,1.0,121000.0,1,1,1,1.0
Marrakech,route_de_casablanca,False,Appartement,67.0,1.0,2.0,4.0,4850000.0,1,0,1,4.0
Marrakech,m_hamid,False,Appartement,76.0,2.0,2.0,1.0,1560000.0,1,1,1,1.0
Marrakech,route_de_casablanca,False,Appartement,75.0,2.0,1.0,0.0,1500000.0,1,1,1,0.0
Marrakech,route_de_safi,False,Appartement,47.0,1.0,1.0,2.0,217000.0,1,1,1,2.0
Marrakech,route_de_casablanca,False,Appartement,67.0,2.0,1.0,3.0,1450000.0,1,0,1,3.0
Marrakech,mabrouka,False,Appartement,78.0,2.0,1.0,2.0,2780000.0,1,1,1,2.0
Marrakech,autre_secteur,True,Appartement,53.0,2.0,1.0,1.0,1600000.0,1,1,1,1.0
Marrakech,m_hamid,False,Appartement,50.0,1.0,1.0,0.0,400000.0,1,1,1,0.0
Marrakech,guéliz,False,Appartement,67.0,1.0,1.0,4.0,1070000.0,1,0,1,4.0
Marrakech,autre_secteur,True,Appartement,70.0,2.0,1.0,1.0,1340000.0,1,1,1,1.0
Marrakech,route_de_casablanca,False,Appartement,87.0,1.0,2.0,5.0,5940000.0,1,1,1,5.0
Marrakech,targa,False,Appartement,67.0,2.0,0.0,1.0,1480000.0,1,0,1,1.0
Marrakech,mabrouka,False,Appartement,80.0,2.0,1.0,0.0,730000.0,1,1,1,0.0
Marrakech,massira_2,False,Appartement,92.0,2.0,1.0,1.0,1890000.0,1,1,1,1.0
Marrakech,massira_3,False,Appartement,80.0,2.0,1.0,1.0,1680000.0,1,1,1,1.0
Marrakech,azzouzia,False,Appartement,84.0,2.0,1.0,1.0,1640000.0,1,1,1,1.0
Marrakech,azzouzia,False,Appartement,63.0,2.0,1.0,1.0,1640000.0,1,1,1,1.0
Marrakech,es_saada,False,Appartement,64.0,2.0,1.0,1.0,1640000.0,1,1,1,1.0
Marrakech,m_hamid,False,Appartement,50.0,1.0,0.0,3.0,3450000.0,1,1,1,3.0
Marrakech,route_de_casablanca,False,Appartement,67.0,1.0,1.0,1.0,1250000.0,1,0,1,1.0
Marrakech,massira_1,False,Appartement,67.0,3.0,2.0,4.0,4880000.0,1,0,1,4.0
Marrakech,m_hamid,False,Appartement,67.0,2.0,1.0,0.0,500000.0,1,0,1,0.0
Marrakech,massira,False,Appartement,60.0,2.0,1.0,1.0,136000.0,1,1,1,1.0
Marrakech,m_hamid,False,Appartement,60.0,2.0,0.0,2.0,2500000.0,1,1,1,2.0
Marrakech,ain_mezouar,False,Appartement,102.0,2.0,1.0,1.0,1750000.0,1,1,0,1.0
Marrakech,massira_1,False,Appartement,76.0,2.0,1.0,4.0,4720000.0,1,1,1,4.0
Marrakech,m_hamid,False,Appartement,67.0,2.0,1.0,0.0,600000.0,1,1,1,0.0
Marrakech,ain_mezouar,False,Appartement,129.0,3.0,3.0,0.0,1300000.0,1,1,1,0.0
Marrakech,autre_secteur,True,Appartement,65.0,2.0,1.0,4.0,4650000.0,1,1,1,4.0
Marrakech,hay_charaf,False,Appartement,67.0,3.0,1.0,1.0,115000.0,1,0,1,1.0
Marrakech,semlalia,False,Appartement,67.0,2.0,2.0,5.0,1200000.0,1,0,1,5.0
Marrakech,les_portes_de_marrakech,False,Appartement,69.0,2.0,1.0,1.0,1560000.0,1,1,1,1.0
Marrakech,hay_izdihar,False,Appartement,56.0,2.0,1.0,1.0,1775000.0,1,1,1,1.0
Marrakech,m_hamid,False,Appartement,62.0,2.0,1.0,2.0,2520000.0,1,1,1,2.0
Marrakech,m_hamid,False,Appartement,80.0,3.0,1.0,1.0,1670000.0,1,1,0,1.0
Marrakech,autre_secteur,True,Appartement,72.0,2.0,1.0,3.0,3900000.0,1,1,1,3.0
Marrakech,route_de_casablanca,False,Appartement,67.0,2.0,2.0,3.0,1400000.0,1,0,1,3.0
Marrakech,route_de_casablanca,False,Appartement,67.0,1.0,1.0,1.0,1350000.0,1,0,1,1.0
Marrakech,mabrouka,False,Appartement,67.0,1.0,1.0,3.0,3780000.0,1,0,1,3.0
Marrakech,guéliz,False,Appartement,67.0,2.0,2.0,1.0,2100000.0,1,0,1,1.0
Marrakech,rouidat,False,Appartement,67.0,3.0,1.0,4.0,4950000.0,1,0,1,4.0
Marrakech,route_de_casablanca,False,Appartement,105.0,2.0,1.0,0.0,1470000.0,1,1,1,0.0
Marrakech,autre_secteur,True,Appartement,58.0,2.0,1.0,3.0,3610000.0,1,1,1,3.0
Marrakech,autre_secteur,True,Appartement,60.0,2.0,1.0,0.0,1200000.0,1,1,1,0.0
Marrakech,autre_secteur,True,Appartement,135.0,3.0,3.0,0.0,3150000.0,1,1,1,0.0
Marrakech,autre_secteur,True,Appartement,63.0,2.0,1.0,4.0,4860000.0,1,1,1,4.0
Marrakech,autre_secteur,True,Appartement,68.0,2.0,1.0,4.0,4740000.0,1,1,1,4.0
Marrakech,autre_secteur,True,Appartement,83.0,3.0,2.0,3.0,3900000.0,1,1,1,3.0
Marrakech,autre_secteur,True,Appartement,58.0,1.0,1.0,3.0,3850000.0,1,1,1,3.0
Marrakech,autre_secteur,True,Appartement,216.0,2.0,3.0,0.0,3200000.0,1,1,1,0.0
Marrakech,azzouzia,False,Appartement,76.0,2.0,1.0,3.0,3600000.0,1,1,1,3.0
Marrakech,massira_3,False,Appartement,78.0,2.0,1.0,4.0,4640000.0,1,1,1,4.0
Marrakech,hivernage,False,Appartement,53.0,1.0,1.0,0.0,1430000.0,1,1,1,0.0
Marrakech,m_hamid,False,Appartement,68.0,2.0,1.0,2.0,2200000.0,1,1,1,2.0
Marrakech,m_hamid,False,Appartement,60.0,2.0,1.0,1.0,1480000.0,1,1,1,1.0
Marrakech,guéliz,False,Appartement,67.0,1.0,1.0,5.0,1300000.0,1,0,1,5.0
Marrakech,hay_izdihar,False,Appartement,65.0,2.0,1.0,3.0,3875000.0,1,1,1,3.0
Marrakech,hay_izdihar,False,Appartement,76.0,2.0,2.0,4.0,4900000.0,1,1,1,4.0
Marrakech,massira_1,False,Appartement,118.0,2.0,1.0,0.0,1400000.0,1,1,1,0.0
Marrakech,route_de_casablanca,False,Appartement,69.0,2.0,1.0,0.0,1800000.0,1,1,1,0.0
Marrakech,socoma,False,Appartement,80.0,3.0,1.0,3.0,370000.0,1,1,1,3.0
Marrakech,victor_hugo,False,Appartement,67.0,2.0,1.0,1.0,1650000.0,1,0,1,1.0
Marrakech,route_d_amezmiz,False,Appartement,65.0,2.0,1.0,2.0,2750000.0,1,1,1,2.0
Marrakech,route_de_safi,False,Appartement,67.0,2.0,1.0,1.0,1000000.0,1,0,1,1.0
Marrakech,les_portes_de_marrakech,False,Appartement,74.0,2.0,2.0,3.0,3500000.0,1,1,1,3.0
Marrakech,guéliz,False,Appartement,67.0,2.0,2.0,1.0,1700000.0,1,0,1,1.0
Marrakech,mabrouka,False,Appartement,67.0,2.0,2.0,1.0,1500000.0,1,0,1,1.0
Marrakech,mabrouka,False,Appartement,67.0,2.0,2.0,1.0,1380000.0,1,0,1,1.0
Marrakech,majorelle,False,Appartement,67.0,3.0,2.0,2.0,2900000.0,1,0,1,2.0
Marrakech,agdal,False,Appartement,67.0,3.0,0.0,1.0,2600000.0,1,0,1,1.0
Marrakech,ain_mezouar,False,Appartement,55.0,2.0,1.0,3.0,3460000.0,1,1,1,3.0
Marrakech,autre_secteur,True,Appartement,75.0,2.0,2.0,3.0,3740000.0,1,1,1,3.0
Marrakech,allal_el_fassi,False,Appartement,54.0,2.0,1.0,3.0,3600000.0,1,1,1,3.0
Marrakech,semlalia,False,Appartement,67.0,2.0,1.0,1.0,1650000.0,1,0,1,1.0
Marrakech,autre_secteur,True,Appartement,67.0,3.0,2.0,1.0,2300000.0,1,0,1,1.0
Marrakech,guéliz,False,Appartement,45.0,1.0,1.0,1.0,1950000.0,1,1,0,1.0
Marrakech,autre_secteur,True,Appartement,50.0,2.0,1.0,1.0,1260000.0,1,1,1,1.0
Marrakech,centre_ville,True,Appartement,46.0,1.0,1.0,2.0,2850000.0,1,1,1,2.0
Marrakech,rouidat,False,Appartement,67.0,2.0,1.0,5.0,1540000.0,1,0,1,5.0
Marrakech,autre_secteur,True,Appartement,68.0,2.0,1.0,2.0,2560000.0,1,1,1,2.0
Marrakech,m_hamid,False,Appartement,91.0,2.0,2.0,3.0,3690000.0,1,1,1,3.0
Marrakech,es_saada,False,Appartement,62.0,2.0,1.0,3.0,3490000.0,1,1,1,3.0
Marrakech,mabrouka,False,Appartement,55.0,2.0,0.0,4.0,4600000.0,1,1,1,4.0
Marrakech,autre_secteur,True,Appartement,54.0,2.0,2.0,1.0,1720000.0,1,1,1,1.0
Marrakech,hay_izdihar,False,Appartement,57.0,2.0,1.0,3.0,3700000.0,1,1,1,3.0
Marrakech,autre_secteur,True,Appartement,63.0,2.0,1.0,4.0,4590000.0,1,1,1,4.0
Marrakech,route_de_casablanca,False,Appartement,52.0,2.0,1.0,3.0,3500000.0,1,1,1,3.0
Marrakech,route_de_casablanca,False,Appartement,56.0,1.0,1.0,0.0,1370000.0,1,1,1,0.0
Marrakech,m_hamid,False,Appartement,66.0,2.0,1.0,2.0,2580000.0,1,1,1,2.0
Marrakech,hay_izdihar,False,Appartement,72.0,2.0,1.0,3.0,3900000.0,1,1,1,3.0
Marrakech,azzouzia,False,Appartement,74.0,2.0,1.0,2.0,2670000.0,1,1,1,2.0
Marrakech,palmeraie,False,Appartement,111.0,2.0,1.0,0.0,1950000.0,1,1,1,0.0
Marrakech,mabrouka,False,Appartement,65.0,2.0,1.0,0.0,660000.0,1,1,1,0.0
Marrakech,route_de_casablanca,False,Appartement,275.0,4.0,3.0,0.0,3400000.0,1,1,1,0.0
Marrakech,route_de_safi,False,Appartement,89.0,2.0,2.0,0.0,1600000.0,1,1,1,0.0
Marrakech,palmeraie,False,Appartement,65.0,1.0,1.0,0.0,880000.0,1,1,1,0.0
Marrakech,mabrouka,False,Appartement,63.0,2.0,1.0,3.0,3650000.0,1,1,1,3.0
Marrakech,marrakech,False,Appartement,60.0,2.0,1.0,2.0,2720000.0,1,1,1,2.0
Marrakech,route_de_tamansourt,False,Appartement,54.0,2.0,1.0,4.0,4240000.0,1,1,1,4.0
Marrakech,route_de_tamansourt,False,Appartement,55.0,2.0,1.0,4.0,4240000.0,1,1,1,4.0
Marrakech,hay_izdihar,False,Appartement,60.0,2.0,1.0,3.0,3560000.0,1,1,1,3.0
Marrakech,hay_charaf,False,Appartement,67.0,2.0,1.0,2.0,215000.0,1,0,1,2.0
Marrakech,amerchich,False,Appartement,62.0,2.0,1.0,3.0,3590000.0,1,1,1,3.0
Marrakech,autre_secteur,True,Appartement,71.0,2.0,1.0,4.0,4550000.0,1,1,1,4.0
Marrakech,autre_secteur,True,Appartement,58.0,2.0,1.0,4.0,4685000.0,1,1,1,4.0
Marrakech,azzouzia,False,Appartement,71.0,2.0,2.0,2.0,2590000.0,1,1,1,2.0
Marrakech,amelkis,False,Appartement,157.0,1.0,1.0,unknown,1750000.0,0,1,1,unknown
Marrakech,m_hamid,False,Appartement,67.0,3.0,0.0,0.0,440000.0,1,0,1,0.0
Marrakech,daoudiate,False,Appartement,71.0,2.0,1.0,1.0,1780000.0,1,1,1,1.0
Marrakech,route_de_casablanca,False,Appartement,54.0,2.0,0.0,1.0,1500000.0,1,1,1,1.0
Marrakech,semlalia,False,Appartement,67.0,2.0,1.0,3.0,1100000.0,1,0,1,3.0
Marrakech,guéliz,False,Appartement,67.0,3.0,3.0,3.0,2500000.0,1,0,1,3.0
Marrakech,guéliz,False,Appartement,67.0,3.0,2.0,2.0,1600000.0,1,0,1,2.0
Marrakech,guéliz,False,Appartement,74.0,1.0,2.0,0.0,1708000.0,1,1,1,0.0
Marrakech,guéliz,False,Appartement,57.0,1.0,2.0,0.0,1267000.0,1,1,1,0.0
Marrakech,guéliz,False,Appartement,48.0,1.0,2.0,0.0,1076000.0,1,1,1,0.0
Marrakech,mabrouka,False,Appartement,48.0,2.0,1.0,0.0,520000.0,1,1,1,0.0
Marrakech,m_hamid,False,Appartement,64.0,2.0,1.0,2.0,2580000.0,1,1,1,2.0
Marrakech,mabrouka,False,Appartement,67.0,2.0,1.0,2.0,2600000.0,1,0,0,2.0
Marrakech,hay_izdihar,False,Appartement,57.0,2.0,2.0,0.0,680000.0,1,1,1,0.0
Marrakech,route_de_fès,False,Appartement,157.0,1.0,1.0,1.0,11750000.0,1,1,1,1.0
Marrakech,m_hamid,False,Appartement,65.0,3.0,1.0,3.0,3650000.0,1,1,1,3.0
Marrakech,route_de_casablanca,False,Appartement,79.0,2.0,2.0,5.0,5700000.0,1,1,1,5.0
Marrakech,les_portes_de_marrakech,False,Appartement,58.0,2.0,1.0,3.0,3450000.0,1,1,1,3.0
Marrakech,m_hamid,False,Appartement,67.0,3.0,2.0,1.0,1460000.0,1,1,1,1.0
Marrakech,guéliz,False,Appartement,169.0,3.0,2.0,0.0,2600000.0,1,1,1,0.0
Marrakech,azzouzia,False,Appartement,74.0,2.0,1.0,4.0,4680000.0,1,1,1,4.0
Marrakech,hay_charaf,False,Appartement,92.0,2.0,1.0,0.0,950000.0,1,1,1,0.0
Marrakech,guéliz,False,Appartement,135.0,3.0,3.0,0.0,3150000.0,1,1,1,0.0
Marrakech,route_de_casablanca,False,Appartement,63.0,2.0,1.0,4.0,4860000.0,1,1,1,4.0
Marrakech,hay_izdihar,False,Appartement,83.0,3.0,1.0,3.0,3900000.0,1,1,1,3.0
Marrakech,mabrouka,False,Appartement,70.0,2.0,1.0,2.0,2750000.0,1,1,1,2.0
Marrakech,les_portes_de_marrakech,False,Appartement,79.0,3.0,1.0,3.0,3680000.0,1,1,1,3.0
Marrakech,m_hamid,False,Appartement,67.0,3.0,1.0,3.0,3500000.0,1,0,0,3.0
Marrakech,guéliz,False,Appartement,67.0,1.0,1.0,1.0,1270000.0,1,0,1,1.0
Marrakech,hay_izdihar,False,Appartement,67.0,2.0,1.0,4.0,4750000.0,1,1,1,4.0
Marrakech,azzouzia,False,Appartement,74.0,2.0,2.0,1.0,1680000.0,1,1,1,1.0
Marrakech,azli,False,Appartement,95.0,3.0,1.0,1.0,1920000.0,1,1,1,1.0
Marrakech,autre_secteur,True,Appartement,67.0,2.0,1.0,3.0,3410000.0,1,0,1,3.0
Marrakech,massira_1,False,Appartement,64.0,2.0,0.0,2.0,2200000.0,1,1,1,2.0
Marrakech,mabrouka,False,Appartement,57.0,2.0,1.0,0.0,670000.0,1,1,1,0.0
Marrakech,guéliz,False,Appartement,67.0,1.0,1.0,3.0,1370000.0,1,0,1,3.0
Marrakech,hay_charaf,False,Appartement,67.0,2.0,2.0,1.0,1100000.0,1,0,1,1.0
Marrakech,daoudiate,False,Appartement,67.0,2.0,2.0,0.0,1270000.0,1,0,1,0.0
Marrakech,route_de_safi,False,Appartement,55.0,2.0,1.0,0.0,630000.0,1,1,1,0.0
Marrakech,azzouzia,False,Appartement,83.0,2.0,2.0,3.0,3600000.0,1,1,1,3.0
Marrakech,m_hamid,False,Appartement,58.0,2.0,1.0,3.0,3480000.0,1,1,1,3.0
Marrakech,issil,False,Appartement,80.0,1.0,1.0,4.0,4900000.0,1,1,1,4.0
Marrakech,hay_al_massar,False,Appartement,137.0,2.0,2.0,1.0,1900000.0,1,1,1,1.0
Marrakech,massira,False,Appartement,67.0,4.0,4.0,3.0,3970000.0,1,0,1,3.0
Marrakech,route_de_casablanca,False,Appartement,57.0,2.0,1.0,2.0,2640000.0,1,1,0,2.0
Marrakech,hay_targa,False,Appartement,67.0,2.0,2.0,1.0,1300000.0,1,0,1,1.0
Marrakech,ain_mezouar,False,Appartement,55.0,2.0,1.0,3.0,3480000.0,1,1,1,3.0
Marrakech,centre_ville,True,Appartement,49.0,1.0,1.0,2.0,220000.0,1,1,1,2.0
Marrakech,daoudiate,False,Appartement,70.0,2.0,1.0,0.0,560000.0,1,1,1,0.0
Marrakech,hivernage,False,Appartement,105.0,3.0,2.0,0.0,1890000.0,1,1,1,0.0
Marrakech,route_de_casablanca,False,Appartement,52.0,2.0,1.0,1.0,1850000.0,1,1,1,1.0
Marrakech,m_hamid,False,Appartement,78.0,2.0,1.0,2.0,2550000.0,1,1,1,2.0
Marrakech,hay_al_hassani,False,Appartement,71.0,2.0,1.0,1.0,1630000.0,1,1,1,1.0
Marrakech,m_hamid,False,Appartement,52.0,2.0,1.0,1.0,1370000.0,1,1,1,1.0
Marrakech,hay_izdihar,False,Appartement,96.0,2.0,1.0,2.0,2930000.0,1,1,1,2.0
Marrakech,autre_secteur,True,Appartement,70.0,3.0,1.0,2.0,2600000.0,1,1,1,2.0
Marrakech,guéliz,False,Appartement,74.0,2.0,1.0,4.0,4850000.0,1,1,1,4.0
Marrakech,massira_1,False,Appartement,60.0,2.0,1.0,2.0,2740000.0,1,1,1,2.0
Marrakech,targa,False,Appartement,85.0,3.0,2.0,0.0,800000.0,1,1,1,0.0
Marrakech,centre_ville,True,Appartement,58.0,2.0,1.0,3.0,3600000.0,1,1,1,3.0
Marrakech,guéliz,False,Appartement,28.0,1.0,1.0,1.0,1620000.0,1,1,1,1.0
Marrakech,mabrouka,False,Appartement,67.0,2.0,1.0,4.0,1400000.0,1,0,1,4.0
Marrakech,m_hamid,False,Appartement,58.0,2.0,1.0,0.0,400000.0,1,1,1,0.0
Marrakech,majorelle,False,Appartement,130.0,2.0,3.0,1.0,12200000.0,1,1,1,1.0
Marrakech,autre_secteur,True,Appartement,58.0,2.0,0.0,0.0,270000.0,1,1,1,0.0
Marrakech,les_portes_de_marrakech,False,Appartement,59.0,2.0,1.0,1.0,1560000.0,1,1,1,1.0
Marrakech,bouaakkaz,False,Appartement,58.0,2.0,1.0,4.0,4470000.0,1,1,1,4.0
Marrakech,hivernage,False,Appartement,67.0,2.0,1.0,0.0,1100000.0,1,0,0,0.0
Marrakech,m_hamid,False,Appartement,135.0,3.0,3.0,0.0,1120000.0,1,1,1,0.0
Marrakech,route_de_safi,False,Appartement,57.0,2.0,1.0,0.0,620000.0,1,1,1,0.0
Marrakech,hay_charaf,False,Appartement,57.0,2.0,1.0,0.0,540000.0,1,1,1,0.0
Marrakech,hivernage,False,Appartement,76.0,2.0,1.0,0.0,1200000.0,1,1,1,0.0
Marrakech,massira_1,False,Appartement,86.0,3.0,2.0,5.0,5750000.0,1,1,1,5.0
Marrakech,m_hamid,False,Appartement,67.0,2.0,1.0,1.0,1480000.0,1,1,1,1.0
Marrakech,m_hamid,False,Appartement,67.0,3.0,2.0,1.0,1580000.0,1,1,1,1.0
Marrakech,route_d_amezmiz,False,Appartement,50.0,2.0,1.0,0.0,450000.0,1,1,1,0.0
Marrakech,autre_secteur,True,Appartement,63.0,2.0,1.0,4.0,4850000.0,1,1,1,4.0
Marrakech,guéliz,False,Appartement,175.0,3.0,2.0,0.0,2885000.0,1,1,1,0.0
Marrakech,m_hamid,False,Appartement,62.0,2.0,2.0,1.0,1600000.0,1,1,1,1.0
Marrakech,es_saada,False,Appartement,51.0,2.0,1.0,1.0,1480000.0,1,1,1,1.0
Marrakech,amerchich,False,Appartement,78.0,2.0,1.0,3.0,3660000.0,1,1,1,3.0
Marrakech,hay_annahda,False,Appartement,72.0,2.0,1.0,4.0,4570000.0,1,1,1,4.0
Marrakech,mabrouka,False,Appartement,57.0,2.0,1.0,3.0,3620000.0,1,1,1,3.0
Marrakech,route_de_casablanca,False,Appartement,107.0,2.0,2.0,0.0,1900000.0,1,1,1,0.0
Marrakech,route_de_casablanca,False,Appartement,40.0,1.0,1.0,2.0,2740000.0,1,1,1,2.0
Marrakech,m_hamid,False,Appartement,52.0,2.0,1.0,2.0,2560000.0,1,1,1,2.0
Marrakech,route_de_casablanca,False,Appartement,53.0,1.0,1.0,4.0,4900000.0,1,1,1,4.0
Marrakech,autre_secteur,True,Appartement,121.0,3.0,2.0,unknown,2150000.0,0,1,1,unknown
Marrakech,bouaakkaz,False,Appartement,81.0,2.0,1.0,3.0,3880000.0,1,1,1,3.0
Marrakech,route_de_casablanca,False,Appartement,83.0,2.0,2.0,3.0,3980000.0,1,1,1,3.0
Marrakech,m_hamid,False,Appartement,62.0,2.0,2.0,1.0,1580000.0,1,1,1,1.0
Marrakech,mabrouka,False,Appartement,56.0,2.0,1.0,1.0,1800000.0,1,1,1,1.0
Marrakech,bouaakkaz,False,Appartement,82.0,2.0,1.0,2.0,2910000.0,1,1,1,2.0
Marrakech,m_hamid,False,Appartement,62.0,2.0,1.0,1.0,1360000.0,1,1,1,1.0
Marrakech,semlalia,False,Appartement,87.0,3.0,1.0,4.0,4950000.0,1,1,1,4.0
Marrakech,es_saada,False,Appartement,58.0,2.0,2.0,1.0,1600000.0,1,1,1,1.0
Marrakech,guéliz,False,Appartement,60.0,1.0,1.0,1.0,1850000.0,1,1,1,1.0
Marrakech,ain_mezouar,False,Appartement,102.0,2.0,1.0,0.0,750000.0,1,1,1,0.0
Marrakech,les_portes_de_marrakech,False,Appartement,59.0,2.0,2.0,3.0,3380000.0,1,1,1,3.0
Marrakech,hay_izdihar,False,Appartement,74.0,3.0,1.0,4.0,4800000.0,1,1,1,4.0
Marrakech,mabrouka,False,Appartement,56.0,2.0,1.0,0.0,600000.0,1,1,1,0.0
Marrakech,m_hamid,False,Appartement,80.0,3.0,2.0,2.0,2740000.0,1,1,1,2.0
Marrakech,autre_secteur,True,Appartement,67.0,2.0,2.0,3.0,314000.0,1,0,1,3.0
Marrakech,m_hamid,False,Appartement,60.0,2.0,1.0,0.0,1200000.0,1,1,1,0.0
Marrakech,autre_secteur,True,Appartement,62.0,2.0,1.0,1.0,148000.0,1,1,1,1.0
Marrakech,hay_izdihar,False,Appartement,53.0,2.0,1.0,1.0,1700000.0,1,1,1,1.0
Marrakech,sidi_abbad,False,Appartement,67.0,1.0,1.0,4.0,416000.0,1,0,1,4.0
Marrakech,daoudiate,False,Appartement,88.0,2.0,2.0,3.0,3640000.0,1,1,1,3.0
Marrakech,hay_charaf,False,Appartement,37.0,1.0,1.0,4.0,418500.0,1,1,1,4.0
Marrakech,allal_el_fassi,False,Appartement,67.0,3.0,1.0,4.0,1160000.0,1,0,0,4.0
Marrakech,route_de_casablanca,False,Appartement,67.0,2.0,1.0,4.0,4450000.0,1,0,0,4.0
Marrakech,hay_charaf,False,Appartement,60.0,1.0,1.0,3.0,3420000.0,1,1,1,3.0
Marrakech,m_hamid,False,Appartement,52.0,2.0,1.0,2.0,2410000.0,1,1,1,2.0
Marrakech,route_d_amezmiz,False,Appartement,50.0,1.0,0.0,0.0,1250000.0,1,1,1,0.0
Marrakech,m_hamid,False,Appartement,80.0,3.0,1.0,3.0,3820000.0,1,1,1,3.0
Marrakech,m_hamid,False,Appartement,63.0,2.0,1.0,0.0,660000.0,1,1,1,0.0
Marrakech,azzouzia,False,Appartement,71.0,2.0,1.0,0.0,550000.0,1,1,1,0.0
Marrakech,hay_charaf,False,Appartement,60.0,2.0,1.0,0.0,550000.0,1,1,1,0.0
Marrakech,m_hamid,False,Appartement,81.0,3.0,2.0,1.0,1850000.0,1,1,1,1.0
Marrakech,massira_1,False,Appartement,67.0,2.0,2.0,4.0,4540000.0,1,0,1,4.0
Marrakech,azzouzia,False,Appartement,240.0,2.0,1.0,1.0,1650000.0,1,1,1,1.0
Marrakech,guéliz,False,Appartement,67.0,2.0,1.0,3.0,1200000.0,1,0,1,3.0
Marrakech,guéliz,False,Appartement,101.0,3.0,2.0,4.0,419000.0,1,1,1,4.0
Marrakech,palmeraie,False,Appartement,67.0,2.0,1.0,1.0,1350000.0,1,0,1,1.0
Marrakech,assif,False,Appartement,107.0,3.0,1.0,0.0,1200000.0,1,1,0,0.0
Marrakech,hay_charaf,False,Appartement,43.0,1.0,1.0,5.0,518300.0,1,1,1,5.0
Marrakech,berrima,False,Appartement,135.0,1.0,1.0,unknown,2700000.0,0,1,1,unknown
Marrakech,targa,False,Appartement,50.0,2.0,1.0,3.0,3630000.0,1,1,1,3.0
Marrakech,sidi_mimoun,False,Appartement,53.0,2.0,1.0,2.0,2320000.0,1,1,1,2.0
Marrakech,allal_el_fassi,False,Appartement,75.0,2.0,1.0,1.0,175000.0,1,1,1,1.0
Marrakech,guéliz,False,Appartement,135.0,3.0,3.0,1.0,1310000.0,1,1,1,1.0
Marrakech,daoudiate,False,Appartement,68.0,2.0,2.0,4.0,4550000.0,1,1,1,4.0
Marrakech,route_de_casablanca,False,Appartement,67.0,1.0,1.0,4.0,4950000.0,1,0,0,4.0
Marrakech,guéliz,False,Appartement,79.0,2.0,0.0,1.0,1650000.0,1,1,1,1.0
Marrakech,guéliz,False,Appartement,67.0,1.0,1.0,2.0,2800000.0,1,0,1,2.0
Marrakech,m_hamid,False,Appartement,91.0,2.0,1.0,3.0,3740000.0,1,1,1,3.0
Marrakech,hay_izdihar,False,Appartement,70.0,1.0,1.0,2.0,2930000.0,1,1,1,2.0
Marrakech,route_de_casablanca,False,Appartement,107.0,2.0,1.0,0.0,1990000.0,1,1,1,0.0
Marrakech,m_hamid,False,Appartement,67.0,2.0,1.0,3.0,3720000.0,1,0,1,3.0
Marrakech,route_d_ourika,False,Appartement,80.0,4.0,3.0,2.0,2550000.0,1,1,1,2.0
Marrakech,guéliz,False,Appartement,70.0,2.0,1.0,1.0,1695000.0,1,1,1,1.0
Marrakech,semlalia,False,Appartement,67.0,2.0,1.0,1.0,1700000.0,1,0,1,1.0
Marrakech,autre_secteur,True,Appartement,59.0,2.0,2.0,2.0,2310000.0,1,1,1,2.0
Marrakech,ain_mezouar,False,Appartement,56.0,2.0,1.0,3.0,3470000.0,1,1,1,3.0
Marrakech,les_portes_de_marrakech,False,Appartement,76.0,1.0,2.0,3.0,3550000.0,1,1,1,3.0
Marrakech,autre_secteur,True,Appartement,55.0,2.0,1.0,2.0,2470000.0,1,1,1,2.0
Marrakech,guéliz,False,Appartement,70.0,1.0,1.0,unknown,1450000.0,0,1,1,unknown
Marrakech,autre_secteur,True,Appartement,132.0,3.0,1.0,1.0,11600000.0,1,1,1,1.0
Marrakech,palmeraie,False,Appartement,67.0,3.0,2.0,2.0,2800000.0,1,0,1,2.0
Marrakech,guéliz,False,Appartement,74.0,3.0,1.0,2.0,2680000.0,1,1,0,2.0
Marrakech,mabrouka,False,Appartement,67.0,2.0,2.0,4.0,1450000.0,1,0,1,4.0
Marrakech,guéliz,False,Appartement,67.0,2.0,2.0,2.0,1280000.0,1,0,1,2.0
Marrakech,mabrouka,False,Appartement,58.0,2.0,1.0,2.0,2520000.0,1,1,1,2.0
Marrakech,semlalia,False,Appartement,90.0,3.0,1.0,4.0,4700000.0,1,1,1,4.0
Marrakech,autre_secteur,True,Appartement,64.0,2.0,1.0,2.0,2720000.0,1,1,1,2.0
Marrakech,av_abdelkrim_el_khattabi,False,Appartement,67.0,1.0,1.0,4.0,1380000.0,1,0,1,4.0
Marrakech,guéliz,False,Appartement,55.0,2.0,1.0,2.0,2780000.0,1,1,1,2.0
Marrakech,route_de_casablanca,False,Appartement,60.0,1.0,1.0,0.0,1378000.0,1,1,1,0.0
Marrakech,guéliz,False,Appartement,48.0,1.0,2.0,0.0,1212500.0,1,1,1,0.0
Marrakech,guéliz,False,Appartement,67.0,1.0,1.0,3.0,1280000.0,1,0,1,3.0
Marrakech,guéliz,False,Appartement,135.0,3.0,3.0,0.0,3200000.0,1,1,1,0.0
Marrakech,semlalia,False,Appartement,45.0,1.0,1.0,1.0,1820000.0,1,1,1,1.0
Marrakech,hay_izdihar,False,Appartement,57.0,2.0,2.0,0.0,700000.0,1,1,1,0.0
Marrakech,agdal,False,Appartement,97.0,2.0,1.0,0.0,2300000.0,1,1,1,0.0
Marrakech,agdal,False,Appartement,67.0,3.0,1.0,2.0,2900000.0,1,0,0,2.0
Marrakech,mabrouka,False,Appartement,78.0,1.0,1.0,0.0,620000.0,1,1,1,0.0
Marrakech,m_hamid,False,Appartement,62.0,2.0,1.0,0.0,510000.0,1,1,1,0.0
Marrakech,m_hamid,False,Appartement,90.0,3.0,1.0,1.0,1680000.0,1,1,1,1.0
Marrakech,route_de_casablanca,False,Appartement,85.0,2.0,1.0,0.0,1600000.0,1,1,1,0.0
Marrakech,mabrouka,False,Appartement,55.0,2.0,1.0,2.0,2640000.0,1,1,1,2.0
Marrakech,guéliz,False,Appartement,44.0,1.0,1.0,3.0,3940000.0,1,1,1,3.0
Marrakech,massira,False,Appartement,104.0,2.0,2.0,1.0,1900000.0,1,1,1,1.0
Marrakech,mabrouka,False,Appartement,66.0,2.0,1.0,2.0,2690000.0,1,1,1,2.0
Marrakech,guéliz,False,Appartement,168.0,2.0,2.0,0.0,2180000.0,1,1,1,0.0
Marrakech,amerchich,False,Appartement,114.0,3.0,1.0,4.0,4900000.0,1,1,1,4.0
Marrakech,autre_secteur,True,Appartement,67.0,2.0,2.0,1.0,2300000.0,1,0,1,1.0
Marrakech,ain_mezouar,False,Appartement,69.0,2.0,1.0,1.0,1720000.0,1,1,1,1.0
Marrakech,les_portes_de_marrakech,False,Appartement,67.0,2.0,1.0,2.0,2620000.0,1,0,1,2.0
Marrakech,route_de_casablanca,False,Appartement,83.0,2.0,1.0,5.0,5850000.0,1,1,1,5.0
Marrakech,hay_izdihar,False,Appartement,63.0,2.0,1.0,2.0,2850000.0,1,1,0,2.0
Marrakech,amelkis,False,Appartement,170.0,2.0,2.0,0.0,1800000.0,1,1,1,0.0
Marrakech,mabrouka,False,Appartement,58.0,1.0,1.0,0.0,890000.0,1,1,1,0.0
Marrakech,m_hamid,False,Appartement,72.0,2.0,1.0,4.0,4650000.0,1,1,1,4.0
Marrakech,les_portes_de_marrakech,False,Appartement,50.0,2.0,1.0,1.0,1420000.0,1,1,1,1.0
Marrakech,es_saada,False,Appartement,55.0,2.0,1.0,4.0,4420000.0,1,1,1,4.0
Marrakech,m_hamid,False,Appartement,76.0,1.0,2.0,2.0,2520000.0,1,1,1,2.0
Marrakech,route_de_safi,False,Appartement,67.0,2.0,1.0,1.0,1820000.0,1,0,1,1.0
Marrakech,guéliz,False,Appartement,67.0,1.0,1.0,2.0,1180000.0,1,0,1,2.0
Marrakech,guéliz,False,Appartement,67.0,1.0,1.0,3.0,1180000.0,1,0,0,3.0
Marrakech,guéliz,False,Appartement,54.0,2.0,1.0,2.0,2540000.0,1,1,1,2.0
Marrakech,bin_lkchali,False,Appartement,145.0,2.0,1.0,1.0,11100000.0,1,1,1,1.0
Marrakech,route_de_tamansourt,False,Appartement,67.0,2.0,1.0,2.0,2230000.0,1,0,1,2.0
Marrakech,route_de_casablanca,False,Appartement,67.0,2.0,1.0,5.0,1200000.0,1,0,1,5.0
Marrakech,victor_hugo,False,Appartement,67.0,2.0,2.0,1.0,2950000.0,1,0,1,1.0
Marrakech,palmeraie,False,Appartement,133.0,2.0,2.0,1.0,12000000.0,1,1,1,1.0
Marrakech,m_hamid,False,Appartement,57.0,3.0,1.0,3.0,3430000.0,1,1,1,3.0
Marrakech,route_de_casablanca,False,Appartement,68.0,2.0,1.0,4.0,4720000.0,1,1,1,4.0
Marrakech,route_d_amezmiz,False,Appartement,39.0,1.0,1.0,1.0,1698500.0,1,1,1,1.0
Marrakech,m_hamid,False,Appartement,76.0,2.0,2.0,2.0,2780000.0,1,1,1,2.0
Tanger,aharrarine,False,Appartement,76.0,2.0,1.0,5.0,512500.0,1,1,1,5.0
Tanger,centre_ville,True,Appartement,76.0,3.0,1.0,3.0,3880000.0,1,1,1,3.0
Tanger,centre_ville,True,Appartement,183.0,4.0,3.0,6.0,611500.0,1,1,1,6.0
Tanger,autre_secteur,True,Appartement,58.0,2.0,1.0,0.0,510000.0,1,1,1,0.0
Tanger,aharrarine,False,Appartement,88.0,3.0,1.0,2.0,212000.0,1,1,1,2.0
Tanger,autre_secteur,True,Appartement,58.0,2.0,1.0,2.0,2510000.0,1,1,0,2.0
Tanger,aharrarine,False,Appartement,66.0,2.0,1.0,2.0,2550000.0,1,1,1,2.0
Tanger,mesnana,False,Appartement,70.0,2.0,1.0,5.0,5580000.0,1,1,1,5.0
Tanger,marjane,False,Appartement,132.0,3.0,2.0,3.0,313500.0,1,1,1,3.0
Tanger,centre_ville,True,Appartement,70.0,3.0,2.0,4.0,1550000.0,1,0,1,4.0
Tanger,autre_secteur,True,Appartement,70.0,2.0,1.0,6.0,6620000.0,1,1,1,6.0
Tanger,mesnana,False,Appartement,76.0,2.0,2.0,4.0,415000.0,1,1,1,4.0
Tanger,malabata,False,Appartement,70.0,4.0,1.0,3.0,2850000.0,1,0,1,3.0
Tanger,aharrarine,False,Appartement,80.0,3.0,2.0,5.0,5690000.0,1,1,1,5.0
Tanger,hay_hassani,False,Appartement,86.0,2.0,1.0,3.0,313000.0,1,1,1,3.0
Tanger,autre_secteur,True,Appartement,66.0,2.0,1.0,1.0,1590000.0,1,1,1,1.0
Tanger,aharrarine,False,Appartement,56.0,2.0,1.0,1.0,1420000.0,1,1,1,1.0
Tanger,autre_secteur,True,Appartement,70.0,2.0,1.0,2.0,2580000.0,1,0,1,2.0
Tanger,marjane,False,Appartement,58.0,2.0,2.0,1.0,1670000.0,1,1,1,1.0
Tanger,marjane,False,Appartement,58.0,2.0,1.0,1.0,1670000.0,1,1,1,1.0
Tanger,malabata,False,Appartement,70.0,2.0,2.0,1.0,2900000.0,1,0,1,1.0
Tanger,autre_secteur,True,Appartement,80.0,3.0,1.0,4.0,4690000.0,1,1,0,4.0
Tanger,malabata,False,Appartement,70.0,2.0,1.0,1.0,1950000.0,1,0,1,1.0
Tanger,autre_secteur,True,Appartement,64.0,2.0,1.0,0.0,610000.0,1,1,1,0.0
Tanger,la_nouvelle_ville_ibn_battouta,False,Appartement,65.0,3.0,2.0,4.0,4439000.0,1,1,1,4.0
Tanger,administratif,False,Appartement,70.0,3.0,2.0,1.0,2640000.0,1,0,1,1.0
Tanger,malabata,False,Appartement,147.0,3.0,2.0,1.0,12400000.0,1,1,1,1.0
Tanger,centre,True,Appartement,50.0,2.0,1.0,3.0,3450000.0,1,1,1,3.0
Tanger,autre_secteur,True,Appartement,82.0,3.0,2.0,3.0,3600000.0,1,1,1,3.0
Tanger,autre_secteur,True,Appartement,61.0,2.0,1.0,4.0,4630000.0,1,1,1,4.0
Tanger,aouama_gharbia,False,Appartement,70.0,2.0,1.0,2.0,2380000.0,1,0,1,2.0
Tanger,hay_hassani,False,Appartement,70.0,2.0,1.0,1.0,1550000.0,1,1,1,1.0
Tanger,autre_secteur,True,Appartement,70.0,2.0,1.0,6.0,6460000.0,1,0,0,6.0
Tanger,marjane,False,Appartement,70.0,3.0,3.0,8.0,8950000.0,1,0,1,8.0
Tanger,autre_secteur,True,Appartement,70.0,3.0,1.0,5.0,5680000.0,1,0,1,5.0
Tanger,de_la_plage,False,Appartement,70.0,3.0,3.0,9.0,925000.0,1,0,1,9.0
Tanger,autre_secteur,True,Appartement,70.0,2.0,1.0,1.0,1530000.0,1,1,1,1.0
Tanger,centre_ville,True,Appartement,70.0,3.0,2.0,4.0,3600000.0,1,0,1,4.0
Tanger,autre_secteur,True,Appartement,60.0,2.0,1.0,0.0,505000.0,1,1,1,0.0
Tanger,mozart,False,Appartement,492.0,6.0,3.0,1.0,17500000.0,1,1,1,1.0
Tanger,hay_hassani,False,Appartement,88.0,3.0,2.0,2.0,211000.0,1,1,1,2.0
Tanger,autre_secteur,True,Appartement,83.0,3.0,2.0,2.0,211000.0,1,1,1,2.0
Tanger,autre_secteur,True,Appartement,70.0,1.0,1.0,1.0,1460000.0,1,0,1,1.0
Tanger,autre_secteur,True,Appartement,57.0,2.0,1.0,3.0,3450000.0,1,1,1,3.0
Tanger,zemmouri,False,Appartement,60.0,2.0,1.0,2.0,2510000.0,1,1,1,2.0
Tanger,marjane,False,Appartement,80.0,3.0,1.0,1.0,1820000.0,1,1,1,1.0
Tanger,hay_hassani,False,Appartement,80.0,3.0,1.0,1.0,1980000.0,1,1,1,1.0
Tanger,autre_secteur,True,Appartement,70.0,2.0,1.0,1.0,1660000.0,1,0,0,1.0
Tanger,centre,True,Appartement,146.0,3.0,2.0,1.0,11950000.0,1,1,1,1.0
Tanger,centre_ville,True,Appartement,60.0,2.0,1.0,4.0,4390000.0,1,1,1,4.0
Tanger,autre_secteur,True,Appartement,33.0,2.0,1.0,2.0,2330000.0,1,1,1,2.0
Tanger,castilla,False,Appartement,70.0,2.0,2.0,3.0,2200000.0,1,0,1,3.0
Tanger,boukhalef,False,Appartement,60.0,2.0,1.0,3.0,3330000.0,1,1,1,3.0
Tanger,autre_secteur,True,Appartement,62.0,2.0,1.0,1.0,1620000.0,1,1,1,1.0
Tanger,autre_secteur,True,Appartement,70.0,2.0,1.0,3.0,3380000.0,1,0,1,3.0
Tanger,autre_secteur,True,Appartement,70.0,2.0,1.0,6.0,6630000.0,1,1,0,6.0
Tanger,autre_secteur,True,Appartement,60.0,2.0,1.0,5.0,5400000.0,1,1,1,5.0
Tanger,centre_ville,True,Appartement,159.0,3.0,2.0,1.0,11950000.0,1,1,1,1.0
Tanger,autre_secteur,True,Appartement,70.0,2.0,1.0,5.0,5420000.0,1,0,1,5.0
Tanger,du_golf,False,Appartement,62.0,2.0,1.0,5.0,5520000.0,1,1,1,5.0
Tanger,autre_secteur,True,Appartement,64.0,2.0,1.0,2.0,2900000.0,1,1,1,2.0
Tanger,marjane,False,Appartement,55.0,2.0,1.0,3.0,3260000.0,1,1,1,3.0
Tanger,mesnana,False,Appartement,82.0,2.0,2.0,0.0,450000.0,1,1,1,0.0
Tanger,autre_secteur,True,Appartement,70.0,2.0,1.0,1.0,1490000.0,1,0,1,1.0
Tanger,boukhalef,False,Appartement,82.0,2.0,2.0,0.0,450000.0,1,1,1,0.0
Tanger,centre_ville,True,Appartement,100.0,2.0,1.0,0.0,750000.0,1,1,1,0.0
Tanger,iberie,False,Appartement,162.0,3.0,3.0,1.0,13078000.0,1,1,1,1.0
Tanger,la_nouvelle_ville_ibn_battouta,False,Appartement,50.0,2.0,1.0,4.0,4360000.0,1,1,1,4.0
Tanger,centre,True,Appartement,46.0,2.0,1.0,1.0,1730000.0,1,1,1,1.0
Tanger,marjane,False,Appartement,70.0,2.0,1.0,3.0,3760000.0,1,1,1,3.0
Tanger,tanja_balia,False,Appartement,88.0,2.0,1.0,1.0,1750000.0,1,1,1,1.0
Tanger,autre_secteur,True,Appartement,80.0,3.0,2.0,3.0,3860000.0,1,1,1,3.0
Tanger,hay_hassani,False,Appartement,64.0,2.0,1.0,3.0,3370000.0,1,1,1,3.0
Tanger,tanja_balia,False,Appartement,55.0,2.0,1.0,3.0,313500.0,1,1,1,3.0
Tanger,tanja_balia,False,Appartement,70.0,2.0,1.0,4.0,416000.0,1,1,1,4.0
Tanger,achakar,False,Appartement,70.0,2.0,2.0,3.0,3420000.0,1,1,1,3.0
Tanger,autre_secteur,True,Appartement,58.0,3.0,1.0,0.0,530000.0,1,1,1,0.0
Tanger,ahlane,False,Appartement,87.0,2.0,1.0,4.0,4700000.0,1,1,1,4.0
Tanger,moujahidine,False,Appartement,120.0,3.0,2.0,7.0,712000.0,1,1,1,7.0
Tanger,la_nouvelle_ville_ibn_battouta,False,Appartement,50.0,2.0,1.0,6.0,612000.0,1,1,1,6.0
Tanger,zemmouri,False,Appartement,57.0,2.0,1.0,0.0,700000.0,1,1,1,0.0
Tanger,hay_hassani,False,Appartement,62.0,2.0,1.0,1.0,1600000.0,1,1,1,1.0
Tanger,autre_secteur,True,Appartement,82.0,3.0,1.0,4.0,4690000.0,1,1,1,4.0
Tanger,autre_secteur,True,Appartement,69.0,2.0,1.0,5.0,5800000.0,1,1,1,5.0
Tanger,tanja_balia,False,Appartement,64.0,2.0,1.0,2.0,2650000.0,1,1,1,2.0
Tanger,autre_secteur,True,Appartement,134.0,2.0,2.0,0.0,3350000.0,1,1,1,0.0
Tanger,aouama_gharbia,False,Appartement,52.0,2.0,1.0,2.0,2280000.0,1,1,1,2.0
Tanger,autre_secteur,True,Appartement,130.0,3.0,2.0,1.0,12300000.0,1,1,1,1.0
Tanger,jbel_kbir,False,Appartement,70.0,3.0,2.0,2.0,225000.0,1,0,1,2.0
Tanger,marjane,False,Appartement,105.0,3.0,2.0,4.0,4950000.0,1,1,1,4.0
Tanger,ziatene,False,Appartement,115.0,2.0,1.0,3.0,3110000.0,1,1,1,3.0
Tanger,autre_secteur,True,Appartement,88.0,3.0,2.0,2.0,2792000.0,1,1,1,2.0
Tanger,hay_hassani,False,Appartement,58.0,2.0,1.0,1.0,150000.0,1,1,1,1.0
Tanger,ahlane,False,Appartement,65.0,2.0,2.0,1.0,1650000.0,1,1,1,1.0
Tanger,mesnana,False,Appartement,70.0,6.0,4.0,4.0,495000.0,1,1,1,4.0
Tanger,du_golf,False,Appartement,101.0,3.0,2.0,4.0,413000.0,1,1,1,4.0
Tanger,autre_secteur,True,Appartement,70.0,2.0,1.0,9.0,9920000.0,1,0,1,9.0
Tanger,mesnana,False,Appartement,70.0,2.0,2.0,1.0,1600000.0,1,0,1,1.0
Tanger,autre_secteur,True,Appartement,74.0,3.0,1.0,1.0,1675000.0,1,1,1,1.0
Tanger,boukhalef,False,Appartement,70.0,2.0,1.0,2.0,2580000.0,1,0,1,2.0
Tanger,moujahidine,False,Appartement,62.0,2.0,1.0,5.0,5520000.0,1,1,1,5.0
Tanger,mesnana,False,Appartement,60.0,2.0,1.0,0.0,600000.0,1,1,1,0.0
Tanger,hay_hassani,False,Appartement,90.0,3.0,2.0,4.0,4850000.0,1,1,1,4.0
Tanger,autre_secteur,True,Appartement,109.0,2.0,2.0,0.0,1890000.0,1,1,1,0.0
Tanger,el_mers_2,False,Appartement,53.0,2.0,1.0,1.0,1320000.0,1,1,1,1.0
Tanger,autre_secteur,True,Appartement,70.0,2.0,0.0,0.0,425000.0,1,0,1,0.0
Tanger,aharrarine,False,Appartement,70.0,2.0,1.0,1.0,1650000.0,1,1,1,1.0
Tanger,aharrarine,False,Appartement,70.0,2.0,2.0,5.0,5570000.0,1,1,1,5.0
Tanger,boukhalef,False,Appartement,70.0,2.0,1.0,1.0,1620000.0,1,0,1,1.0
Tanger,boukhalef,False,Appartement,70.0,2.0,1.0,3.0,3650000.0,1,0,1,3.0
Tanger,boukhalef,False,Appartement,70.0,2.0,1.0,5.0,5730000.0,1,0,1,5.0
Tanger,la_nouvelle_ville_ibn_battouta,False,Appartement,62.0,2.0,2.0,2.0,2500000.0,1,1,1,2.0
Tanger,branes_1,False,Appartement,115.0,2.0,1.0,4.0,4820000.0,1,1,1,4.0
Tanger,boukhalef,False,Appartement,70.0,1.0,1.0,1.0,1290000.0,1,0,1,1.0
Tanger,boukhalef,False,Appartement,70.0,2.0,1.0,1.0,1610000.0,1,0,1,1.0
Tanger,moujahidine,False,Appartement,50.0,2.0,1.0,2.0,2450000.0,1,1,1,2.0
Tanger,malabata,False,Appartement,39.0,1.0,1.0,1.0,1600000.0,1,1,1,1.0
Tanger,hay_hassani,False,Appartement,60.0,2.0,2.0,3.0,3700000.0,1,1,1,3.0
Tanger,zemmouri,False,Appartement,66.0,2.0,1.0,1.0,1540000.0,1,1,1,1.0
Tanger,mghogha,False,Appartement,84.0,3.0,2.0,4.0,4555000.0,1,1,1,4.0
Tanger,tanja_balia,False,Appartement,80.0,2.0,1.0,0.0,1400000.0,1,1,1,0.0
Tanger,ahlane,False,Appartement,125.0,3.0,2.0,0.0,3400000.0,1,1,1,0.0
Tanger,zone_industrielle_mghogha,False,Appartement,60.0,2.0,1.0,3.0,3500000.0,1,1,1,3.0
Tanger,hay_hassani,False,Appartement,58.0,2.0,1.0,1.0,1500000.0,1,1,1,1.0
Tanger,centre_ville,True,Appartement,137.0,3.0,2.0,4.0,416500.0,1,1,1,4.0
Tanger,autre_secteur,True,Appartement,70.0,3.0,1.0,4.0,4150000.0,1,0,0,4.0
Tanger,autre_secteur,True,Appartement,70.0,2.0,1.0,5.0,5580000.0,1,1,0,5.0
Tanger,marjane,False,Appartement,138.0,2.0,2.0,7.0,710500.0,1,1,1,7.0
Tanger,tanja_balia,False,Appartement,70.0,1.0,1.0,1.0,1450000.0,1,0,0,1.0
Tanger,centre_ville,True,Appartement,65.0,3.0,2.0,3.0,3500000.0,1,1,1,3.0
Tanger,marjane,False,Appartement,133.0,3.0,2.0,1.0,11950000.0,1,1,1,1.0
Tanger,boukhalef,False,Appartement,61.0,2.0,1.0,3.0,3650000.0,1,1,1,3.0
Tanger,malabata,False,Appartement,85.0,2.0,2.0,0.0,3500000.0,1,1,1,0.0
Tanger,autre_secteur,True,Appartement,110.0,3.0,2.0,7.0,720000.0,1,1,1,7.0
Tanger,moujahidine,False,Appartement,70.0,3.0,2.0,3.0,1450000.0,1,0,1,3.0
Tanger,val_fleuri,False,Appartement,70.0,3.0,2.0,5.0,1100000.0,1,0,1,5.0
Tanger,hay_hassani,False,Appartement,101.0,3.0,2.0,2.0,2980000.0,1,1,1,2.0
Tanger,autre_secteur,True,Appartement,51.0,2.0,1.0,2.0,2650000.0,1,1,1,2.0
Tanger,tanja_balia,False,Appartement,50.0,2.0,1.0,1.0,1520000.0,1,1,1,1.0
Tanger,mghogha,False,Appartement,95.0,3.0,0.0,2.0,2800000.0,1,1,1,2.0
Tanger,centre_ville,True,Appartement,133.0,3.0,2.0,1.0,12400000.0,1,1,1,1.0
Tanger,zone_industrielle_mghogha,False,Appartement,60.0,2.0,1.0,4.0,4450000.0,1,1,1,4.0
Tanger,autre_secteur,True,Appartement,66.0,2.0,1.0,2.0,2700000.0,1,1,1,2.0
Tanger,branes_2,False,Appartement,100.0,4.0,4.0,unknown,1800000.0,0,1,1,unknown
Tanger,mesnana,False,Appartement,70.0,2.0,1.0,2.0,2580000.0,1,0,1,2.0
Tanger,mozart,False,Appartement,157.0,2.0,1.0,1.0,11968400.0,1,1,1,1.0
Tanger,aouama_gharbia,False,Appartement,60.0,2.0,1.0,0.0,270000.0,1,1,0,0.0
Tanger,autre_secteur,True,Appartement,70.0,2.0,1.0,1.0,1620000.0,1,0,1,1.0
Tanger,malabata,False,Appartement,70.0,2.0,2.0,2.0,224000.0,1,0,1,2.0
Tanger,marjane,False,Appartement,67.0,2.0,1.0,8.0,817800.0,1,1,1,8.0
Tanger,branes_kdima,False,Appartement,58.0,2.0,1.0,1.0,1420000.0,1,1,1,1.0
Tanger,boukhalef,False,Appartement,50.0,2.0,1.0,4.0,4320000.0,1,1,1,4.0
Tanger,ahlane,False,Appartement,83.0,2.0,1.0,4.0,4860000.0,1,1,1,4.0
Tanger,mesnana,False,Appartement,60.0,2.0,1.0,4.0,4700000.0,1,1,1,4.0
Tanger,ahlane,False,Appartement,107.0,3.0,0.0,3.0,3800000.0,1,1,1,3.0
Tanger,autre_secteur,True,Appartement,107.0,2.0,1.0,1.0,1750000.0,1,1,1,1.0
Tanger,casabarata,False,Appartement,80.0,3.0,1.0,4.0,4670000.0,1,1,1,4.0
Tanger,la_nouvelle_ville_ibn_battouta,False,Appartement,56.0,2.0,1.0,0.0,350000.0,1,1,1,0.0
Tanger,autre_secteur,True,Appartement,70.0,2.0,1.0,3.0,3420000.0,1,0,1,3.0
Tanger,hay_hassani,False,Appartement,58.0,2.0,1.0,2.0,2520000.0,1,1,1,2.0
Tanger,marjane,False,Appartement,70.0,2.0,2.0,1.0,1950000.0,1,0,1,1.0
Tanger,autre_secteur,True,Appartement,70.0,2.0,1.0,5.0,5630000.0,1,0,1,5.0
Tanger,mesnana,False,Appartement,140.0,2.0,2.0,1.0,11500000.0,1,1,1,1.0
Tanger,ziatene,False,Appartement,117.0,2.0,1.0,3.0,3110000.0,1,1,1,3.0
Tanger,centre_ville,True,Appartement,80.0,3.0,2.0,2.0,2580000.0,1,1,1,2.0
Tanger,marchane,False,Appartement,180.0,2.0,2.0,4.0,419000.0,1,1,1,4.0
Tanger,moujahidine,False,Appartement,65.0,2.0,1.0,0.0,750000.0,1,1,1,0.0
Tanger,mesnana,False,Appartement,55.0,2.0,1.0,2.0,2600000.0,1,1,1,2.0
Tanger,tanja_balia,False,Appartement,70.0,2.0,1.0,4.0,4620000.0,1,0,1,4.0
Tanger,laaouina,False,Appartement,92.0,3.0,2.0,6.0,6950000.0,1,1,1,6.0
Tanger,castilla,False,Appartement,130.0,3.0,1.0,1.0,11600000.0,1,1,1,1.0
Tanger,castilla,False,Appartement,130.0,2.0,1.0,1.0,11600000.0,1,1,1,1.0
Tanger,tanger_city_center,False,Appartement,70.0,2.0,2.0,4.0,1828500.0,1,0,1,4.0
Tanger,aharrarine,False,Appartement,70.0,2.0,1.0,6.0,6490000.0,1,0,1,6.0
Tanger,autre_secteur,True,Appartement,51.0,2.0,1.0,1.0,1450000.0,1,1,1,1.0
Tanger,autre_secteur,True,Appartement,57.0,2.0,1.0,1.0,1440000.0,1,1,1,1.0
Tanger,tanger_city_center,False,Appartement,137.0,3.0,2.0,1.0,12260000.0,1,1,1,1.0
Tanger,mediouna,False,Appartement,70.0,2.0,1.0,1.0,1320000.0,1,0,1,1.0
Tanger,mesnana,False,Appartement,89.0,3.0,1.0,3.0,3850000.0,1,1,1,3.0
Tanger,ahlane,False,Appartement,79.0,2.0,0.0,0.0,950000.0,1,1,1,0.0
Tanger,hay_hassani,False,Appartement,70.0,3.0,1.0,4.0,4700000.0,1,0,1,4.0
Tanger,autre_secteur,True,Appartement,95.0,3.0,1.0,5.0,5850000.0,1,1,1,5.0
Tanger,moujahidine,False,Appartement,70.0,4.0,2.0,2.0,3454000.0,1,0,1,2.0
Tanger,centre_ville,True,Appartement,130.0,2.0,1.0,0.0,1250000.0,1,1,1,0.0
Tanger,tanja_balia,False,Appartement,54.0,2.0,1.0,3.0,3470000.0,1,1,1,3.0
Tanger,tanja_balia,False,Appartement,61.0,2.0,1.0,2.0,2700000.0,1,1,1,2.0
Tanger,autre_secteur,True,Appartement,24.0,1.0,0.0,0.0,390000.0,1,1,1,0.0
Tanger,centre_ville,True,Appartement,56.0,1.0,2.0,2.0,2486000.0,1,1,1,2.0
Tanger,marjane,False,Appartement,75.0,2.0,1.0,1.0,1760000.0,1,1,1,1.0
Tanger,autre_secteur,True,Appartement,47.0,1.0,1.0,0.0,350000.0,1,1,1,0.0
Tanger,mesnana,False,Appartement,56.0,2.0,1.0,4.0,4600000.0,1,1,1,4.0
Tanger,centre_ville,True,Appartement,70.0,4.0,1.0,0.0,3000000.0,1,0,0,0.0
Tanger,centre_ville,True,Appartement,57.0,2.0,1.0,1.0,160000.0,1,1,1,1.0
Tanger,al_warda,False,Appartement,70.0,3.0,1.0,1.0,1850000.0,1,0,1,1.0
Tanger,marjane,False,Appartement,132.0,3.0,2.0,3.0,314000.0,1,1,1,3.0
Tanger,la_nouvelle_ville_ibn_battouta,False,Appartement,52.0,2.0,1.0,unknown,400000.0,0,1,1,unknown
Tanger,aharrarine,False,Appartement,89.0,3.0,2.0,7.0,7850000.0,1,1,1,7.0
Tanger,aharrarine,False,Appartement,80.0,3.0,2.0,4.0,4650000.0,1,1,1,4.0
Tanger,tanja_balia,False,Appartement,55.0,2.0,1.0,2.0,2460000.0,1,1,1,2.0
Tanger,autre_secteur,True,Appartement,70.0,3.0,3.0,1.0,115000.0,1,0,1,1.0
Tanger,tanja_balia,False,Appartement,50.0,2.0,1.0,3.0,3790000.0,1,1,1,3.0
Tanger,centre_ville,True,Appartement,126.0,3.0,2.0,7.0,722000.0,1,1,1,7.0
Tanger,autre_secteur,True,Appartement,76.0,3.0,0.0,3.0,3790000.0,1,1,1,3.0
Tanger,boukhalef,False,Appartement,57.0,2.0,1.0,4.0,4320000.0,1,1,1,4.0
Tanger,haddad,False,Appartement,97.0,2.0,2.0,2.0,2800000.0,1,1,1,2.0
Tanger,jirrari,False,Appartement,100.0,3.0,1.0,4.0,4700000.0,1,1,1,4.0
Tanger,hay_el_boughaz,False,Appartement,61.0,2.0,1.0,1.0,1490000.0,1,1,1,1.0
Tanger,autre_secteur,True,Appartement,75.0,3.0,2.0,2.0,2750000.0,1,1,1,2.0
Tanger,azib_haj_kaddour,False,Appartement,93.0,3.0,2.0,6.0,6950000.0,1,1,1,6.0
Tanger,boukhalef,False,Appartement,63.0,2.0,1.0,unknown,560000.0,0,1,1,unknown
Tanger,du_golf,False,Appartement,63.0,2.0,1.0,4.0,4800000.0,1,1,1,4.0
Tanger,hay_hassani,False,Appartement,88.0,3.0,2.0,1.0,1890000.0,1,1,1,1.0
Tanger,ziatene,False,Appartement,81.0,2.0,1.0,6.0,6860000.0,1,1,1,6.0
Tanger,autre_secteur,True,Appartement,70.0,1.0,1.0,1.0,1290000.0,1,0,0,1.0
Tanger,autre_secteur,True,Appartement,48.0,2.0,1.0,3.0,3420000.0,1,1,1,3.0
Tanger,ziatene,False,Appartement,63.0,2.0,1.0,4.0,4700000.0,1,1,1,4.0
Tanger,aharrarine,False,Appartement,70.0,2.0,1.0,1.0,1580000.0,1,1,1,1.0
Tanger,malabata,False,Appartement,70.0,4.0,2.0,0.0,2850000.0,1,0,1,0.0
Tanger,hay_hassani,False,Appartement,76.0,2.0,0.0,2.0,2650000.0,1,1,1,2.0
Tanger,tanja_balia,False,Appartement,35.0,1.0,0.0,0.0,420000.0,1,1,1,0.0
Tanger,iberie,False,Appartement,70.0,3.0,2.0,4.0,2750000.0,1,0,1,4.0
Tanger,moujahidine,False,Appartement,70.0,2.0,1.0,1.0,1650000.0,1,0,1,1.0
Tanger,centre_ville,True,Appartement,98.0,2.0,1.0,7.0,713000.0,1,1,1,7.0
Tanger,marjane,False,Appartement,90.0,2.0,2.0,4.0,4820000.0,1,1,1,4.0
Tanger,autre_secteur,True,Appartement,57.0,2.0,1.0,4.0,4440000.0,1,1,1,4.0
Tanger,boukhalef,False,Appartement,63.0,2.0,1.0,4.0,4560000.0,1,1,1,4.0
Tanger,moujahidine,False,Appartement,53.0,2.0,1.0,3.0,3460000.0,1,1,0,3.0
Tanger,autre_secteur,True,Appartement,85.0,2.0,0.0,1.0,1900000.0,1,1,1,1.0
Tanger,aouama_gharbia,False,Appartement,85.0,2.0,1.0,1.0,1650000.0,1,1,1,1.0
Tanger,centre,True,Appartement,56.0,2.0,1.0,3.0,3400000.0,1,1,1,3.0
Tanger,tanja_balia,False,Appartement,98.0,3.0,1.0,4.0,410000.0,1,1,1,4.0
Tanger,hay_hassani,False,Appartement,70.0,2.0,1.0,3.0,3420000.0,1,0,1,3.0
Tanger,gourziana,False,Appartement,70.0,1.0,1.0,0.0,360000.0,1,0,0,0.0
Tanger,la_nouvelle_ville_ibn_battouta,False,Appartement,38.0,1.0,0.0,0.0,300000.0,1,1,1,0.0
Tanger,autre_secteur,True,Appartement,70.0,2.0,1.0,4.0,4500000.0,1,1,1,4.0
Tanger,ahlane,False,Appartement,65.0,2.0,1.0,5.0,5760000.0,1,1,1,5.0
Tanger,autre_secteur,True,Appartement,76.0,2.0,1.0,2.0,2620000.0,1,1,1,2.0
Tanger,autre_secteur,True,Appartement,85.0,2.0,1.0,4.0,4560000.0,1,1,1,4.0
Tanger,hay_hassani,False,Appartement,84.0,2.0,1.0,7.0,7840000.0,1,1,1,7.0
Tanger,el_majd,False,Appartement,70.0,2.0,1.0,4.0,4470000.0,1,1,1,4.0
Tanger,benkirane,False,Appartement,70.0,2.0,1.0,4.0,4420000.0,1,0,1,4.0
Tanger,mesnana,False,Appartement,51.0,2.0,1.0,0.0,750000.0,1,1,1,0.0
Tanger,hay_hassani,False,Appartement,76.0,2.0,2.0,0.0,988000.0,1,1,1,0.0
Tanger,hay_hassani,False,Appartement,80.0,3.0,0.0,4.0,4780000.0,1,1,1,4.0
Tanger,al_amal,False,Appartement,154.0,3.0,3.0,1.0,12152000.0,1,1,1,1.0
Tanger,al_amal,False,Appartement,141.0,3.0,3.0,1.0,11963000.0,1,1,1,1.0
Tanger,centre,True,Appartement,77.0,2.0,1.0,1.0,1950000.0,1,1,1,1.0
Tanger,al_amal,False,Appartement,140.0,3.0,3.0,1.0,11950000.0,1,1,1,1.0
Tanger,la_nouvelle_ville_ibn_battouta,False,Appartement,50.0,2.0,1.0,2.0,2490000.0,1,1,1,2.0
Tanger,mesnana,False,Appartement,70.0,2.0,2.0,5.0,5850000.0,1,0,1,5.0
Tanger,hay_hassani,False,Appartement,53.0,2.0,1.0,2.0,2530000.0,1,1,1,2.0
Tanger,marjane,False,Appartement,55.0,2.0,1.0,1.0,1330000.0,1,1,1,1.0
Tanger,benkirane,False,Appartement,60.0,2.0,1.0,4.0,4420000.0,1,1,1,4.0
Tanger,mesnana,False,Appartement,64.0,2.0,0.0,3.0,3500000.0,1,1,1,3.0
Tanger,mesnana,False,Appartement,61.0,2.0,1.0,4.0,4750000.0,1,1,1,4.0
Tanger,tanja_balia,False,Appartement,76.0,3.0,1.0,0.0,560000.0,1,1,1,0.0
Tanger,centre_ville,True,Appartement,54.0,2.0,1.0,3.0,3520000.0,1,1,1,3.0
Tanger,centre_ville,True,Appartement,64.0,2.0,2.0,5.0,5720000.0,1,1,1,5.0
Tanger,autre_secteur,True,Appartement,70.0,3.0,2.0,2.0,213000.0,1,0,1,2.0
Tanger,iberie,False,Appartement,208.0,4.0,2.0,0.0,2600000.0,1,1,1,0.0
Tanger,aharrarine,False,Appartement,70.0,2.0,1.0,2.0,213000.0,1,0,1,2.0
Tanger,mesnana,False,Appartement,60.0,2.0,1.0,4.0,4740000.0,1,1,1,4.0
Tanger,autre_secteur,True,Appartement,92.0,3.0,2.0,2.0,2700000.0,1,1,1,2.0
Tanger,boukhalef,False,Appartement,70.0,2.0,1.0,3.0,3420000.0,1,0,1,3.0
Tanger,marjane,False,Appartement,70.0,2.0,1.0,5.0,1260000.0,1,0,1,5.0
Tanger,achakar,False,Appartement,70.0,3.0,2.0,1.0,112500.0,1,0,1,1.0
Tanger,marjane,False,Appartement,72.0,2.0,1.0,4.0,4900000.0,1,1,1,4.0
Tanger,el_baraka,False,Appartement,74.0,3.0,1.0,0.0,380000.0,1,1,1,0.0
Tanger,centre_ville,True,Appartement,138.0,2.0,2.0,1.0,11600000.0,1,1,1,1.0
Tanger,autre_secteur,True,Appartement,70.0,3.0,1.0,0.0,700000.0,1,1,1,0.0
Tanger,marjane,False,Appartement,128.0,3.0,2.0,1.0,11750000.0,1,1,1,1.0
Tanger,mesnana,False,Appartement,62.0,2.0,1.0,1.0,1600000.0,1,1,1,1.0
Tanger,moujahidine,False,Appartement,52.0,1.0,1.0,0.0,620000.0,1,1,1,0.0
Tanger,autre_secteur,True,Appartement,50.0,2.0,1.0,2.0,2330000.0,1,1,1,2.0
Tanger,branes_2,False,Appartement,70.0,2.0,1.0,4.0,4750000.0,1,1,0,4.0
Tanger,benkirane,False,Appartement,153.0,2.0,1.0,5.0,5770000.0,1,1,1,5.0
Tanger,benkirane,False,Appartement,153.0,2.0,1.0,5.0,5750000.0,1,1,1,5.0
Tanger,marjane,False,Appartement,72.0,3.0,1.0,2.0,2820000.0,1,1,1,2.0
Tanger,boukhalef,False,Appartement,45.0,2.0,1.0,3.0,3420000.0,1,1,1,3.0
Tanger,autre_secteur,True,Appartement,70.0,3.0,2.0,3.0,1250000.0,1,0,1,3.0
Tanger,autre_secteur,True,Appartement,94.0,3.0,2.0,3.0,3960000.0,1,1,1,3.0
Tanger,autre_secteur,True,Appartement,60.0,2.0,1.0,5.0,5450000.0,1,1,1,5.0
Tanger,mghogha,False,Appartement,53.0,2.0,1.0,2.0,2285000.0,1,1,1,2.0
Tanger,hay_hassani,False,Appartement,60.0,2.0,1.0,5.0,5485000.0,1,1,1,5.0
Tanger,autre_secteur,True,Appartement,109.0,2.0,1.0,1.0,1800000.0,1,1,1,1.0
Tanger,centre,True,Appartement,155.0,3.0,2.0,5.0,517500.0,1,1,1,5.0
Tanger,autre_secteur,True,Appartement,70.0,2.0,1.0,2.0,212500.0,1,0,1,2.0
Tanger,mghogha,False,Appartement,51.0,2.0,2.0,4.0,4300000.0,1,1,1,4.0
Tanger,boukhalef,False,Appartement,55.0,1.0,1.0,3.0,3500000.0,1,1,1,3.0
Tanger,marjane,False,Appartement,56.0,2.0,1.0,2.0,2320000.0,1,1,1,2.0
Tanger,autre_secteur,True,Appartement,70.0,2.0,1.0,3.0,3440000.0,1,0,1,3.0
Tanger,moujahidine,False,Appartement,90.0,3.0,1.0,3.0,3800000.0,1,1,1,3.0
Tanger,boukhalef,False,Appartement,63.0,2.0,1.0,0.0,550000.0,1,1,1,0.0
Tanger,azib_haj_kaddour,False,Appartement,120.0,3.0,2.0,7.0,718000.0,1,1,1,7.0
Tanger,marjane,False,Appartement,131.0,3.0,3.0,3.0,314000.0,1,1,1,3.0
Tanger,mesnana,False,Appartement,74.0,2.0,1.0,1.0,1770000.0,1,1,1,1.0
Tanger,star_hill,False,Appartement,65.0,2.0,1.0,0.0,1900000.0,1,1,1,0.0
Tanger,autre_secteur,True,Appartement,75.0,3.0,1.0,6.0,6750000.0,1,1,1,6.0
Tanger,gourziana,False,Appartement,63.0,3.0,1.0,0.0,650000.0,1,1,1,0.0
Tanger,mesnana,False,Appartement,70.0,2.0,1.0,7.0,719500.0,1,0,1,7.0
Tanger,autre_secteur,True,Appartement,70.0,1.0,1.0,1.0,1360000.0,1,0,1,1.0
Tanger,boukhalef,False,Appartement,50.0,1.0,1.0,0.0,330000.0,1,1,1,0.0
Tanger,la_nouvelle_ville_ibn_battouta,False,Appartement,70.0,2.0,2.0,2.0,2560000.0,1,0,1,2.0
Tanger,marjane,False,Appartement,75.0,2.0,1.0,1.0,1950000.0,1,1,1,1.0
Tanger,autre_secteur,True,Appartement,60.0,2.0,1.0,2.0,2380000.0,1,1,1,2.0
Tanger,tanja_balia,False,Appartement,66.0,2.0,1.0,5.0,5790000.0,1,1,1,5.0
Tanger,autre_secteur,True,Appartement,70.0,2.0,2.0,2.0,215500.0,1,0,1,2.0
Tanger,marjane,False,Appartement,70.0,2.0,1.0,1.0,1690000.0,1,1,1,1.0
Tanger,de_la_plage,False,Appartement,125.0,3.0,2.0,0.0,3400000.0,1,1,1,0.0
Tanger,autre_secteur,True,Appartement,70.0,3.0,2.0,1.0,116000.0,1,0,1,1.0
Tanger,boukhalef,False,Appartement,50.0,2.0,1.0,2.0,2365000.0,1,1,1,2.0
Tanger,ahlane,False,Appartement,114.0,3.0,1.0,3.0,314000.0,1,1,1,3.0
Tanger,ahlane,False,Appartement,89.0,2.0,2.0,7.0,717500.0,1,1,1,7.0
Tanger,hay_hassani,False,Appartement,84.0,3.0,2.0,unknown,1050000.0,0,1,1,unknown
Tanger,mozart,False,Appartement,223.0,3.0,2.0,unknown,2800000.0,0,1,1,unknown
Tanger,malabata,False,Appartement,70.0,3.0,2.0,2.0,228500.0,1,0,1,2.0
Tanger,mozart,False,Appartement,478.0,5.0,4.0,1.0,17400000.0,1,1,1,1.0
Tanger,ahlane,False,Appartement,70.0,2.0,2.0,1.0,1900000.0,1,0,1,1.0
Tanger,casabarata,False,Appartement,70.0,3.0,1.0,2.0,1590000.0,1,0,1,2.0
Tanger,centre_ville,True,Appartement,70.0,3.0,2.0,1.0,3480000.0,1,0,1,1.0
Tanger,tanja_balia,False,Appartement,70.0,2.0,2.0,2.0,1442000.0,1,0,1,2.0
Tanger,marjane,False,Appartement,50.0,2.0,2.0,4.0,4300000.0,1,1,1,4.0
Tanger,autre_secteur,True,Appartement,56.0,2.0,1.0,1.0,1440000.0,1,1,1,1.0
Tanger,marjane,False,Appartement,59.0,2.0,1.0,4.0,4590000.0,1,1,1,4.0
Tanger,boukhalef,False,Appartement,70.0,2.0,2.0,3.0,3600000.0,1,0,1,3.0
Tanger,mozart,False,Appartement,70.0,2.0,2.0,4.0,2050000.0,1,0,1,4.0
Tanger,mesnana,False,Appartement,70.0,2.0,1.0,9.0,9810000.0,1,0,1,9.0
Tanger,tanja_balia,False,Appartement,51.0,2.0,1.0,4.0,4380000.0,1,1,1,4.0
Tanger,boukhalef,False,Appartement,55.0,2.0,1.0,1.0,1430000.0,1,1,1,1.0
Tanger,beni_makada_lakdima,False,Appartement,100.0,3.0,1.0,2.0,2550000.0,1,1,1,2.0
Tanger,autre_secteur,True,Appartement,92.0,3.0,1.0,1.0,1690000.0,1,1,1,1.0
Tanger,mesnana,False,Appartement,105.0,3.0,1.0,6.0,6850000.0,1,1,1,6.0
Tanger,mesnana,False,Appartement,60.0,2.0,1.0,3.0,3750000.0,1,1,1,3.0
Tanger,tanger_city_center,False,Appartement,70.0,2.0,1.0,4.0,1650000.0,1,0,1,4.0
Tanger,ahlane,False,Appartement,46.0,1.0,1.0,1.0,1580000.0,1,1,1,1.0
Tanger,marjane,False,Appartement,83.0,2.0,1.0,2.0,2930000.0,1,1,1,2.0
Tanger,centre_ville,True,Appartement,100.0,2.0,2.0,0.0,750000.0,1,1,1,0.0
Tanger,centre_ville,True,Appartement,70.0,2.0,2.0,5.0,2200000.0,1,0,1,5.0
Tanger,boukhalef,False,Appartement,75.0,2.0,1.0,3.0,3850000.0,1,1,1,3.0
Tanger,jirrari,False,Appartement,78.0,2.0,0.0,4.0,4950000.0,1,1,1,4.0
Tanger,centre,True,Appartement,108.0,2.0,1.0,0.0,1500000.0,1,1,0,0.0
Tanger,moujahidine,False,Appartement,61.0,2.0,1.0,3.0,3710000.0,1,1,1,3.0
Tanger,moujahidine,False,Appartement,58.0,2.0,1.0,3.0,3640000.0,1,1,1,3.0
Tanger,ahlane,False,Appartement,83.0,2.0,1.0,4.0,4620000.0,1,1,1,4.0
Tanger,mesnana,False,Appartement,57.0,2.0,1.0,3.0,3400000.0,1,1,1,3.0
Tanger,autre_secteur,True,Appartement,48.0,1.0,1.0,0.0,360000.0,1,1,1,0.0
Tanger,boukhalef,False,Appartement,50.0,2.0,1.0,1.0,1360000.0,1,1,1,1.0
Tanger,du_golf,False,Appartement,79.0,2.0,1.0,4.0,4960000.0,1,1,1,4.0
Tanger,aharrarine,False,Appartement,70.0,2.0,1.0,1.0,1660000.0,1,1,1,1.0
Tanger,marjane,False,Appartement,58.0,2.0,0.0,3.0,3650000.0,1,1,1,3.0
Tanger,al_irfane_2,False,Appartement,96.0,3.0,2.0,3.0,3900000.0,1,1,1,3.0
Tanger,tanger,False,Appartement,55.0,2.0,1.0,0.0,465000.0,1,1,1,0.0
Tanger,marjane,False,Appartement,45.0,2.0,1.0,3.0,3400000.0,1,1,1,3.0
Tanger,autre_secteur,True,Appartement,70.0,1.0,1.0,2.0,2260000.0,1,0,1,2.0
Tanger,autre_secteur,True,Appartement,60.0,2.0,0.0,1.0,1340000.0,1,1,1,1.0
Tanger,autre_secteur,True,Appartement,60.0,2.0,1.0,5.0,5360000.0,1,1,1,5.0
Tanger,aharrarine,False,Appartement,82.0,3.0,2.0,2.0,2750000.0,1,1,1,2.0
Tanger,malabata,False,Appartement,40.0,1.0,1.0,1.0,1520000.0,1,1,1,1.0
Tanger,marjane,False,Appartement,85.0,3.0,1.0,4.0,4750000.0,1,1,1,4.0
Tanger,centre_ville,True,Appartement,90.0,3.0,2.0,4.0,4900000.0,1,1,1,4.0
Tanger,mozart,False,Appartement,300.0,6.0,4.0,1.0,17500000.0,1,1,1,1.0
Tanger,moujahidine,False,Appartement,70.0,2.0,1.0,4.0,4410000.0,1,0,1,4.0
Tanger,mghogha,False,Appartement,93.0,2.0,2.0,4.0,4810000.0,1,1,1,4.0
Tanger,mesnana,False,Appartement,67.0,2.0,1.0,2.0,2650000.0,1,1,1,2.0
Tanger,tanja_balia,False,Appartement,60.0,2.0,1.0,5.0,5680000.0,1,1,1,5.0
Tanger,mesnana,False,Appartement,68.0,2.0,1.0,2.0,2450000.0,1,1,1,2.0
Tanger,aouama_gharbia,False,Appartement,74.0,2.0,1.0,6.0,6860000.0,1,1,1,6.0
Tanger,boukhalef,False,Appartement,60.0,2.0,1.0,1.0,1500000.0,1,1,1,1.0
Tanger,autre_secteur,True,Appartement,55.0,2.0,2.0,3.0,3580000.0,1,1,1,3.0
Tanger,mesnana,False,Appartement,105.0,3.0,1.0,5.0,5850000.0,1,1,1,5.0
Tanger,marjane,False,Appartement,97.0,3.0,2.0,0.0,1100000.0,1,1,1,0.0
Tanger,casabarata,False,Appartement,74.0,3.0,2.0,3.0,310500.0,1,1,1,3.0
Tanger,la_nouvelle_ville_ibn_battouta,False,Appartement,52.0,2.0,1.0,0.0,340000.0,1,1,1,0.0
Tanger,centre_ville,True,Appartement,170.0,3.0,2.0,0.0,4800000.0,1,1,1,0.0
Tanger,achennad,False,Appartement,55.0,2.0,0.0,unknown,360000.0,0,1,1,unknown
Tanger,malabata,False,Appartement,70.0,2.0,1.0,1.0,1970000.0,1,0,0,1.0
Tanger,autre_secteur,True,Appartement,50.0,2.0,1.0,1.0,1350000.0,1,1,1,1.0
Tanger,el_majd,False,Appartement,78.0,3.0,1.0,3.0,375000.0,1,1,1,3.0
Tanger,mesnana,False,Appartement,60.0,2.0,1.0,1.0,1600000.0,1,1,1,1.0
Tanger,tanja_balia,False,Appartement,65.0,2.0,1.0,1.0,1900000.0,1,1,1,1.0
Tanger,marjane,False,Appartement,64.0,2.0,1.0,5.0,5750000.0,1,1,1,5.0
Tanger,aouama_gharbia,False,Appartement,80.0,2.0,1.0,5.0,5550000.0,1,1,1,5.0
Tanger,aida,False,Appartement,70.0,3.0,2.0,4.0,1300000.0,1,0,1,4.0
Tanger,autre_secteur,True,Appartement,64.0,2.0,2.0,2.0,2450000.0,1,1,1,2.0
Tanger,boukhalef,False,Appartement,80.0,2.0,2.0,0.0,450000.0,1,1,1,0.0
Tanger,aharrarine,False,Appartement,60.0,2.0,1.0,2.0,2520000.0,1,1,1,2.0
Tanger,iberie,False,Appartement,70.0,3.0,1.0,1.0,3650000.0,1,0,0,1.0
Tanger,moujahidine,False,Appartement,52.0,1.0,1.0,1.0,1460000.0,1,1,1,1.0
Tanger,iberie,False,Appartement,70.0,3.0,2.0,6.0,618000.0,1,0,1,6.0
Tanger,tanja_balia,False,Appartement,54.0,2.0,1.0,3.0,3480000.0,1,1,1,3.0
Tanger,tanja_balia,False,Appartement,70.0,2.0,1.0,3.0,3660000.0,1,0,0,3.0
Tanger,tanja_balia,False,Appartement,70.0,2.0,1.0,2.0,2540000.0,1,0,0,2.0
Tanger,centre_ville,True,Appartement,70.0,3.0,2.0,5.0,1400000.0,1,0,1,5.0
Tanger,aharrarine,False,Appartement,88.0,3.0,2.0,4.0,4620000.0,1,1,1,4.0
Tanger,autre_secteur,True,Appartement,77.0,2.0,1.0,5.0,5900000.0,1,1,1,5.0
Tanger,centre_ville,True,Appartement,70.0,2.0,2.0,3.0,1850000.0,1,0,1,3.0
Tanger,centre_ville,True,Appartement,70.0,2.0,1.0,1.0,1300000.0,1,0,1,1.0
Tanger,autre_secteur,True,Appartement,70.0,2.0,1.0,2.0,267000.0,1,0,1,2.0
Tanger,zemmouri,False,Appartement,70.0,2.0,1.0,0.0,510000.0,1,0,1,0.0
Tanger,boukhalef,False,Appartement,50.0,2.0,1.0,4.0,4330000.0,1,1,1,4.0
Tanger,tanja_balia,False,Appartement,70.0,2.0,1.0,1.0,1820000.0,1,0,1,1.0
Tanger,boukhalef,False,Appartement,50.0,2.0,1.0,2.0,2360000.0,1,1,1,2.0
Tanger,mesnana,False,Appartement,61.0,2.0,1.0,2.0,2710000.0,1,1,1,2.0
Tanger,autre_secteur,True,Appartement,70.0,2.0,0.0,0.0,380000.0,1,0,1,0.0
Tanger,autre_secteur,True,Appartement,67.0,2.0,1.0,5.0,5640000.0,1,1,1,5.0
Tanger,el_majd,False,Appartement,90.0,3.0,1.0,1.0,1900000.0,1,1,1,1.0
Tanger,centre_ville,True,Appartement,70.0,2.0,1.0,3.0,380000.0,1,1,1,3.0
Tanger,mesnana,False,Appartement,62.0,2.0,1.0,3.0,3720000.0,1,1,1,3.0
Tanger,achakar,False,Appartement,165.0,2.0,2.0,0.0,2800000.0,1,1,1,0.0
Tanger,malabata,False,Appartement,223.0,3.0,2.0,0.0,2385000.0,1,1,1,0.0
Tanger,autre_secteur,True,Appartement,55.0,1.0,1.0,3.0,3410000.0,1,1,1,3.0
Tanger,autre_secteur,True,Appartement,65.0,2.0,1.0,3.0,3680000.0,1,1,1,3.0
Tanger,ahlane,False,Appartement,151.0,3.0,1.0,4.0,4900000.0,1,1,1,4.0
Tanger,iberie,False,Appartement,208.0,3.0,2.0,0.0,2600000.0,1,1,1,0.0
Tanger,autre_secteur,True,Appartement,52.0,2.0,1.0,4.0,4380000.0,1,1,1,4.0
Tanger,el_mers_1,False,Appartement,55.0,2.0,1.0,3.0,3350000.0,1,1,1,3.0
Tanger,val_fleuri,False,Appartement,122.0,3.0,0.0,0.0,1500000.0,1,1,1,0.0
Tanger,val_fleuri,False,Appartement,120.0,3.0,1.0,0.0,1500000.0,1,1,1,0.0
Tanger,moujahidine,False,Appartement,54.0,2.0,1.0,1.0,1530000.0,1,1,1,1.0
Tanger,autre_secteur,True,Appartement,55.0,2.0,1.0,1.0,1430000.0,1,1,1,1.0
Agadir,abattoirs,False,Appartement,85.0,3.0,2.0,1.0,1807500.0,1,1,1,1.0
Agadir,abattoirs,False,Appartement,63.0,2.0,1.0,2.0,2598500.0,1,1,1,2.0
Agadir,tassila,False,Appartement,94.0,3.0,0.0,5.0,5860000.0,1,1,1,5.0
Agadir,talborjt,False,Appartement,146.0,4.0,1.0,1.0,11946000.0,1,1,1,1.0
Agadir,hay_mohammadi,False,Appartement,54.0,2.0,1.0,0.0,700000.0,1,1,1,0.0
Agadir,hay_mohammadi,False,Appartement,107.0,3.0,2.0,0.0,1200000.0,1,1,1,0.0
Agadir,haut_founty,False,Appartement,64.0,1.0,1.0,5.0,1370000.0,1,0,1,5.0
Agadir,abattoirs,False,Appartement,74.0,2.0,2.0,1.0,1703000.0,1,1,1,1.0
Agadir,hay_mohammadi,False,Appartement,75.0,2.0,2.0,2.0,2980000.0,1,1,1,2.0
Agadir,cité_adrar,False,Appartement,60.0,2.0,1.0,4.0,4780000.0,1,1,1,4.0
Agadir,autre_secteur,True,Appartement,58.0,2.0,2.0,2.0,2430000.0,1,1,1,2.0
Agadir,hay_mohammadi,False,Appartement,55.0,2.0,0.0,4.0,4470000.0,1,1,1,4.0
Agadir,anza,False,Appartement,60.0,2.0,2.0,4.0,4700000.0,1,1,1,4.0
Agadir,hay_salam,False,Appartement,53.0,2.0,1.0,3.0,3650000.0,1,1,1,3.0
Agadir,hay_mohammadi,False,Appartement,55.0,2.0,1.0,4.0,4490000.0,1,1,1,4.0
Agadir,hay_mohammadi,False,Appartement,116.0,3.0,2.0,unknown,1450000.0,0,1,1,unknown
Agadir,hay_mohammadi,False,Appartement,63.0,2.0,1.0,1.0,1780000.0,1,1,1,1.0
Agadir,el_houda,False,Appartement,77.0,2.0,1.0,3.0,3820000.0,1,1,1,3.0
Agadir,hay_mohammadi,False,Appartement,64.0,3.0,2.0,3.0,1700000.0,1,0,1,3.0
Agadir,hay_mohammadi,False,Appartement,52.0,2.0,1.0,1.0,1660000.0,1,1,1,1.0
Agadir,hay_mohammadi,False,Appartement,64.0,3.0,2.0,2.0,1120000.0,1,0,1,2.0
Agadir,al_wifaq,False,Appartement,76.0,2.0,2.0,2.0,2880000.0,1,1,1,2.0
Agadir,hay_salam,False,Appartement,81.0,2.0,1.0,3.0,3950000.0,1,1,1,3.0
Agadir,el_houda,False,Appartement,71.0,2.0,2.0,0.0,840000.0,1,1,1,0.0
Agadir,anza,False,Appartement,64.0,2.0,1.0,0.0,400000.0,1,0,1,0.0
Agadir,cité_adrar,False,Appartement,64.0,2.0,1.0,4.0,4450000.0,1,0,1,4.0
Agadir,cité_adrar,False,Appartement,64.0,1.0,1.0,0.0,430000.0,1,0,1,0.0
Agadir,tassila,False,Appartement,64.0,2.0,1.0,4.0,4640000.0,1,0,0,4.0
Agadir,cité_adrar,False,Appartement,64.0,2.0,1.0,0.0,580000.0,1,0,1,0.0
Agadir,cité_adrar,False,Appartement,64.0,2.0,1.0,2.0,2510000.0,1,0,1,2.0
Agadir,hay_salam,False,Appartement,64.0,2.0,1.0,0.0,770000.0,1,0,1,0.0
Agadir,cité_adrar,False,Appartement,64.0,2.0,1.0,3.0,3480000.0,1,0,1,3.0
Agadir,tilila,False,Appartement,64.0,2.0,1.0,2.0,2680000.0,1,0,1,2.0
Agadir,el_houda,False,Appartement,64.0,2.0,1.0,1.0,1550000.0,1,0,1,1.0
Agadir,tassila,False,Appartement,61.0,2.0,2.0,2.0,2700000.0,1,1,1,2.0
Agadir,hay_salam,False,Appartement,66.0,2.0,1.0,4.0,4920000.0,1,1,1,4.0
Agadir,autre_secteur,True,Appartement,78.0,3.0,2.0,1.0,1730000.0,1,1,1,1.0
Agadir,tilila,False,Appartement,54.0,2.0,1.0,4.0,4460000.0,1,1,1,4.0
Agadir,hay_mohammadi,False,Appartement,87.0,2.0,2.0,2.0,2120000.0,1,1,1,2.0
Agadir,founty,False,Appartement,189.0,3.0,2.0,1.0,12990000.0,1,1,1,1.0
Agadir,hay_salam,False,Appartement,84.0,2.0,1.0,4.0,4850000.0,1,1,1,4.0
Agadir,tassila,False,Appartement,75.0,2.0,2.0,0.0,820000.0,1,1,1,0.0
Agadir,founty,False,Appartement,74.0,2.0,2.0,0.0,1680000.0,1,1,1,0.0
Agadir,hay_dakhla,False,Appartement,81.0,2.0,2.0,0.0,970000.0,1,1,1,0.0
Agadir,autre_secteur,True,Appartement,70.0,2.0,2.0,3.0,3540000.0,1,1,1,3.0
Agadir,hay_salam,False,Appartement,63.0,2.0,1.0,1.0,1900000.0,1,1,1,1.0
Agadir,hay_mohammadi,False,Appartement,64.0,2.0,1.0,6.0,6570000.0,1,0,1,6.0
Agadir,hay_salam,False,Appartement,65.0,2.0,1.0,0.0,750000.0,1,1,1,0.0
Agadir,cité_adrar,False,Appartement,55.0,2.0,1.0,3.0,3430000.0,1,1,1,3.0
Agadir,tilila,False,Appartement,92.0,3.0,2.0,2.0,2995000.0,1,1,1,2.0
Agadir,hay_mohammadi,False,Appartement,50.0,2.0,1.0,3.0,3485000.0,1,1,1,3.0
Agadir,tilila,False,Appartement,64.0,2.0,1.0,2.0,2550000.0,1,0,0,2.0
Agadir,centre_ville,True,Appartement,86.0,3.0,2.0,0.0,1990000.0,1,1,1,0.0
Agadir,hay_salam,False,Appartement,64.0,1.0,1.0,3.0,3550000.0,1,0,1,3.0
Agadir,cité_adrar,False,Appartement,64.0,2.0,1.0,2.0,2680000.0,1,0,1,2.0
Agadir,ben_serguaou,False,Appartement,50.0,2.0,0.0,0.0,550000.0,1,1,1,0.0
Agadir,hay_mohammadi,False,Appartement,55.0,2.0,1.0,1.0,1590000.0,1,1,1,1.0
Agadir,hay_salam,False,Appartement,60.0,2.0,2.0,2.0,2450000.0,1,1,1,2.0
Agadir,el_houda,False,Appartement,64.0,3.0,2.0,0.0,1350000.0,1,0,1,0.0
Agadir,el_houda,False,Appartement,70.0,3.0,1.0,1.0,1750000.0,1,1,1,1.0
Agadir,hay_mohammadi,False,Appartement,77.0,2.0,1.0,1.0,1860000.0,1,1,1,1.0
Agadir,hay_mohammadi,False,Appartement,64.0,2.0,2.0,2.0,1150000.0,1,0,1,2.0
Agadir,hay_salam,False,Appartement,50.0,2.0,1.0,3.0,3540000.0,1,1,1,3.0
Agadir,hay_mohammadi,False,Appartement,50.0,2.0,1.0,3.0,3530000.0,1,1,1,3.0
Agadir,autre_secteur,True,Appartement,56.0,2.0,1.0,3.0,3450000.0,1,1,1,3.0
Agadir,ville_nouvelle,False,Appartement,86.0,3.0,2.0,2.0,2950000.0,1,1,1,2.0
Agadir,hay_salam,False,Appartement,54.0,2.0,1.0,1.0,1620000.0,1,1,1,1.0
Agadir,taddart_anza,False,Appartement,64.0,2.0,1.0,0.0,640000.0,1,1,1,0.0
Agadir,tamraght,False,Appartement,64.0,2.0,1.0,1.0,3800000.0,1,0,1,1.0
Agadir,hay_salam,False,Appartement,64.0,2.0,1.0,3.0,3540000.0,1,0,1,3.0
Agadir,centre_ville,True,Appartement,95.0,2.0,2.0,1.0,1160000.0,1,1,1,1.0
Agadir,cité_adrar,False,Appartement,58.0,2.0,1.0,4.0,4580000.0,1,1,1,4.0
Agadir,hay_salam,False,Appartement,52.0,2.0,1.0,4.0,4500000.0,1,1,1,4.0
Agadir,hay_mohammadi,False,Appartement,64.0,2.0,1.0,4.0,4460000.0,1,0,0,4.0
Agadir,hay_salam,False,Appartement,71.0,2.0,2.0,3.0,3820000.0,1,1,1,3.0
Agadir,autre_secteur,True,Appartement,64.0,3.0,2.0,1.0,1450000.0,1,0,1,1.0
Agadir,hay_zaytoun,False,Appartement,128.0,3.0,2.0,2.0,2900000.0,1,1,1,2.0
Agadir,hay_salam,False,Appartement,78.0,2.0,2.0,1.0,1840000.0,1,1,1,1.0
Agadir,hay_salam,False,Appartement,68.0,2.0,2.0,0.0,850000.0,1,1,1,0.0
Agadir,riad_salam,False,Appartement,64.0,2.0,2.0,0.0,1300000.0,1,0,1,0.0
Agadir,tilila,False,Appartement,64.0,2.0,2.0,4.0,4700000.0,1,0,1,4.0
Agadir,anza,False,Appartement,64.0,2.0,2.0,5.0,5760000.0,1,0,1,5.0
Agadir,founty,False,Appartement,207.0,2.0,2.0,1.0,12350000.0,1,1,1,1.0
Agadir,hay_dakhla,False,Appartement,64.0,2.0,2.0,3.0,3760000.0,1,0,1,3.0
Agadir,haut_anza,False,Appartement,54.0,2.0,1.0,3.0,3430000.0,1,1,1,3.0
Agadir,marina,False,Appartement,64.0,4.0,1.0,4.0,5000000.0,1,0,0,4.0
Agadir,haut_founty,False,Appartement,64.0,2.0,2.0,0.0,995000.0,1,1,1,0.0
Agadir,hay_salam,False,Appartement,64.0,2.0,1.0,4.0,4640000.0,1,0,0,4.0
Agadir,autre_secteur,True,Appartement,54.0,2.0,1.0,4.0,4440000.0,1,1,1,4.0
Agadir,autre_secteur,True,Appartement,64.0,2.0,2.0,3.0,3650000.0,1,0,1,3.0
Agadir,hay_mohammadi,False,Appartement,50.0,3.0,1.0,3.0,3510000.0,1,1,1,3.0
Agadir,av_des_far,False,Appartement,64.0,2.0,1.0,4.0,1060000.0,1,0,1,4.0
Agadir,haut_anza,False,Appartement,74.0,2.0,2.0,2.0,2875000.0,1,1,1,2.0
Agadir,hay_mohammadi,False,Appartement,60.0,2.0,1.0,1.0,1630000.0,1,1,1,1.0
Agadir,hay_mohammadi,False,Appartement,64.0,1.0,1.0,9.0,9570000.0,1,0,1,9.0
Agadir,hay_mohammadi,False,Appartement,50.0,2.0,1.0,1.0,1540000.0,1,1,1,1.0
Agadir,hay_mohammadi,False,Appartement,58.0,2.0,1.0,1.0,1600000.0,1,1,1,1.0
Agadir,agadir,False,Appartement,80.0,4.0,1.0,1.0,1700000.0,1,1,1,1.0
Agadir,ben_serguaou,False,Appartement,77.0,1.0,2.0,1.0,1700000.0,1,1,1,1.0
Agadir,el_houda,False,Appartement,155.0,3.0,2.0,1.0,12200000.0,1,1,1,1.0
Agadir,centre_ville,True,Appartement,70.0,2.0,2.0,4.0,4520000.0,1,1,1,4.0
Agadir,hay_salam,False,Appartement,64.0,2.0,1.0,3.0,3580000.0,1,0,1,3.0
Agadir,hay_mohammadi,False,Appartement,68.0,1.0,1.0,4.0,4749000.0,1,1,1,4.0
Agadir,centre_ville,True,Appartement,120.0,2.0,2.0,0.0,1900000.0,1,1,1,0.0
Agadir,autre_secteur,True,Appartement,54.0,2.0,1.0,4.0,4450000.0,1,1,1,4.0
Agadir,hay_mohammadi,False,Appartement,64.0,2.0,2.0,5.0,1250000.0,1,0,1,5.0
Agadir,hay_mohammadi,False,Appartement,58.0,2.0,1.0,4.0,4750000.0,1,1,1,4.0
Agadir,hay_salam,False,Appartement,65.0,2.0,2.0,1.0,1715000.0,1,1,1,1.0
Agadir,hay_mohammadi,False,Appartement,64.0,2.0,0.0,3.0,3680000.0,1,0,1,3.0
Agadir,tilila,False,Appartement,64.0,2.0,1.0,4.0,4450000.0,1,0,1,4.0
Agadir,anza,False,Appartement,52.0,2.0,1.0,3.0,3390000.0,1,1,1,3.0
Agadir,hay_mohammadi,False,Appartement,52.0,2.0,1.0,5.0,555000.0,1,1,1,5.0
Agadir,hay_salam,False,Appartement,63.0,2.0,1.0,1.0,1730000.0,1,1,1,1.0
Agadir,cité_adrar,False,Appartement,64.0,2.0,1.0,4.0,4570000.0,1,0,1,4.0
Agadir,tilila,False,Appartement,64.0,2.0,1.0,0.0,620000.0,1,0,1,0.0
Agadir,hay_mohammadi,False,Appartement,48.0,2.0,1.0,0.0,600000.0,1,1,1,0.0
Agadir,el_houda,False,Appartement,64.0,3.0,2.0,3.0,1150000.0,1,0,1,3.0
Agadir,hay_salam,False,Appartement,64.0,2.0,1.0,4.0,4500000.0,1,0,0,4.0
Agadir,hay_salam,False,Appartement,56.0,2.0,2.0,2.0,2600000.0,1,1,1,2.0
Agadir,hay_salam,False,Appartement,64.0,3.0,1.0,4.0,4530000.0,1,0,0,4.0
Agadir,hay_salam,False,Appartement,64.0,2.0,1.0,3.0,3700000.0,1,0,1,3.0
Agadir,hay_mohammadi,False,Appartement,50.0,2.0,1.0,4.0,4550000.0,1,1,1,4.0
Agadir,hay_salam,False,Appartement,56.0,2.0,1.0,2.0,2600000.0,1,1,1,2.0
Agadir,hay_salam,False,Appartement,56.0,2.0,1.0,2.0,2650000.0,1,1,1,2.0
Agadir,haut_anza,False,Appartement,54.0,2.0,1.0,2.0,2340000.0,1,1,1,2.0
Agadir,hay_mohammadi,False,Appartement,54.0,2.0,1.0,4.0,4570000.0,1,1,1,4.0
Agadir,le_centre_ville,False,Appartement,60.0,3.0,0.0,3.0,3400000.0,1,1,1,3.0
Agadir,hay_salam,False,Appartement,64.0,3.0,2.0,1.0,1900000.0,1,0,1,1.0
Agadir,hay_salam,False,Appartement,59.0,2.0,1.0,4.0,4600000.0,1,1,1,4.0
Agadir,haut_anza,False,Appartement,57.0,2.0,0.0,2.0,2590000.0,1,1,1,2.0
Agadir,hay_salam,False,Appartement,56.0,2.0,1.0,4.0,4500000.0,1,1,1,4.0
Agadir,hay_salam,False,Appartement,66.0,2.0,1.0,4.0,4640000.0,1,1,1,4.0
Agadir,port,False,Appartement,78.0,4.0,2.0,2.0,2700000.0,1,1,1,2.0
Agadir,hay_mohammadi,False,Appartement,64.0,2.0,1.0,4.0,4580000.0,1,0,0,4.0
Agadir,hay_dakhla,False,Appartement,131.0,3.0,2.0,3.0,311000.0,1,1,1,3.0
Agadir,el_houda,False,Appartement,64.0,3.0,2.0,0.0,1200000.0,1,0,1,0.0
Agadir,hay_salam,False,Appartement,64.0,2.0,2.0,4.0,4630000.0,1,0,1,4.0
Agadir,hay_mohammadi,False,Appartement,60.0,2.0,1.0,2.0,2640000.0,1,1,1,2.0
Agadir,autre_secteur,True,Appartement,87.0,2.0,1.0,1.0,1900000.0,1,1,1,1.0
Agadir,el_houda,False,Appartement,54.0,1.0,1.0,3.0,3780000.0,1,1,1,3.0
Agadir,tamraght,False,Appartement,64.0,2.0,2.0,2.0,2100000.0,1,0,1,2.0
Agadir,hay_mohammadi,False,Appartement,54.0,2.0,1.0,1.0,1640000.0,1,1,1,1.0
Agadir,haut_anza,False,Appartement,52.0,2.0,1.0,2.0,2340000.0,1,1,1,2.0
Agadir,haut_anza,False,Appartement,55.0,1.0,1.0,2.0,2360000.0,1,1,1,2.0
Agadir,haut_anza,False,Appartement,55.0,1.0,1.0,1.0,1360000.0,1,1,1,1.0
Agadir,les_amicales,False,Appartement,64.0,3.0,2.0,4.0,1500000.0,1,0,1,4.0
Agadir,haut_anza,False,Appartement,70.0,2.0,2.0,1.0,1470000.0,1,1,1,1.0
Agadir,hay_mohammadi,False,Appartement,60.0,2.0,1.0,3.0,3800000.0,1,1,1,3.0
Agadir,tilila,False,Appartement,72.0,2.0,2.0,4.0,4994000.0,1,1,1,4.0
Agadir,hay_al_wafaa,False,Appartement,68.0,2.0,2.0,0.0,800000.0,1,1,1,0.0
Agadir,hay_salam,False,Appartement,70.0,2.0,1.0,4.0,4630000.0,1,1,1,4.0
Agadir,tilila,False,Appartement,97.0,3.0,2.0,3.0,3900000.0,1,1,1,3.0
Agadir,hay_mohammadi,False,Appartement,105.0,3.0,1.0,0.0,920000.0,1,1,0,0.0
Agadir,autre_secteur,True,Appartement,74.0,2.0,1.0,3.0,3740000.0,1,1,1,3.0
Agadir,hay_salam,False,Appartement,94.0,2.0,2.0,6.0,6870000.0,1,1,1,6.0
Agadir,autre_secteur,True,Appartement,147.0,3.0,2.0,1.0,12000000.0,1,1,1,1.0
Agadir,el_houda,False,Appartement,64.0,3.0,1.0,0.0,1160000.0,1,0,0,0.0
Agadir,hay_salam,False,Appartement,57.0,2.0,1.0,4.0,4500000.0,1,1,1,4.0
Agadir,hay_salam,False,Appartement,87.0,2.0,1.0,2.0,2900000.0,1,1,1,2.0
Agadir,autre_secteur,True,Appartement,69.0,2.0,1.0,unknown,780000.0,0,1,1,unknown
Agadir,hay_salam,False,Appartement,85.0,2.0,1.0,3.0,3880000.0,1,1,1,3.0
Agadir,taddart_anza,False,Appartement,54.0,2.0,1.0,0.0,350000.0,1,1,1,0.0
Agadir,hay_salam,False,Appartement,64.0,2.0,1.0,0.0,600000.0,1,0,1,0.0
Agadir,cité_adrar,False,Appartement,55.0,2.0,1.0,1.0,1650000.0,1,1,1,1.0
Agadir,hay_salam,False,Appartement,64.0,3.0,1.0,1.0,1200000.0,1,0,0,1.0
Agadir,hay_mohammadi,False,Appartement,92.0,3.0,2.0,0.0,1240000.0,1,1,1,0.0
Agadir,autre_secteur,True,Appartement,76.0,2.0,2.0,4.0,4700000.0,1,1,1,4.0
Agadir,autre_secteur,True,Appartement,66.0,2.0,1.0,1.0,1920000.0,1,1,1,1.0
Agadir,autre_secteur,True,Appartement,66.0,1.0,1.0,1.0,1760000.0,1,1,1,1.0
Agadir,centre_ville,True,Appartement,87.0,2.0,2.0,1.0,1870000.0,1,1,1,1.0
Agadir,hay_mohammadi,False,Appartement,54.0,2.0,1.0,0.0,630000.0,1,1,1,0.0
Agadir,hay_mohammadi,False,Appartement,70.0,2.0,2.0,1.0,1820000.0,1,1,1,1.0
Agadir,tilila,False,Appartement,64.0,2.0,2.0,1.0,1400000.0,1,0,1,1.0
Agadir,founty,False,Appartement,64.0,2.0,2.0,0.0,2350000.0,1,0,1,0.0
Agadir,hay_mohammadi,False,Appartement,64.0,3.0,2.0,0.0,1500000.0,1,0,1,0.0
Agadir,extension_dakhla,False,Appartement,64.0,2.0,1.0,3.0,3750000.0,1,0,0,3.0
Agadir,hay_mohammadi,False,Appartement,50.0,2.0,1.0,4.0,4490000.0,1,1,1,4.0
Agadir,centre_ville,True,Appartement,177.0,4.0,2.0,1.0,14700000.0,1,1,1,1.0
Agadir,hay_mohammadi,False,Appartement,63.0,2.0,2.0,0.0,660000.0,1,1,1,0.0
Agadir,hay_mohammadi,False,Appartement,128.0,3.0,2.0,1.0,11750000.0,1,1,1,1.0
Agadir,al_wifaq,False,Appartement,51.0,2.0,1.0,2.0,2570000.0,1,1,1,2.0
Agadir,autre_secteur,True,Appartement,85.0,2.0,3.0,1.0,1800000.0,1,1,1,1.0
Agadir,hay_mohammadi,False,Appartement,52.0,3.0,1.0,4.0,4550000.0,1,1,1,4.0
Agadir,agadir_oufella,False,Appartement,64.0,3.0,1.0,2.0,3000000.0,1,0,1,2.0
Agadir,autre_secteur,True,Appartement,100.0,3.0,2.0,2.0,2850000.0,1,1,1,2.0
Agadir,autre_secteur,True,Appartement,110.0,3.0,2.0,1.0,1960000.0,1,1,1,1.0
Agadir,hay_mohammadi,False,Appartement,64.0,3.0,1.0,2.0,1600000.0,1,0,0,2.0
Agadir,marina,False,Appartement,64.0,3.0,3.0,4.0,5500000.0,1,0,1,4.0
Agadir,hay_salam,False,Appartement,52.0,2.0,1.0,4.0,4560000.0,1,1,1,4.0
Agadir,hay_salam,False,Appartement,58.0,2.0,1.0,1.0,1680000.0,1,1,1,1.0
Agadir,hay_mohammadi,False,Appartement,66.0,2.0,2.0,2.0,2870000.0,1,1,1,2.0
Agadir,haut_anza,False,Appartement,75.0,2.0,1.0,1.0,1380000.0,1,1,1,1.0
Agadir,haut_founty,False,Appartement,150.0,4.0,2.0,0.0,1800000.0,1,1,1,0.0
Agadir,hay_salam,False,Appartement,54.0,2.0,1.0,1.0,1640000.0,1,1,1,1.0
Agadir,el_houda,False,Appartement,64.0,2.0,1.0,2.0,1150000.0,1,0,0,2.0
Agadir,tilila,False,Appartement,60.0,2.0,1.0,3.0,3580000.0,1,1,1,3.0
Agadir,hay_mohammadi,False,Appartement,60.0,2.0,1.0,4.0,4600000.0,1,1,1,4.0
Agadir,hay_mohammadi,False,Appartement,59.0,2.0,1.0,4.0,4950000.0,1,1,1,4.0
Agadir,hay_zaytoun,False,Appartement,120.0,3.0,2.0,1.0,11300000.0,1,1,1,1.0
Agadir,cité_adrar,False,Appartement,56.0,2.0,1.0,1.0,1620000.0,1,1,1,1.0
Agadir,zone_industrielle_agadir,False,Appartement,64.0,2.0,0.0,0.0,490000.0,1,0,1,0.0
Agadir,hay_mohammadi,False,Appartement,50.0,2.0,1.0,4.0,4590000.0,1,1,1,4.0
Agadir,hay_mohammadi,False,Appartement,64.0,2.0,2.0,3.0,3700000.0,1,0,1,3.0
Agadir,tamraght,False,Appartement,99.0,1.0,2.0,0.0,3200000.0,1,1,1,0.0
Agadir,anza,False,Appartement,56.0,2.0,2.0,0.0,790000.0,1,1,1,0.0
Agadir,hay_mohammadi,False,Appartement,55.0,2.0,1.0,4.0,4530000.0,1,1,1,4.0
Agadir,hay_dakhla,False,Appartement,99.0,2.0,1.0,unknown,1200000.0,0,1,1,unknown
Agadir,hay_salam,False,Appartement,60.0,2.0,2.0,1.0,125000.0,1,1,1,1.0
Agadir,hay_salam,False,Appartement,70.0,2.0,1.0,4.0,4750000.0,1,1,1,4.0
Agadir,anza,False,Appartement,58.0,2.0,2.0,1.0,1820000.0,1,1,1,1.0
Agadir,hay_salam,False,Appartement,88.0,2.0,2.0,4.0,4620000.0,1,1,1,4.0
Agadir,autre_secteur,True,Appartement,76.0,2.0,1.0,1.0,1650000.0,1,1,1,1.0
Agadir,autre_secteur,True,Appartement,65.0,2.0,1.0,1.0,1550000.0,1,1,1,1.0
Agadir,hay_salam,False,Appartement,105.0,2.0,1.0,5.0,5980000.0,1,1,1,5.0
Agadir,anza,False,Appartement,74.0,2.0,2.0,2.0,2850000.0,1,1,1,2.0
Agadir,autre_secteur,True,Appartement,71.0,2.0,2.0,3.0,3745000.0,1,1,1,3.0
Agadir,anza,False,Appartement,58.0,2.0,2.0,2.0,2700000.0,1,1,1,2.0
Agadir,hay_dakhla,False,Appartement,81.0,2.0,2.0,0.0,975000.0,1,1,1,0.0
Agadir,agadir_oufella,False,Appartement,70.0,3.0,1.0,2.0,2950000.0,1,1,1,2.0
Agadir,hay_massira,False,Appartement,67.0,2.0,2.0,1.0,1880000.0,1,1,1,1.0
Agadir,autre_secteur,True,Appartement,70.0,2.0,2.0,0.0,660000.0,1,1,1,0.0
Agadir,autre_secteur,True,Appartement,58.0,2.0,2.0,0.0,550000.0,1,1,1,0.0
Agadir,al_wifaq,False,Appartement,84.0,2.0,1.0,3.0,3950000.0,1,1,1,3.0
Agadir,ben_serguaou,False,Appartement,45.0,2.0,1.0,1.0,1320000.0,1,1,1,1.0
Agadir,assaka,False,Appartement,60.0,2.0,1.0,0.0,600000.0,1,1,1,0.0
Agadir,hay_salam,False,Appartement,64.0,2.0,1.0,2.0,2840000.0,1,1,1,2.0
Agadir,anza,False,Appartement,53.0,2.0,1.0,2.0,2420000.0,1,1,1,2.0
Agadir,anza,False,Appartement,64.0,2.0,2.0,0.0,790000.0,1,1,1,0.0
Agadir,haut_anza,False,Appartement,74.0,2.0,1.0,0.0,420000.0,1,1,1,0.0
Agadir,hay_najah,False,Appartement,64.0,2.0,2.0,2.0,1150000.0,1,0,1,2.0
Agadir,assaka,False,Appartement,63.0,2.0,1.0,3.0,3800000.0,1,1,1,3.0
Agadir,hay_mohammadi,False,Appartement,56.0,2.0,1.0,4.0,4650000.0,1,1,1,4.0
Agadir,cité_adrar,False,Appartement,56.0,2.0,1.0,1.0,1600000.0,1,1,1,1.0
Agadir,founty,False,Appartement,64.0,2.0,2.0,1.0,2330000.0,1,0,1,1.0
Agadir,hay_mohammadi,False,Appartement,64.0,2.0,1.0,2.0,1220000.0,1,0,0,2.0
Agadir,hay_salam,False,Appartement,67.0,2.0,2.0,4.0,4550000.0,1,1,1,4.0
Agadir,ville_nouvelle,False,Appartement,64.0,3.0,2.0,3.0,1700000.0,1,0,1,3.0
Agadir,hay_mohammadi,False,Appartement,64.0,3.0,2.0,2.0,1600000.0,1,0,1,2.0
Agadir,autre_secteur,True,Appartement,50.0,2.0,1.0,0.0,200000.0,1,1,1,0.0
Agadir,hay_mohammadi,False,Appartement,81.0,2.0,1.0,1.0,1660000.0,1,1,1,1.0
Agadir,cité_adrar,False,Appartement,64.0,2.0,1.0,5.0,5700000.0,1,1,1,5.0
Agadir,hay_salam,False,Appartement,69.0,2.0,1.0,1.0,1750000.0,1,1,1,1.0
Agadir,anza,False,Appartement,64.0,2.0,1.0,2.0,2720000.0,1,0,1,2.0
Agadir,hay_mohammadi,False,Appartement,48.0,2.0,1.0,3.0,3540000.0,1,1,1,3.0
Agadir,autre_secteur,True,Appartement,50.0,2.0,1.0,0.0,550000.0,1,1,1,0.0
Agadir,zone_industrielle_agadir,False,Appartement,71.0,2.0,2.0,2.0,2720000.0,1,1,1,2.0
Agadir,ben_serguaou,False,Appartement,46.0,2.0,1.0,0.0,260000.0,1,1,1,0.0
Agadir,autre_secteur,True,Appartement,70.0,2.0,1.0,unknown,750000.0,0,1,1,unknown
Agadir,hay_mohammadi,False,Appartement,66.0,2.0,1.0,1.0,1750000.0,1,1,1,1.0
Agadir,taddart_anza,False,Appartement,50.0,2.0,1.0,1.0,1320000.0,1,1,1,1.0
Agadir,al_wifaq,False,Appartement,49.0,2.0,1.0,0.0,550000.0,1,1,0,0.0
Agadir,cité_adrar,False,Appartement,47.0,1.0,1.0,3.0,3470000.0,1,1,1,3.0
Agadir,hay_salam,False,Appartement,66.0,2.0,1.0,2.0,2660000.0,1,1,1,2.0
Agadir,hay_dakhla,False,Appartement,94.0,2.0,2.0,0.0,870000.0,1,1,1,0.0
Agadir,cité_adrar,False,Appartement,46.0,2.0,1.0,1.0,1490000.0,1,1,1,1.0
Agadir,autre_secteur,True,Appartement,73.0,2.0,1.0,2.0,2780000.0,1,1,1,2.0
Agadir,hay_mohammadi,False,Appartement,64.0,2.0,1.0,1.0,1710000.0,1,0,1,1.0
Agadir,hay_salam,False,Appartement,78.0,2.0,1.0,4.0,4700000.0,1,1,1,4.0
Agadir,hay_salam,False,Appartement,70.0,2.0,1.0,1.0,1750000.0,1,1,1,1.0
Agadir,hay_salam,False,Appartement,56.0,2.0,2.0,1.0,1690000.0,1,1,1,1.0
Agadir,hay_dakhla,False,Appartement,98.0,2.0,2.0,0.0,1020000.0,1,1,1,0.0
Agadir,autre_secteur,True,Appartement,64.0,3.0,2.0,0.0,1100000.0,1,0,1,0.0
Agadir,autre_secteur,True,Appartement,54.0,3.0,1.0,2.0,2510000.0,1,1,1,2.0
Agadir,hay_zaytoun,False,Appartement,128.0,3.0,2.0,2.0,2950000.0,1,1,1,2.0
Agadir,hay_qods,False,Appartement,73.0,2.0,1.0,4.0,4700000.0,1,1,1,4.0
Agadir,tamraght,False,Appartement,45.0,1.0,1.0,0.0,1500000.0,1,1,1,0.0
Agadir,cité_adrar,False,Appartement,64.0,2.0,1.0,5.0,5670000.0,1,1,1,5.0
Agadir,hay_dakhla,False,Appartement,60.0,2.0,1.0,3.0,3700000.0,1,1,1,3.0
Agadir,al_wifaq,False,Appartement,44.0,2.0,1.0,0.0,450000.0,1,1,1,0.0
Agadir,hay_salam,False,Appartement,52.0,2.0,1.0,2.0,2780000.0,1,1,1,2.0
Agadir,riad_salam,False,Appartement,77.0,2.0,1.0,1.0,1900000.0,1,1,1,1.0
Agadir,hay_mohammadi,False,Appartement,55.0,2.0,1.0,0.0,530000.0,1,1,1,0.0
Agadir,hay_salam,False,Appartement,74.0,2.0,1.0,3.0,3750000.0,1,1,1,3.0
Agadir,av_mokawama,False,Appartement,64.0,1.0,2.0,0.0,1100000.0,1,0,1,0.0
Agadir,haut_founty,False,Appartement,208.0,4.0,2.0,1.0,13500000.0,1,1,1,1.0
Agadir,hay_mohammadi,False,Appartement,47.0,2.0,1.0,2.0,2540000.0,1,1,1,2.0
Agadir,hay_mohammadi,False,Appartement,70.0,2.0,2.0,5.0,5750000.0,1,1,1,5.0
Agadir,hay_mohammadi,False,Appartement,80.0,2.0,2.0,4.0,472000.0,1,1,1,4.0
Agadir,hay_mohammadi,False,Appartement,71.0,2.0,2.0,5.0,5750000.0,1,1,1,5.0
Agadir,hay_mohammadi,False,Appartement,62.0,2.0,1.0,1.0,1735000.0,1,1,1,1.0
Agadir,hay_dakhla,False,Appartement,64.0,2.0,1.0,3.0,3790000.0,1,0,1,3.0
Agadir,haut_anza,False,Appartement,56.0,2.0,1.0,3.0,3370000.0,1,1,1,3.0
Agadir,hay_salam,False,Appartement,60.0,2.0,1.0,2.0,2660000.0,1,1,1,2.0
Agadir,tilila,False,Appartement,67.0,2.0,2.0,4.0,4650000.0,1,1,1,4.0
Agadir,autre_secteur,True,Appartement,56.0,2.0,1.0,2.0,2540000.0,1,1,1,2.0
Agadir,hay_mohammadi,False,Appartement,80.0,2.0,2.0,3.0,3880000.0,1,1,1,3.0
Agadir,hay_salam,False,Appartement,60.0,2.0,1.0,2.0,2670000.0,1,1,1,2.0
Agadir,hay_salam,False,Appartement,53.0,2.0,1.0,3.0,3660000.0,1,1,1,3.0
Agadir,hay_dakhla,False,Appartement,82.0,3.0,2.0,2.0,2910000.0,1,1,1,2.0
Agadir,haut_anza,False,Appartement,62.0,2.0,1.0,2.0,2440000.0,1,1,1,2.0
Agadir,hay_mohammadi,False,Appartement,61.0,2.0,1.0,1.0,1850000.0,1,1,1,1.0
Agadir,haut_anza,False,Appartement,64.0,2.0,1.0,3.0,3370000.0,1,0,1,3.0
Agadir,hay_dakhla,False,Appartement,68.0,2.0,1.0,2.0,2900000.0,1,1,1,2.0
Agadir,hay_salam,False,Appartement,61.0,2.0,1.0,0.0,700000.0,1,1,1,0.0
Agadir,agadir_oufella,False,Appartement,64.0,2.0,2.0,1.0,2100000.0,1,0,1,1.0
Agadir,el_houda,False,Appartement,117.0,2.0,1.0,0.0,1400000.0,1,1,1,0.0
Agadir,hay_mohammadi,False,Appartement,63.0,2.0,1.0,3.0,3780000.0,1,1,1,3.0
Agadir,cité_adrar,False,Appartement,54.0,2.0,1.0,0.0,700000.0,1,1,1,0.0
Agadir,hay_dakhla,False,Appartement,113.0,2.0,1.0,0.0,880000.0,1,1,1,0.0
Agadir,centre_ville,True,Appartement,56.0,2.0,1.0,2.0,2600000.0,1,1,1,2.0
Agadir,autre_secteur,True,Appartement,56.0,2.0,1.0,4.0,4370000.0,1,1,1,4.0
Agadir,anza,False,Appartement,65.0,2.0,2.0,1.0,1600000.0,1,1,1,1.0
Agadir,anza,False,Appartement,58.0,2.0,1.0,1.0,1580000.0,1,1,1,1.0
Agadir,hay_dakhla,False,Appartement,108.0,2.0,2.0,0.0,880000.0,1,1,1,0.0
Agadir,hay_salam,False,Appartement,58.0,2.0,1.0,4.0,450000.0,1,1,1,4.0
Agadir,hay_salam,False,Appartement,53.0,2.0,1.0,3.0,3680000.0,1,1,1,3.0
Agadir,amsernate,False,Appartement,56.0,2.0,1.0,4.0,4400000.0,1,1,1,4.0
Agadir,cité_adrar,False,Appartement,60.0,2.0,1.0,1.0,1660000.0,1,1,0,1.0
Agadir,hay_salam,False,Appartement,83.0,2.0,1.0,0.0,900000.0,1,1,1,0.0
Agadir,tilila,False,Appartement,58.0,2.0,1.0,3.0,3570000.0,1,1,1,3.0
Agadir,hay_salam,False,Appartement,69.0,3.0,2.0,0.0,670000.0,1,1,1,0.0
Agadir,hay_salam,False,Appartement,124.0,3.0,2.0,5.0,5950000.0,1,1,1,5.0
Agadir,tassila,False,Appartement,50.0,2.0,0.0,0.0,520000.0,1,1,1,0.0
Agadir,hay_mohammadi,False,Appartement,77.0,2.0,1.0,0.0,980000.0,1,1,1,0.0
Agadir,hay_mohammadi,False,Appartement,66.0,2.0,1.0,1.0,1750000.0,1,1,0,1.0
Agadir,taddart_anza,False,Appartement,64.0,3.0,3.0,1.0,1090000.0,1,0,1,1.0
Agadir,ben_serguaou,False,Appartement,60.0,2.0,2.0,1.0,1620000.0,1,1,1,1.0
Agadir,tilila,False,Appartement,58.0,2.0,1.0,3.0,3590000.0,1,1,1,3.0
Agadir,el_houda,False,Appartement,70.0,2.0,1.0,3.0,3700000.0,1,1,1,3.0
Agadir,autre_secteur,True,Appartement,147.0,4.0,2.0,1.0,11650000.0,1,1,1,1.0
Agadir,hay_salam,False,Appartement,64.0,2.0,1.0,1.0,1800000.0,1,1,1,1.0
Agadir,hay_salam,False,Appartement,67.0,2.0,1.0,4.0,453000.0,1,1,1,4.0
Agadir,hay_mohammadi,False,Appartement,56.0,2.0,1.0,0.0,630000.0,1,1,1,0.0
Agadir,hay_dakhla,False,Appartement,125.0,3.0,2.0,4.0,413000.0,1,1,1,4.0
Agadir,autre_secteur,True,Appartement,50.0,2.0,1.0,1.0,1650000.0,1,1,1,1.0
Agadir,autre_secteur,True,Appartement,150.0,2.0,1.0,2.0,2480000.0,1,1,1,2.0
Agadir,hay_salam,False,Appartement,60.0,2.0,1.0,1.0,1600000.0,1,1,1,1.0
Agadir,haut_founty,False,Appartement,150.0,4.0,2.0,0.0,1900000.0,1,1,1,0.0
Agadir,tilila,False,Appartement,72.0,2.0,2.0,2.0,2650000.0,1,1,1,2.0
Agadir,hay_salam,False,Appartement,90.0,2.0,1.0,unknown,570000.0,0,1,1,unknown
Agadir,hay_mohammadi,False,Appartement,50.0,2.0,1.0,0.0,570000.0,1,1,1,0.0
Agadir,el_houda,False,Appartement,64.0,3.0,1.0,3.0,1700000.0,1,0,0,3.0
Agadir,hay_mohammadi,False,Appartement,60.0,2.0,1.0,1.0,1800000.0,1,1,1,1.0
Agadir,el_houda,False,Appartement,50.0,2.0,1.0,1.0,1460000.0,1,1,1,1.0
Agadir,hay_mohammadi,False,Appartement,50.0,2.0,1.0,3.0,3550000.0,1,1,1,3.0
Agadir,hay_salam,False,Appartement,64.0,2.0,1.0,0.0,590000.0,1,0,1,0.0
Agadir,founty,False,Appartement,64.0,3.0,2.0,2.0,2200000.0,1,0,1,2.0
Agadir,cité_adrar,False,Appartement,65.0,2.0,2.0,2.0,2700000.0,1,1,1,2.0
Agadir,hay_mohammadi,False,Appartement,62.0,2.0,2.0,2.0,2650000.0,1,1,1,2.0
Agadir,autre_secteur,True,Appartement,60.0,2.0,1.0,2.0,2400000.0,1,1,1,2.0
Agadir,tassila,False,Appartement,65.0,2.0,2.0,2.0,2770000.0,1,1,1,2.0
Agadir,autre_secteur,True,Appartement,64.0,2.0,1.0,2.0,2440000.0,1,1,1,2.0
Agadir,tilila,False,Appartement,68.0,2.0,1.0,2.0,2750000.0,1,1,1,2.0
Agadir,hay_al_farah,False,Appartement,52.0,2.0,1.0,1.0,1660000.0,1,1,1,1.0
Agadir,haut_anza,False,Appartement,55.0,2.0,1.0,1.0,1860000.0,1,1,1,1.0
Agadir,hay_salam,False,Appartement,68.0,2.0,1.0,4.0,4820000.0,1,1,1,4.0
Agadir,hay_salam,False,Appartement,83.0,2.0,1.0,1.0,1940000.0,1,1,1,1.0
Agadir,hay_mohammadi,False,Appartement,50.0,2.0,1.0,0.0,600000.0,1,1,1,0.0
Agadir,hay_salam,False,Appartement,53.0,2.0,1.0,2.0,2730000.0,1,1,1,2.0
Agadir,tassila,False,Appartement,49.0,2.0,1.0,0.0,600000.0,1,1,1,0.0
Agadir,zone_industrielle_agadir,False,Appartement,64.0,1.0,1.0,5.0,5650000.0,1,0,1,5.0
Agadir,zone_industrielle_agadir,False,Appartement,64.0,2.0,1.0,2.0,2580000.0,1,0,1,2.0
Agadir,haut_anza,False,Appartement,64.0,2.0,1.0,1.0,1460000.0,1,0,1,1.0
Agadir,hay_dakhla,False,Appartement,46.0,1.0,1.0,2.0,2550000.0,1,1,1,2.0
Agadir,taddart_anza,False,Appartement,55.0,2.0,1.0,2.0,2360000.0,1,1,1,2.0
Agadir,cité_adrar,False,Appartement,56.0,2.0,1.0,2.0,2350000.0,1,1,1,2.0
Agadir,autre_secteur,True,Appartement,64.0,2.0,1.0,2.0,2580000.0,1,0,1,2.0
Agadir,cité_adrar,False,Appartement,50.0,2.0,1.0,3.0,3400000.0,1,1,1,3.0
Agadir,hay_salam,False,Appartement,50.0,2.0,2.0,2.0,2600000.0,1,1,1,2.0
Agadir,haut_anza,False,Appartement,55.0,2.0,1.0,2.0,236000.0,1,1,1,2.0
Agadir,hay_mohammadi,False,Appartement,73.0,2.0,1.0,2.0,2960000.0,1,1,1,2.0
Agadir,hay_salam,False,Appartement,58.0,2.0,1.0,1.0,1650000.0,1,1,1,1.0
Agadir,hay_mohammadi,False,Appartement,73.0,2.0,1.0,2.0,2950000.0,1,1,1,2.0
Agadir,hay_salam,False,Appartement,55.0,2.0,1.0,0.0,640000.0,1,1,1,0.0
Agadir,hay_salam,False,Appartement,64.0,2.0,2.0,5.0,5900000.0,1,0,1,5.0
Agadir,hay_mohammadi,False,Appartement,64.0,2.0,1.0,2.0,2860000.0,1,0,1,2.0
Agadir,le_bord_de_mer,False,Appartement,120.0,3.0,2.0,0.0,1100000.0,1,1,1,0.0
Agadir,hay_dakhla,False,Appartement,75.0,2.0,1.0,0.0,920000.0,1,1,1,0.0
Agadir,anza,False,Appartement,52.0,2.0,1.0,3.0,3620000.0,1,1,1,3.0
Agadir,ihchach,False,Appartement,73.0,2.0,1.0,1.0,1975000.0,1,1,1,1.0
Agadir,el_houda,False,Appartement,64.0,2.0,2.0,1.0,1670000.0,1,1,1,1.0
Agadir,tamraght,False,Appartement,120.0,3.0,2.0,0.0,1150000.0,1,1,1,0.0
Agadir,al_wifaq,False,Appartement,110.0,3.0,2.0,0.0,1100000.0,1,1,1,0.0
Agadir,cité_adrar,False,Appartement,54.0,2.0,1.0,3.0,3330000.0,1,1,1,3.0
Agadir,hay_salam,False,Appartement,87.0,2.0,2.0,5.0,5760000.0,1,1,1,5.0
Agadir,al_wifaq,False,Appartement,110.0,2.0,1.0,0.0,1100000.0,1,1,1,0.0
Agadir,hay_mohammadi,False,Appartement,60.0,2.0,1.0,3.0,3590000.0,1,1,1,3.0
Agadir,el_houda,False,Appartement,56.0,2.0,1.0,4.0,4560000.0,1,1,1,4.0
Agadir,hay_mohammadi,False,Appartement,75.0,4.0,2.0,2.0,2975000.0,1,1,1,2.0
Agadir,hay_mohammadi,False,Appartement,75.0,3.0,2.0,1.0,1995000.0,1,1,1,1.0
Agadir,anza,False,Appartement,63.0,2.0,2.0,4.0,4430000.0,1,1,1,4.0
Agadir,zone_industrielle_agadir,False,Appartement,75.0,2.0,2.0,2.0,2820000.0,1,1,1,2.0
Agadir,hay_salam,False,Appartement,54.0,2.0,1.0,2.0,2600000.0,1,1,1,2.0
Agadir,hay_mohammadi,False,Appartement,52.0,1.0,1.0,1.0,1750000.0,1,1,0,1.0
Agadir,hay_salam,False,Appartement,124.0,4.0,2.0,5.0,5950000.0,1,1,1,5.0
Agadir,hay_mohammadi,False,Appartement,69.0,2.0,1.0,0.0,740000.0,1,1,1,0.0
Agadir,zone_industrielle_agadir,False,Appartement,35.0,1.0,1.0,1.0,1650000.0,1,1,1,1.0
Agadir,zone_industrielle_agadir,False,Appartement,124.0,3.0,1.0,5.0,5960000.0,1,1,1,5.0
Agadir,zone_industrielle_agadir,False,Appartement,54.0,2.0,1.0,1.0,1560000.0,1,1,1,1.0
Agadir,agadir,False,Appartement,85.0,2.0,2.0,0.0,790000.0,1,1,1,0.0
Agadir,autre_secteur,True,Appartement,64.0,3.0,1.0,1.0,1700000.0,1,0,1,1.0
Agadir,hay_mohammadi,False,Appartement,85.0,2.0,2.0,0.0,1400000.0,1,1,1,0.0
Agadir,el_houda,False,Appartement,71.0,2.0,2.0,3.0,3950000.0,1,1,1,3.0
Agadir,anza,False,Appartement,64.0,2.0,0.0,4.0,4800000.0,1,0,1,4.0
Agadir,hay_mohammadi,False,Appartement,52.0,2.0,1.0,2.0,2540000.0,1,1,1,2.0
Agadir,talborjt,False,Appartement,64.0,3.0,2.0,0.0,2250000.0,1,0,1,0.0
Agadir,sonaba,False,Appartement,90.0,2.0,2.0,0.0,4000000.0,1,1,1,0.0
Agadir,el_houda,False,Appartement,78.0,2.0,1.0,1.0,1980000.0,1,1,1,1.0
Agadir,talborjt,False,Appartement,86.0,2.0,1.0,0.0,1800000.0,1,1,1,0.0
Agadir,cité_adrar,False,Appartement,57.0,2.0,1.0,1.0,1550000.0,1,1,1,1.0
Agadir,autre_secteur,True,Appartement,64.0,3.0,2.0,3.0,2050000.0,1,0,1,3.0
Agadir,agadir_oufella,False,Appartement,76.0,3.0,2.0,1.0,1890000.0,1,1,1,1.0
Agadir,tassila,False,Appartement,52.0,2.0,1.0,3.0,3470000.0,1,1,1,3.0
Agadir,autre_secteur,True,Appartement,87.0,2.0,2.0,0.0,820000.0,1,1,1,0.0
Agadir,zone_industrielle_agadir,False,Appartement,53.0,2.0,1.0,0.0,650000.0,1,1,1,0.0
Agadir,cité_adrar,False,Appartement,67.0,2.0,2.0,3.0,3700000.0,1,1,1,3.0
Agadir,hay_mohammadi,False,Appartement,75.0,2.0,1.0,1.0,1860000.0,1,1,1,1.0
Agadir,cité_adrar,False,Appartement,61.0,2.0,1.0,0.0,560000.0,1,1,1,0.0
Agadir,bouargane,False,Appartement,64.0,3.0,2.0,2.0,1050000.0,1,0,1,2.0
Agadir,cité_adrar,False,Appartement,59.0,2.0,1.0,1.0,1680000.0,1,1,1,1.0
Agadir,hay_mohammadi,False,Appartement,60.0,3.0,0.0,0.0,550000.0,1,1,1,0.0
Agadir,autre_secteur,True,Appartement,182.0,3.0,2.0,1.0,12500000.0,1,1,1,1.0
Agadir,el_houda,False,Appartement,69.0,2.0,2.0,2.0,2860000.0,1,1,1,2.0
Agadir,hay_mohammadi,False,Appartement,105.0,2.0,2.0,0.0,1150000.0,1,1,1,0.0
Agadir,hay_mohammadi,False,Appartement,50.0,2.0,1.0,3.0,3640000.0,1,1,1,3.0
Agadir,hay_dakhla,False,Appartement,70.0,2.0,2.0,2.0,2700000.0,1,1,1,2.0
Agadir,autre_secteur,True,Appartement,66.0,3.0,1.0,3.0,3460000.0,1,1,1,3.0
Agadir,hay_salam,False,Appartement,60.0,2.0,1.0,3.0,3560000.0,1,1,1,3.0
Agadir,autre_secteur,True,Appartement,64.0,2.0,1.0,1.0,1740000.0,1,0,1,1.0
Agadir,haut_founty,False,Appartement,77.0,2.0,2.0,1.0,1950000.0,1,1,1,1.0
Agadir,hay_mohammadi,False,Appartement,147.0,3.0,3.0,1.0,12450000.0,1,1,1,1.0
Agadir,le_bord_de_mer,False,Appartement,50.0,2.0,1.0,0.0,400000.0,1,1,1,0.0
Agadir,hay_mohammadi,False,Appartement,79.0,2.0,2.0,3.0,3950000.0,1,1,1,3.0
Agadir,av_des_far,False,Appartement,34.0,1.0,1.0,0.0,650000.0,1,1,1,0.0
Agadir,el_houda,False,Appartement,104.0,2.0,2.0,0.0,950000.0,1,1,1,0.0
Agadir,hay_mohammadi,False,Appartement,64.0,3.0,2.0,2.0,1390000.0,1,0,1,2.0
Agadir,hay_najah,False,Appartement,64.0,2.0,2.0,2.0,1200000.0,1,0,1,2.0
Agadir,marina,False,Appartement,64.0,2.0,2.0,4.0,5000000.0,1,0,1,4.0
Agadir,hay_mohammadi,False,Appartement,60.0,2.0,1.0,3.0,3780000.0,1,1,1,3.0
Agadir,haut_anza,False,Appartement,61.0,2.0,1.0,5.0,5700000.0,1,1,1,5.0
Agadir,hay_massira,False,Appartement,128.0,3.0,2.0,1.0,12000000.0,1,1,1,1.0
Agadir,av_des_far,False,Appartement,34.0,1.0,1.0,0.0,680000.0,1,1,1,0.0
Agadir,hay_salam,False,Appartement,60.0,2.0,1.0,5.0,5690000.0,1,1,1,5.0
Agadir,tilila,False,Appartement,75.0,2.0,1.0,4.0,4950000.0,1,1,1,4.0
Agadir,autre_secteur,True,Appartement,87.0,3.0,2.0,0.0,460000.0,1,1,1,0.0
Agadir,hay_salam,False,Appartement,74.0,2.0,2.0,1.0,1660000.0,1,1,1,1.0
Agadir,hay_mohammadi,False,Appartement,260.0,3.0,2.0,0.0,1500000.0,1,1,1,0.0
Agadir,autre_secteur,True,Appartement,64.0,2.0,2.0,1.0,1200000.0,1,0,1,1.0
Agadir,autre_secteur,True,Appartement,64.0,2.0,1.0,1.0,1770000.0,1,0,1,1.0
Agadir,hay_salam,False,Appartement,55.0,5.0,2.0,3.0,3540000.0,1,1,1,3.0
Agadir,secteur_touristique,False,Appartement,64.0,2.0,3.0,2.0,3700000.0,1,0,1,2.0
Agadir,founty,False,Appartement,64.0,3.0,2.0,4.0,3100000.0,1,0,1,4.0
Agadir,tassila,False,Appartement,75.0,3.0,2.0,3.0,3770000.0,1,1,1,3.0
Agadir,anza,False,Appartement,64.0,2.0,2.0,1.0,1800000.0,1,0,1,1.0
Agadir,hay_salam,False,Appartement,107.0,6.0,2.0,3.0,3800000.0,1,1,1,3.0
Agadir,hay_mohammadi,False,Appartement,65.0,2.0,1.0,1.0,1850000.0,1,1,1,1.0
Agadir,hay_salam,False,Appartement,59.0,2.0,2.0,1.0,1660000.0,1,1,1,1.0
Agadir,le_bord_de_mer,False,Appartement,95.0,2.0,2.0,0.0,530000.0,1,1,1,0.0
Agadir,tassila,False,Appartement,50.0,2.0,1.0,1.0,1460000.0,1,1,1,1.0
Agadir,tassila,False,Appartement,64.0,2.0,1.0,2.0,2730000.0,1,0,1,2.0
Agadir,hay_mohammadi,False,Appartement,50.0,2.0,1.0,3.0,3480000.0,1,1,1,3.0
Agadir,marina,False,Appartement,64.0,2.0,2.0,0.0,2300000.0,1,0,1,0.0
Agadir,secteur_touristique,False,Appartement,64.0,2.0,2.0,2.0,3450000.0,1,0,1,2.0
Agadir,haut_founty,False,Appartement,64.0,3.0,2.0,4.0,2490000.0,1,0,1,4.0
Agadir,anza,False,Appartement,120.0,3.0,1.0,1.0,1670000.0,1,1,1,1.0
Agadir,haut_founty,False,Appartement,64.0,3.0,3.0,1.0,1950000.0,1,0,1,1.0
Agadir,hay_salam,False,Appartement,69.0,2.0,1.0,1.0,1780000.0,1,1,1,1.0
Agadir,tassila,False,Appartement,48.0,2.0,1.0,1.0,1470000.0,1,1,1,1.0
Agadir,centre_ville,True,Appartement,56.0,2.0,1.0,1.0,1560000.0,1,1,1,1.0
Agadir,agadir_oufella,False,Appartement,58.0,2.0,1.0,3.0,3620000.0,1,1,1,3.0
Agadir,tilila,False,Appartement,64.0,2.0,1.0,0.0,750000.0,1,0,1,0.0
Agadir,le_centre_ville,False,Appartement,64.0,3.0,2.0,1.0,2300000.0,1,0,1,1.0
Agadir,cité_adrar,False,Appartement,64.0,2.0,1.0,1.0,1520000.0,1,1,1,1.0
Agadir,cité_adrar,False,Appartement,51.0,2.0,1.0,2.0,2420000.0,1,1,1,2.0
Agadir,hay_salam,False,Appartement,56.0,2.0,1.0,4.0,450000.0,1,1,1,4.0
Agadir,centre_ville,True,Appartement,56.0,2.0,1.0,1.0,1600000.0,1,1,1,1.0
Agadir,haut_anza,False,Appartement,56.0,2.0,1.0,2.0,2420000.0,1,1,1,2.0
Fes,route_ain_chkaf,False,Appartement,102.0,3.0,2.0,3.0,3770000.0,1,1,1,3.0
Fes,autre_secteur,True,Appartement,161.0,3.0,2.0,0.0,830000.0,1,1,1,0.0
Fes,centre,True,Appartement,215.0,3.0,3.0,0.0,1200000.0,1,1,1,0.0
Fes,route_d_immouzere,False,Appartement,88.0,3.0,2.0,1.0,1540000.0,1,1,1,1.0
Fes,al_hadiqa,False,Appartement,123.0,3.0,2.0,2.0,2620000.0,1,1,1,2.0
Fes,tghat,False,Appartement,85.0,4.0,2.0,1.0,1310000.0,1,1,1,1.0
Fes,agdal,False,Appartement,48.0,2.0,1.0,0.0,400000.0,1,1,1,0.0
Fes,centre,True,Appartement,90.0,2.0,1.0,3.0,3470000.0,1,1,1,3.0
Fes,centre,True,Appartement,90.0,2.0,1.0,4.0,4450000.0,1,1,1,4.0
Fes,oued_fès,False,Appartement,60.0,1.0,1.0,1.0,1135000.0,1,1,1,1.0
Fes,hay_saada,False,Appartement,95.0,3.0,1.0,1.0,1620000.0,1,0,1,1.0
Fes,centre,True,Appartement,220.0,3.0,3.0,0.0,1150000.0,1,1,1,0.0
Fes,oued_fès,False,Appartement,104.0,3.0,2.0,0.0,590000.0,1,1,1,0.0
Fes,narjis,False,Appartement,84.0,2.0,1.0,4.0,4300000.0,1,1,1,4.0
Fes,boutaaa,False,Appartement,80.0,2.0,1.0,2.0,2150000.0,1,1,1,2.0
Fes,autre_secteur,True,Appartement,70.0,2.0,2.0,3.0,3360000.0,1,1,1,3.0
Fes,agdal,False,Appartement,160.0,3.0,2.0,4.0,4700000.0,1,1,1,4.0
Fes,hay_saada,False,Appartement,104.0,2.0,2.0,0.0,400000.0,1,1,1,0.0
Fes,autre_secteur,True,Appartement,106.0,3.0,1.0,1.0,1500000.0,1,1,1,1.0
Fes,zouagha,False,Appartement,84.0,3.0,2.0,2.0,2500000.0,1,1,1,2.0
Fes,autre_secteur,True,Appartement,213.0,3.0,2.0,0.0,720000.0,1,1,1,0.0
Fes,route_ain_chkaf,False,Appartement,94.0,3.0,2.0,3.0,3540000.0,1,1,1,3.0
Fes,zouagha,False,Appartement,80.0,2.0,1.0,3.0,3240000.0,1,1,1,3.0
Fes,autre_secteur,True,Appartement,127.0,3.0,2.0,3.0,3720000.0,1,1,1,3.0
Fes,oued_fès,False,Appartement,94.0,3.0,1.0,0.0,480000.0,1,1,1,0.0
Fes,oued_fès,False,Appartement,81.0,2.0,1.0,0.0,520000.0,1,1,1,0.0
Fes,oued_fès,False,Appartement,80.0,2.0,1.0,1.0,1450000.0,1,1,1,1.0
Fes,route_d_immouzere,False,Appartement,95.0,2.0,1.0,3.0,3330000.0,1,0,1,3.0
Fes,oued_fès,False,Appartement,96.0,3.0,2.0,2.0,2640000.0,1,1,1,2.0
Fes,dher_lkhmiss,False,Appartement,95.0,2.0,1.0,1.0,1280000.0,1,0,1,1.0
Fes,route_de_sefrou,False,Appartement,75.0,2.0,1.0,2.0,2430000.0,1,1,1,2.0
Fes,zouagha,False,Appartement,60.0,2.0,1.0,1.0,1170000.0,1,1,1,1.0
Fes,autre_secteur,True,Appartement,108.0,2.0,1.0,2.0,2450000.0,1,1,1,2.0
Fes,route_de_sefrou,False,Appartement,72.0,2.0,1.0,2.0,2360000.0,1,1,1,2.0
Fes,route_ain_chkaf,False,Appartement,74.0,3.0,1.0,0.0,500000.0,1,1,1,0.0
Fes,mont_fleuri,False,Appartement,150.0,2.0,3.0,1.0,1580000.0,1,1,1,1.0
Fes,route_d_immouzere,False,Appartement,121.0,3.0,2.0,0.0,800000.0,1,1,1,0.0
Fes,narjis,False,Appartement,90.0,2.0,2.0,1.0,1500000.0,1,1,1,1.0
Fes,agdal,False,Appartement,162.0,3.0,3.0,1.0,11550000.0,1,1,1,1.0
Fes,oued_fès,False,Appartement,178.0,4.0,3.0,1.0,1880000.0,1,1,1,1.0
Fes,oued_fès,False,Appartement,95.0,2.0,2.0,4.0,4400000.0,1,0,1,4.0
Fes,jnan_el_ward,False,Appartement,75.0,2.0,1.0,2.0,2180000.0,1,1,1,2.0
Fes,oued_fès,False,Appartement,111.0,3.0,2.0,3.0,3450000.0,1,1,1,3.0
Fes,ben_souda,False,Appartement,65.0,2.0,2.0,3.0,3300000.0,1,1,1,3.0
Fes,route_ain_chkaf,False,Appartement,100.0,2.0,2.0,1.0,1700000.0,1,1,1,1.0
Fes,autre_secteur,True,Appartement,70.0,2.0,1.0,1.0,1380000.0,1,1,1,1.0
Fes,route_d_immouzere,False,Appartement,108.0,3.0,2.0,2.0,2685000.0,1,1,1,2.0
Fes,route_d_immouzere,False,Appartement,140.0,3.0,2.0,unknown,800000.0,0,1,1,unknown
Fes,route_ain_chkaf,False,Appartement,160.0,4.0,1.0,0.0,600000.0,1,1,1,0.0
Fes,narjis,False,Appartement,146.0,3.0,2.0,4.0,4500000.0,1,1,1,4.0
Fes,champ_de_course,False,Appartement,143.0,3.0,2.0,0.0,1300000.0,1,1,1,0.0
Fes,champ_de_course,False,Appartement,95.0,3.0,2.0,2.0,1300000.0,1,0,1,2.0
Fes,ben_souda,False,Appartement,75.0,2.0,1.0,4.0,4280000.0,1,1,1,4.0
Fes,ben_souda,False,Appartement,75.0,2.0,1.0,4.0,4240000.0,1,1,1,4.0
Fes,route_de_sefrou,False,Appartement,92.0,2.0,1.0,3.0,3520000.0,1,1,1,3.0
Fes,route_ain_chkaf,False,Appartement,95.0,4.0,3.0,1.0,11260000.0,1,0,1,1.0
Fes,hay_saada,False,Appartement,126.0,2.0,1.0,4.0,4750000.0,1,1,1,4.0
Fes,agdal,False,Appartement,126.0,3.0,3.0,3.0,3750000.0,1,1,1,3.0
Fes,oued_fès,False,Appartement,114.0,3.0,2.0,3.0,3730000.0,1,1,1,3.0
Fes,oued_fès,False,Appartement,96.0,2.0,2.0,1.0,1380000.0,1,1,1,1.0
Fes,ben_souda,False,Appartement,76.0,3.0,1.0,3.0,3310000.0,1,1,1,3.0
Fes,autre_secteur,True,Appartement,115.0,3.0,2.0,1.0,1770000.0,1,1,1,1.0
Fes,oued_fès,False,Appartement,90.0,3.0,1.0,1.0,1495000.0,1,1,1,1.0
Fes,route_d_immouzere,False,Appartement,92.0,2.0,1.0,3.0,3520000.0,1,1,1,3.0
Fes,agdal,False,Appartement,88.0,2.0,2.0,2.0,2600000.0,1,1,1,2.0
Fes,oued_fès,False,Appartement,125.0,3.0,3.0,1.0,1720000.0,1,1,1,1.0
Fes,oued_fès,False,Appartement,95.0,3.0,2.0,1.0,1490000.0,1,1,1,1.0
Fes,centre,True,Appartement,99.0,2.0,1.0,2.0,2550000.0,1,1,1,2.0
Fes,route_ain_chkaf,False,Appartement,80.0,2.0,1.0,1.0,1480000.0,1,1,1,1.0
Fes,route_ain_chkaf,False,Appartement,125.0,3.0,1.0,0.0,520000.0,1,1,1,0.0
Fes,route_ain_chkaf,False,Appartement,80.0,2.0,1.0,1.0,1520000.0,1,1,1,1.0
Fes,zouagha,False,Appartement,95.0,2.0,1.0,2.0,2160000.0,1,0,1,2.0
Fes,hay_atlas,False,Appartement,121.0,3.0,2.0,1.0,1950000.0,1,1,1,1.0
Fes,narjis,False,Appartement,123.0,3.0,3.0,1.0,1750000.0,1,1,1,1.0
Fes,autre_secteur,True,Appartement,81.0,3.0,1.0,1.0,1450000.0,1,1,1,1.0
Fes,jnan_el_ward,False,Appartement,143.0,3.0,3.0,0.0,700000.0,1,1,1,0.0
Fes,mont_fleuri,False,Appartement,96.0,2.0,1.0,1.0,1400000.0,1,1,1,1.0
Fes,route_ain_chkaf,False,Appartement,55.0,2.0,1.0,3.0,3310000.0,1,1,1,3.0
Fes,route_ain_chkaf,False,Appartement,60.0,2.0,1.0,1.0,1170000.0,1,1,1,1.0
Fes,hay_atlas,False,Appartement,138.0,3.0,2.0,4.0,4400000.0,1,1,1,4.0
Fes,narjis,False,Appartement,95.0,3.0,1.0,4.0,4610000.0,1,0,1,4.0
Fes,agdal,False,Appartement,92.0,2.0,1.0,3.0,3520000.0,1,1,1,3.0
Fes,centre,True,Appartement,95.0,3.0,2.0,1.0,1750000.0,1,0,1,1.0
Fes,hay_riad,False,Appartement,84.0,3.0,1.0,3.0,3450000.0,1,1,1,3.0
Fes,route_d_immouzere,False,Appartement,186.0,3.0,2.0,1.0,11590000.0,1,1,1,1.0
Fes,narjis,False,Appartement,165.0,4.0,2.0,1.0,11000000.0,1,1,1,1.0
Fes,route_de_sefrou,False,Appartement,95.0,2.0,1.0,4.0,4420000.0,1,0,0,4.0
Fes,agdal,False,Appartement,98.0,3.0,2.0,2.0,2820000.0,1,1,1,2.0
Fes,champ_de_course,False,Appartement,109.0,3.0,2.0,4.0,4980000.0,1,1,1,4.0
Fes,ben_souda,False,Appartement,90.0,2.0,2.0,2.0,2600000.0,1,1,1,2.0
Fes,route_de_sefrou,False,Appartement,125.0,3.0,3.0,2.0,2650000.0,1,1,1,2.0
Fes,hay_riad,False,Appartement,67.0,2.0,1.0,1.0,1340000.0,1,1,1,1.0
Fes,agdal,False,Appartement,224.0,1.0,1.0,0.0,820000.0,1,1,1,0.0
Fes,oued_fès,False,Appartement,78.0,3.0,1.0,1.0,1250000.0,1,1,1,1.0
Fes,autre_secteur,True,Appartement,80.0,2.0,0.0,4.0,4200000.0,1,1,1,4.0
Fes,autre_secteur,True,Appartement,104.0,2.0,2.0,1.0,1500000.0,1,1,1,1.0
Fes,hay_riad,False,Appartement,94.0,3.0,1.0,4.0,4430000.0,1,1,1,4.0
Fes,agdal,False,Appartement,124.0,2.0,2.0,1.0,1720000.0,1,1,1,1.0
Fes,route_d_immouzere,False,Appartement,95.0,3.0,2.0,0.0,780000.0,1,0,1,0.0
Fes,autre_secteur,True,Appartement,164.0,2.0,2.0,3.0,3900000.0,1,1,1,3.0
Fes,ben_souda,False,Appartement,78.0,2.0,1.0,3.0,3320000.0,1,1,1,3.0
Fes,centre,True,Appartement,65.0,2.0,2.0,2.0,2480000.0,1,1,1,2.0
Fes,route_ain_chkaf,False,Appartement,72.0,3.0,1.0,3.0,3400000.0,1,1,1,3.0
Fes,sehb_el_ward,False,Appartement,107.0,3.0,2.0,1.0,1570000.0,1,1,1,1.0
Fes,ben_souda,False,Appartement,82.0,2.0,2.0,2.0,2500000.0,1,1,1,2.0
Fes,fès_médina,False,Appartement,90.0,2.0,1.0,1.0,1350000.0,1,1,1,1.0
Fes,route_d_immouzere,False,Appartement,95.0,3.0,1.0,3.0,1250000.0,1,0,0,3.0
Fes,autre_secteur,True,Appartement,124.0,3.0,1.0,3.0,3550000.0,1,1,1,3.0
Fes,narjis,False,Appartement,97.0,2.0,2.0,4.0,4420000.0,1,1,1,4.0
Fes,fès,False,Appartement,70.0,2.0,1.0,1.0,1250000.0,1,1,1,1.0
Fes,route_ain_chkaf,False,Appartement,95.0,4.0,1.0,2.0,1100000.0,1,0,0,2.0
Fes,agdal,False,Appartement,112.0,3.0,2.0,1.0,1670000.0,1,1,1,1.0
Fes,narjis,False,Appartement,90.0,2.0,2.0,1.0,1510000.0,1,1,1,1.0
Fes,route_ain_chkaf,False,Appartement,48.0,2.0,1.0,2.0,2180000.0,1,1,1,2.0
Fes,oued_fès,False,Appartement,109.0,3.0,2.0,4.0,4680000.0,1,1,1,4.0
Fes,agdal,False,Appartement,115.0,3.0,1.0,1.0,1650000.0,1,1,1,1.0
Fes,autre_secteur,True,Appartement,60.0,2.0,1.0,2.0,2250000.0,1,1,1,2.0
Fes,ouled_tayeb,False,Appartement,75.0,2.0,2.0,1.0,1250000.0,1,1,1,1.0
Fes,al_hadiqa,False,Appartement,86.0,3.0,0.0,0.0,465000.0,1,1,1,0.0
Fes,ain_amiyer,False,Appartement,130.0,3.0,3.0,2.0,2754000.0,1,1,1,2.0
Fes,autre_secteur,True,Appartement,149.0,3.0,2.0,3.0,3960000.0,1,1,1,3.0
Fes,autre_secteur,True,Appartement,55.0,1.0,2.0,1.0,1140000.0,1,1,1,1.0
Fes,route_d_immouzere,False,Appartement,125.0,3.0,3.0,0.0,900000.0,1,1,1,0.0
Fes,centre,True,Appartement,220.0,3.0,2.0,1.0,1890000.0,1,1,1,1.0
Fes,zouagha,False,Appartement,75.0,2.0,1.0,1.0,1280000.0,1,1,1,1.0
Fes,route_d_immouzere,False,Appartement,65.0,2.0,1.0,1.0,1300000.0,1,1,1,1.0
Fes,route_ain_chkaf,False,Appartement,107.0,3.0,2.0,1.0,1700000.0,1,1,1,1.0
Fes,route_d_immouzere,False,Appartement,95.0,1.0,1.0,0.0,750000.0,1,0,1,0.0
Fes,route_ain_chkaf,False,Appartement,72.0,3.0,1.0,2.0,2390000.0,1,1,1,2.0
Fes,route_d_immouzere,False,Appartement,54.0,1.0,1.0,0.0,750000.0,1,1,1,0.0
Fes,route_d_immouzere,False,Appartement,98.0,3.0,2.0,1.0,1780000.0,1,1,1,1.0
Fes,mont_fleuri,False,Appartement,75.0,2.0,2.0,0.0,450000.0,1,1,1,0.0
Fes,ben_souda,False,Appartement,60.0,2.0,2.0,2.0,2350000.0,1,1,1,2.0
Fes,autre_secteur,True,Appartement,90.0,3.0,1.0,4.0,4560000.0,1,1,1,4.0
Fes,oued_fès,False,Appartement,95.0,2.0,2.0,0.0,390000.0,1,0,1,0.0
Fes,autre_secteur,True,Appartement,145.0,3.0,2.0,unknown,1300000.0,0,1,1,unknown
Fes,autre_secteur,True,Appartement,106.0,2.0,1.0,2.0,2370000.0,1,1,1,2.0
Fes,autre_secteur,True,Appartement,154.0,3.0,2.0,unknown,950000.0,0,1,1,unknown
Fes,oued_fès,False,Appartement,95.0,3.0,2.0,1.0,1650000.0,1,1,1,1.0
Fes,al_hadiqa,False,Appartement,94.0,3.0,2.0,1.0,1560000.0,1,1,1,1.0
Fes,autre_secteur,True,Appartement,71.0,2.0,2.0,2.0,2500000.0,1,1,1,2.0
Fes,saies,False,Appartement,67.0,1.0,1.0,0.0,340000.0,1,1,1,0.0
Fes,agdal,False,Appartement,218.0,4.0,2.0,4.0,4750000.0,1,1,1,4.0
Fes,zouagha,False,Appartement,100.0,3.0,1.0,1.0,1540000.0,1,1,1,1.0
Fes,ouled_tayeb,False,Appartement,95.0,2.0,1.0,2.0,2230000.0,1,0,1,2.0
Fes,route_ain_chkaf,False,Appartement,76.0,2.0,1.0,3.0,3460000.0,1,1,1,3.0
Fes,agdal,False,Appartement,152.0,3.0,2.0,3.0,3720000.0,1,1,1,3.0
Fes,autre_secteur,True,Appartement,144.0,3.0,2.0,2.0,2950000.0,1,1,1,2.0
Fes,autre_secteur,True,Appartement,60.0,3.0,1.0,1.0,1220000.0,1,1,1,1.0
Fes,oued_fès,False,Appartement,94.0,3.0,2.0,1.0,1660000.0,1,1,1,1.0
Fes,route_ain_chkaf,False,Appartement,85.0,2.0,2.0,1.0,1500000.0,1,1,1,1.0
Fes,route_ain_chkaf,False,Appartement,174.0,4.0,3.0,1.0,1830000.0,1,1,1,1.0
Fes,route_ain_chkaf,False,Appartement,60.0,2.0,1.0,4.0,4250000.0,1,1,1,4.0
Fes,autre_secteur,True,Appartement,68.0,1.0,1.0,0.0,280000.0,1,1,1,0.0
Fes,hay_atlas,False,Appartement,115.0,3.0,2.0,3.0,3880000.0,1,1,1,3.0
Fes,zouagha,False,Appartement,86.0,3.0,2.0,3.0,3320000.0,1,1,1,3.0
Fes,autre_secteur,True,Appartement,92.0,2.0,2.0,1.0,1450000.0,1,1,1,1.0
Fes,oued_fès,False,Appartement,121.0,3.0,1.0,2.0,2440000.0,1,1,1,2.0
Fes,narjis,False,Appartement,120.0,3.0,2.0,2.0,2880000.0,1,1,1,2.0
Fes,route_ain_chkaf,False,Appartement,138.0,5.0,2.0,1.0,1900000.0,1,1,1,1.0
Fes,oued_fès,False,Appartement,125.0,3.0,2.0,1.0,1740000.0,1,1,1,1.0
Fes,route_ain_chkaf,False,Appartement,95.0,3.0,1.0,1.0,1440000.0,1,0,0,1.0
Fes,narjis,False,Appartement,93.0,2.0,1.0,3.0,3450000.0,1,1,1,3.0
Fes,agdal,False,Appartement,76.0,2.0,1.0,2.0,2360000.0,1,1,1,2.0
Fes,hay_riad,False,Appartement,93.0,3.0,2.0,4.0,4465000.0,1,1,1,4.0
Fes,zouagha,False,Appartement,60.0,2.0,1.0,1.0,1140000.0,1,1,1,1.0
Fes,route_ain_chkaf,False,Appartement,118.0,3.0,2.0,4.0,4900000.0,1,1,1,4.0
Fes,autre_secteur,True,Appartement,95.0,3.0,1.0,1.0,1560000.0,1,1,1,1.0
Fes,route_d_immouzere,False,Appartement,121.0,3.0,2.0,2.0,2530000.0,1,1,1,2.0
Fes,mont_fleuri,False,Appartement,63.0,2.0,2.0,2.0,2370000.0,1,1,1,2.0
Fes,oued_fès,False,Appartement,75.0,3.0,2.0,1.0,1260000.0,1,1,1,1.0
Fes,agdal,False,Appartement,102.0,2.0,2.0,1.0,1495000.0,1,1,1,1.0
Fes,route_ain_chkaf,False,Appartement,88.0,3.0,3.0,1.0,1540000.0,1,1,1,1.0
Fes,oued_fès,False,Appartement,75.0,3.0,2.0,1.0,1250000.0,1,1,1,1.0
Fes,agdal,False,Appartement,85.0,2.0,2.0,2.0,244000.0,1,1,1,2.0
Fes,zouagha,False,Appartement,104.0,2.0,2.0,1.0,1500000.0,1,1,1,1.0
Fes,champ_de_course,False,Appartement,130.0,3.0,2.0,1.0,1900000.0,1,1,1,1.0
Fes,autre_secteur,True,Appartement,103.0,2.0,3.0,2.0,2520000.0,1,1,1,2.0
Fes,fès_médina,False,Appartement,120.0,2.0,2.0,1.0,1320000.0,1,1,1,1.0
Fes,ben_souda,False,Appartement,95.0,3.0,2.0,2.0,2600000.0,1,0,1,2.0
Fes,mont_fleuri,False,Appartement,130.0,3.0,2.0,1.0,1795000.0,1,1,1,1.0
Fes,route_de_sefrou,False,Appartement,140.0,3.0,2.0,4.0,4620000.0,1,1,1,4.0
Fes,autre_secteur,True,Appartement,76.0,2.0,1.0,1.0,1550000.0,1,1,1,1.0
Fes,autre_secteur,True,Appartement,140.0,3.0,2.0,2.0,2900000.0,1,1,1,2.0
Fes,agdal,False,Appartement,200.0,3.0,2.0,0.0,1580000.0,1,1,1,0.0
Fes,oued_fès,False,Appartement,132.0,3.0,2.0,1.0,1700000.0,1,1,1,1.0
Fes,route_ain_chkaf,False,Appartement,111.0,3.0,2.0,1.0,1560000.0,1,1,1,1.0
Fes,route_d_immouzere,False,Appartement,124.0,3.0,2.0,3.0,3980000.0,1,1,1,3.0
Fes,centre,True,Appartement,85.0,2.0,2.0,3.0,3600000.0,1,1,1,3.0
Fes,oued_fès,False,Appartement,70.0,2.0,1.0,4.0,4250000.0,1,1,1,4.0
Fes,ben_souda,False,Appartement,85.0,2.0,1.0,2.0,2395000.0,1,1,1,2.0
Fes,hay_saada,False,Appartement,65.0,2.0,1.0,3.0,3350000.0,1,1,1,3.0
Fes,route_ain_chkaf,False,Appartement,112.0,3.0,2.0,2.0,2650000.0,1,1,1,2.0
Fes,champ_de_course,False,Appartement,160.0,5.0,2.0,1.0,11200000.0,1,1,1,1.0
Fes,oued_fès,False,Appartement,150.0,3.0,2.0,2.0,2780000.0,1,1,1,2.0
Fes,oued_fès,False,Appartement,80.0,3.0,2.0,1.0,1570000.0,1,1,1,1.0
Fes,autre_secteur,True,Appartement,96.0,2.0,0.0,3.0,3400000.0,1,1,1,3.0
Fes,ben_debbab,False,Appartement,95.0,1.0,1.0,4.0,465000.0,1,0,0,4.0
Fes,oued_fès,False,Appartement,101.0,3.0,2.0,1.0,1570000.0,1,1,1,1.0
Fes,ben_souda,False,Appartement,80.0,2.0,1.0,1.0,1420000.0,1,1,1,1.0
Fes,agdal,False,Appartement,170.0,3.0,3.0,2.0,2850000.0,1,1,1,2.0
Fes,hay_riad,False,Appartement,89.0,3.0,2.0,2.0,2430000.0,1,1,1,2.0
Fes,oued_fès,False,Appartement,98.0,3.0,1.0,2.0,2520000.0,1,1,1,2.0
Fes,route_d_immouzere,False,Appartement,100.0,2.0,1.0,0.0,390000.0,1,1,1,0.0
Fes,narjis,False,Appartement,122.0,3.0,2.0,3.0,3680000.0,1,1,1,3.0
Fes,autre_secteur,True,Appartement,65.0,2.0,1.0,0.0,255000.0,1,1,1,0.0
Fes,oued_fès,False,Appartement,90.0,3.0,2.0,0.0,490000.0,1,1,1,0.0
Fes,autre_secteur,True,Appartement,134.0,3.0,2.0,4.0,4830000.0,1,1,1,4.0
Fes,ben_debbab,False,Appartement,45.0,1.0,1.0,4.0,465000.0,1,1,1,4.0
Fes,ben_souda,False,Appartement,100.0,2.0,3.0,2.0,2430000.0,1,1,1,2.0
Fes,hay_riad,False,Appartement,89.0,3.0,1.0,2.0,2430000.0,1,1,1,2.0
Fes,saies,False,Appartement,95.0,2.0,1.0,1.0,1500000.0,1,1,1,1.0
Fes,route_ain_chkaf,False,Appartement,100.0,2.0,1.0,3.0,347000.0,1,1,1,3.0
Fes,oued_fès,False,Appartement,116.0,3.0,2.0,4.0,4520000.0,1,1,1,4.0
Fes,ain_amiyer,False,Appartement,121.0,3.0,2.0,1.0,1720000.0,1,1,1,1.0
Fes,ben_souda,False,Appartement,83.0,2.0,2.0,2.0,2330000.0,1,1,1,2.0
Fes,ben_souda,False,Appartement,70.0,2.0,1.0,4.0,4300000.0,1,1,1,4.0
Fes,route_ain_chkaf,False,Appartement,102.0,4.0,2.0,3.0,3750000.0,1,1,1,3.0
Fes,mont_fleuri_2,False,Appartement,126.0,3.0,0.0,1.0,1680000.0,1,1,1,1.0
Fes,fès_médina,False,Appartement,90.0,3.0,2.0,0.0,420000.0,1,1,1,0.0
Fes,ouled_tayeb,False,Appartement,100.0,2.0,1.0,1.0,1300000.0,1,1,1,1.0
Fes,tghat,False,Appartement,100.0,3.0,2.0,2.0,2520000.0,1,1,1,2.0
Fes,zouagha,False,Appartement,70.0,2.0,1.0,1.0,1180000.0,1,1,1,1.0
Fes,ain_amiyer,False,Appartement,60.0,2.0,1.0,3.0,3370000.0,1,1,1,3.0
Fes,route_de_sefrou,False,Appartement,126.0,3.0,1.0,4.0,4670000.0,1,1,1,4.0
Fes,route_ain_chkaf,False,Appartement,114.0,4.0,3.0,0.0,500000.0,1,1,1,0.0
Fes,agdal,False,Appartement,95.0,2.0,2.0,0.0,360000.0,1,0,1,0.0
Fes,autre_secteur,True,Appartement,127.0,3.0,2.0,2.0,2800000.0,1,1,1,2.0
Fes,ben_souda,False,Appartement,107.0,2.0,2.0,2.0,2350000.0,1,1,1,2.0
Fes,zouagha,False,Appartement,93.0,2.0,2.0,2.0,2680000.0,1,1,1,2.0
Fes,oued_fès,False,Appartement,138.0,3.0,2.0,1.0,1750000.0,1,1,1,1.0
Fes,oued_fès,False,Appartement,105.0,3.0,1.0,3.0,3600000.0,1,1,1,3.0
Fes,oued_fès,False,Appartement,131.0,3.0,3.0,1.0,1820000.0,1,1,1,1.0
Fes,saies,False,Appartement,156.0,4.0,2.0,1.0,1650000.0,1,1,1,1.0
Fes,hay_saada,False,Appartement,70.0,2.0,1.0,3.0,3380000.0,1,1,1,3.0
Fes,ain_amiyer,False,Appartement,130.0,3.0,2.0,2.0,2800000.0,1,1,1,2.0
Fes,ben_souda,False,Appartement,50.0,2.0,1.0,0.0,160000.0,1,1,1,0.0
Fes,ben_debbab,False,Appartement,45.0,1.0,1.0,4.0,470000.0,1,1,1,4.0
Fes,narjis,False,Appartement,90.0,2.0,1.0,1.0,1500000.0,1,1,1,1.0
Fes,agdal,False,Appartement,50.0,1.0,1.0,0.0,290000.0,1,1,1,0.0
Fes,route_ain_chkaf,False,Appartement,95.0,3.0,2.0,1.0,1770000.0,1,0,1,1.0
Fes,hay_atlas,False,Appartement,77.0,3.0,1.0,1.0,1480000.0,1,1,1,1.0
Fes,hay_riad,False,Appartement,151.0,2.0,2.0,1.0,1520000.0,1,1,1,1.0
Fes,autre_secteur,True,Appartement,58.0,3.0,2.0,2.0,2250000.0,1,1,1,2.0
Fes,narjis,False,Appartement,70.0,2.0,1.0,2.0,2450000.0,1,1,1,2.0
Fes,al_hadiqa,False,Appartement,89.0,1.0,2.0,1.0,1460000.0,1,1,1,1.0
Fes,centre,True,Appartement,140.0,3.0,2.0,2.0,2950000.0,1,1,1,2.0
Fes,route_ain_chkaf,False,Appartement,95.0,3.0,2.0,1.0,1600000.0,1,1,1,1.0
Fes,autre_secteur,True,Appartement,140.0,3.0,2.0,2.0,2600000.0,1,1,1,2.0
Fes,route_ain_chkaf,False,Appartement,130.0,3.0,3.0,1.0,1780000.0,1,1,1,1.0
Fes,autre_secteur,True,Appartement,200.0,4.0,1.0,1.0,11100000.0,1,1,0,1.0
Fes,autre_secteur,True,Appartement,84.0,3.0,2.0,4.0,4600000.0,1,1,1,4.0
Fes,ain_kadous,False,Appartement,40.0,2.0,1.0,1.0,1195000.0,1,1,1,1.0
Fes,agdal,False,Appartement,188.0,4.0,2.0,1.0,11250000.0,1,1,1,1.0
Fes,narjis,False,Appartement,80.0,2.0,2.0,4.0,4370000.0,1,1,1,4.0
Fes,autre_secteur,True,Appartement,60.0,2.0,1.0,2.0,2210000.0,1,1,1,2.0
Fes,route_de_sefrou,False,Appartement,50.0,1.0,1.0,0.0,410000.0,1,1,1,0.0
Fes,autre_secteur,True,Appartement,80.0,3.0,1.0,2.0,2200000.0,1,1,1,2.0
Fes,ben_souda,False,Appartement,55.0,2.0,0.0,3.0,3130000.0,1,1,1,3.0
Fes,autre_secteur,True,Appartement,80.0,2.0,1.0,1.0,1370000.0,1,1,1,1.0
Fes,centre,True,Appartement,90.0,2.0,1.0,2.0,2250000.0,1,1,1,2.0
Fes,centre,True,Appartement,142.0,2.0,2.0,4.0,4720000.0,1,1,1,4.0
Fes,champ_de_course,False,Appartement,100.0,3.0,2.0,0.0,1000000.0,1,1,1,0.0
Fes,hay_saada,False,Appartement,109.0,2.0,2.0,1.0,1560000.0,1,1,1,1.0
Fes,route_ain_chkaf,False,Appartement,95.0,3.0,2.0,2.0,2780000.0,1,1,1,2.0
Fes,mont_fleuri,False,Appartement,151.0,3.0,2.0,0.0,600000.0,1,1,1,0.0
Fes,oued_fès,False,Appartement,100.0,3.0,2.0,0.0,450000.0,1,1,1,0.0
Fes,zouagha,False,Appartement,75.0,2.0,2.0,3.0,3230000.0,1,1,1,3.0
Fes,route_ain_chkaf,False,Appartement,95.0,3.0,2.0,1.0,11150000.0,1,0,1,1.0
Fes,route_ain_chkaf,False,Appartement,95.0,3.0,1.0,1.0,1950000.0,1,0,1,1.0
Fes,narjis,False,Appartement,90.0,2.0,1.0,2.0,2450000.0,1,1,1,2.0
Fes,autre_secteur,True,Appartement,167.0,3.0,2.0,1.0,1950000.0,1,1,1,1.0
Fes,narjis,False,Appartement,80.0,2.0,1.0,1.0,1420000.0,1,1,1,1.0
Fes,route_ain_chkaf,False,Appartement,84.0,3.0,2.0,2.0,2700000.0,1,1,1,2.0
Fes,ben_souda,False,Appartement,43.0,2.0,1.0,2.0,2130000.0,1,1,1,2.0
Fes,narjis,False,Appartement,50.0,2.0,1.0,1.0,1350000.0,1,1,1,1.0
Fes,ben_souda,False,Appartement,73.0,3.0,2.0,1.0,1300000.0,1,1,1,1.0
Fes,oued_fès,False,Appartement,83.0,3.0,1.0,2.0,2260000.0,1,1,1,2.0
Fes,hay_atlas,False,Appartement,64.0,2.0,1.0,2.0,2350000.0,1,1,1,2.0
Fes,zouagha,False,Appartement,65.0,2.0,1.0,2.0,2310000.0,1,1,1,2.0
Fes,narjis,False,Appartement,160.0,3.0,1.0,2.0,2900000.0,1,1,1,2.0
Fes,hay_saada,False,Appartement,220.0,3.0,2.0,unknown,900000.0,0,1,1,unknown
Fes,al_hadiqa,False,Appartement,83.0,3.0,0.0,1.0,1440000.0,1,1,1,1.0
Fes,autre_secteur,True,Appartement,98.0,2.0,1.0,2.0,2600000.0,1,1,1,2.0
Fes,autre_secteur,True,Appartement,84.0,3.0,1.0,2.0,2370000.0,1,1,1,2.0
Fes,narjis,False,Appartement,71.0,2.0,2.0,4.0,4360000.0,1,1,1,4.0
Fes,route_ain_chkaf,False,Appartement,82.0,2.0,2.0,2.0,2490000.0,1,1,1,2.0
Fes,agdal,False,Appartement,95.0,2.0,2.0,2.0,2620000.0,1,0,1,2.0
Fes,ouled_tayeb,False,Appartement,80.0,2.0,1.0,1.0,1235000.0,1,1,1,1.0
Fes,route_de_sefrou,False,Appartement,145.0,3.0,2.0,4.0,4790000.0,1,1,1,4.0
Fes,narjis,False,Appartement,74.0,2.0,2.0,4.0,4380000.0,1,1,1,4.0
Fes,fes_jdid,False,Appartement,120.0,3.0,2.0,1.0,1800000.0,1,1,1,1.0
Fes,route_ain_chkaf,False,Appartement,129.0,3.0,2.0,1.0,1800000.0,1,1,1,1.0
Fes,agdal,False,Appartement,95.0,3.0,2.0,2.0,2560000.0,1,0,1,2.0
Fes,route_ain_chkaf,False,Appartement,60.0,2.0,1.0,4.0,4130000.0,1,1,1,4.0
Fes,route_d_immouzere,False,Appartement,55.0,1.0,1.0,3.0,3240000.0,1,1,1,3.0
Fes,sidi_brahim,False,Appartement,79.0,2.0,2.0,2.0,2330000.0,1,1,1,2.0
Fes,ouled_tayeb,False,Appartement,70.0,1.0,1.0,1.0,1190500.0,1,1,1,1.0
Fes,zouagha,False,Appartement,95.0,2.0,1.0,3.0,3130000.0,1,0,1,3.0
Fes,ben_souda,False,Appartement,57.0,2.0,1.0,1.0,1310000.0,1,1,1,1.0
Fes,route_ain_chkaf,False,Appartement,126.0,3.0,2.0,0.0,750000.0,1,1,1,0.0
Fes,oued_fès,False,Appartement,80.0,3.0,2.0,3.0,3480000.0,1,1,1,3.0
Fes,route_de_sefrou,False,Appartement,124.0,3.0,2.0,4.0,4770000.0,1,1,1,4.0
Fes,autre_secteur,True,Appartement,138.0,2.0,2.0,0.0,560000.0,1,1,1,0.0
Fes,hay_riad,False,Appartement,74.0,2.0,2.0,3.0,3480000.0,1,1,1,3.0
Fes,hay_saada,False,Appartement,62.0,1.0,1.0,3.0,3110000.0,1,1,1,3.0
Fes,route_d_immouzere,False,Appartement,70.0,2.0,2.0,2.0,2550000.0,1,1,1,2.0
Fes,centre,True,Appartement,120.0,3.0,1.0,1.0,1200000.0,1,1,1,1.0
Fes,autre_secteur,True,Appartement,70.0,3.0,1.0,3.0,3300000.0,1,1,1,3.0
Fes,route_d_immouzere,False,Appartement,70.0,2.0,0.0,2.0,2450000.0,1,1,1,2.0
Fes,autre_secteur,True,Appartement,95.0,1.0,1.0,1.0,1160000.0,1,0,1,1.0
Fes,autre_secteur,True,Appartement,246.0,3.0,2.0,1.0,11280000.0,1,1,1,1.0
Fes,tghat,False,Appartement,95.0,2.0,2.0,0.0,330000.0,1,0,1,0.0
Fes,autre_secteur,True,Appartement,77.0,3.0,1.0,2.0,2510000.0,1,1,1,2.0
Fes,autre_secteur,True,Appartement,107.0,2.0,1.0,4.0,4540000.0,1,1,1,4.0
Fes,hay_mohammedi,False,Appartement,78.0,2.0,1.0,2.0,2310000.0,1,1,1,2.0
Fes,route_ain_chkaf,False,Appartement,120.0,3.0,3.0,1.0,1500000.0,1,1,1,1.0
Fes,zouagha,False,Appartement,95.0,2.0,1.0,3.0,3280000.0,1,0,1,3.0
Fes,agdal,False,Appartement,120.0,3.0,1.0,2.0,2870000.0,1,1,0,2.0
Fes,route_ain_chkaf,False,Appartement,125.0,3.0,2.0,1.0,1800000.0,1,1,1,1.0
Fes,narjis,False,Appartement,97.0,2.0,2.0,2.0,2520000.0,1,1,1,2.0
Fes,autre_secteur,True,Appartement,95.0,3.0,1.0,1.0,1560000.0,1,0,0,1.0
Fes,autre_secteur,True,Appartement,82.0,2.0,2.0,2.0,2319000.0,1,1,1,2.0
Fes,route_ain_chkaf,False,Appartement,77.0,3.0,2.0,2.0,2510000.0,1,1,1,2.0
Fes,route_de_sefrou,False,Appartement,90.0,2.0,1.0,2.0,2580000.0,1,1,1,2.0
Fes,route_ain_chkaf,False,Appartement,126.0,3.0,2.0,2.0,2590000.0,1,1,1,2.0
Fes,route_ain_chkaf,False,Appartement,100.0,2.0,1.0,2.0,2590000.0,1,1,1,2.0
Fes,mont_fleuri,False,Appartement,110.0,2.0,1.0,2.0,2520000.0,1,1,1,2.0
Fes,ouled_tayeb,False,Appartement,65.0,2.0,1.0,2.0,290000.0,1,1,1,2.0
Fes,autre_secteur,True,Appartement,128.0,2.0,1.0,1.0,1300000.0,1,1,1,1.0
Fes,ben_souda,False,Appartement,73.0,2.0,1.0,2.0,2410000.0,1,1,1,2.0
Fes,autre_secteur,True,Appartement,95.0,2.0,1.0,1.0,1330000.0,1,0,1,1.0
Fes,zouagha,False,Appartement,95.0,3.0,1.0,1.0,1380000.0,1,0,0,1.0
Fes,oued_fès,False,Appartement,75.0,2.0,2.0,1.0,1420000.0,1,1,1,1.0
Fes,narjis,False,Appartement,95.0,3.0,2.0,2.0,2560000.0,1,0,1,2.0
Fes,agdal,False,Appartement,70.0,2.0,1.0,4.0,4250000.0,1,1,1,4.0
Fes,autre_secteur,True,Appartement,110.0,2.0,2.0,1.0,1700000.0,1,1,1,1.0
Fes,autre_secteur,True,Appartement,86.0,2.0,1.0,4.0,4420000.0,1,1,1,4.0
Fes,autre_secteur,True,Appartement,144.0,3.0,2.0,3.0,3760000.0,1,1,1,3.0
Fes,route_ain_chkaf,False,Appartement,118.0,2.0,2.0,1.0,1740000.0,1,1,1,1.0
Fes,oued_fès,False,Appartement,143.0,3.0,2.0,1.0,1800000.0,1,1,1,1.0
Fes,oued_fès,False,Appartement,98.0,3.0,2.0,1.0,1540000.0,1,1,1,1.0
Fes,agdal,False,Appartement,167.0,3.0,2.0,1.0,1890000.0,1,1,1,1.0
Fes,autre_secteur,True,Appartement,78.0,2.0,1.0,2.0,2270000.0,1,1,1,2.0
Fes,route_ain_chkaf,False,Appartement,88.0,3.0,1.0,2.0,2370000.0,1,1,1,2.0
Fes,agdal,False,Appartement,95.0,3.0,2.0,0.0,1450000.0,1,0,1,0.0
Fes,autre_secteur,True,Appartement,98.0,2.0,1.0,3.0,3500000.0,1,1,1,3.0
Fes,oued_fès,False,Appartement,101.0,3.0,2.0,1.0,1590000.0,1,1,1,1.0
Fes,ben_souda,False,Appartement,114.0,2.0,2.0,3.0,3500000.0,1,1,1,3.0
Fes,route_ain_chkaf,False,Appartement,77.0,2.0,1.0,2.0,2490000.0,1,1,1,2.0
Fes,autre_secteur,True,Appartement,125.0,3.0,2.0,2.0,2370000.0,1,1,1,2.0
Fes,fès_médina,False,Appartement,88.0,2.0,1.0,1.0,1280000.0,1,1,1,1.0
Fes,hay_riad,False,Appartement,84.0,3.0,1.0,2.0,2520000.0,1,1,1,2.0
Fes,ben_souda,False,Appartement,39.0,1.0,0.0,1.0,1190000.0,1,1,1,1.0
Fes,agdal,False,Appartement,97.0,3.0,2.0,1.0,1850000.0,1,1,1,1.0
Fes,agdal,False,Appartement,85.0,3.0,2.0,1.0,1800000.0,1,1,1,1.0
Fes,route_ain_chkaf,False,Appartement,156.0,3.0,3.0,0.0,800000.0,1,1,1,0.0
Fes,route_ain_chkaf,False,Appartement,96.0,2.0,1.0,4.0,4430000.0,1,1,1,4.0
Fes,route_d_immouzere,False,Appartement,88.0,2.0,2.0,1.0,1650000.0,1,1,1,1.0
Fes,hay_saada,False,Appartement,113.0,3.0,1.0,1.0,1690000.0,1,1,1,1.0
Fes,autre_secteur,True,Appartement,80.0,3.0,2.0,3.0,3265000.0,1,1,1,3.0
Fes,dar_mehrez,False,Appartement,95.0,3.0,2.0,2.0,2520000.0,1,0,1,2.0
Fes,route_ain_chkaf,False,Appartement,130.0,3.0,2.0,3.0,3750000.0,1,1,1,3.0
Fes,narjis,False,Appartement,110.0,2.0,1.0,0.0,700000.0,1,1,1,0.0
Fes,route_d_immouzere,False,Appartement,75.0,2.0,1.0,1.0,1320000.0,1,1,1,1.0
Fes,agdal,False,Appartement,147.0,3.0,2.0,3.0,3940000.0,1,1,1,3.0
Fes,jnan_el_ward,False,Appartement,86.0,3.0,2.0,2.0,2570000.0,1,1,1,2.0
Fes,agdal,False,Appartement,139.0,3.0,3.0,2.0,2850000.0,1,1,1,2.0
Fes,mont_fleuri,False,Appartement,86.0,2.0,1.0,2.0,2340000.0,1,1,1,2.0
Fes,route_de_sefrou,False,Appartement,100.0,3.0,2.0,0.0,400000.0,1,1,1,0.0
Fes,autre_secteur,True,Appartement,146.0,2.0,1.0,unknown,900000.0,0,1,1,unknown
Fes,route_ain_chkaf,False,Appartement,77.0,2.0,0.0,2.0,2490000.0,1,1,1,2.0
Fes,ain_kadous,False,Appartement,56.0,2.0,1.0,1.0,1140000.0,1,1,1,1.0
Fes,centre,True,Appartement,168.0,3.0,2.0,unknown,900000.0,0,1,1,unknown
Fes,mont_fleuri,False,Appartement,95.0,2.0,1.0,2.0,2430000.0,1,1,1,2.0
Fes,hay_saada,False,Appartement,112.0,3.0,1.0,1.0,1650000.0,1,1,1,1.0
Fes,champ_de_course,False,Appartement,156.0,3.0,2.0,4.0,411000.0,1,1,1,4.0
Fes,ain_amiyer,False,Appartement,122.0,3.0,3.0,1.0,1855000.0,1,1,1,1.0
Fes,ben_souda,False,Appartement,73.0,3.0,2.0,0.0,430000.0,1,1,1,0.0
Fes,ain_noqbi,False,Appartement,95.0,2.0,1.0,5.0,550000.0,1,0,1,5.0
Fes,ben_souda,False,Appartement,108.0,3.0,1.0,2.0,2470000.0,1,1,1,2.0
Fes,zouagha,False,Appartement,61.0,2.0,2.0,3.0,3170000.0,1,1,1,3.0
Fes,oued_fès,False,Appartement,76.0,2.0,1.0,2.0,2480000.0,1,1,1,2.0
Fes,ben_souda,False,Appartement,80.0,2.0,1.0,2.0,2300000.0,1,1,1,2.0
Fes,fès,False,Appartement,70.0,2.0,2.0,4.0,4250000.0,1,1,1,4.0
Fes,narjis,False,Appartement,70.0,2.0,2.0,3.0,3380000.0,1,1,1,3.0
Fes,route_ain_chkaf,False,Appartement,102.0,5.0,2.0,3.0,3740000.0,1,1,1,3.0
Fes,ben_souda,False,Appartement,95.0,2.0,2.0,0.0,290000.0,1,0,1,0.0
Fes,route_de_sefrou,False,Appartement,150.0,4.0,1.0,0.0,670000.0,1,1,1,0.0
Fes,mont_fleuri,False,Appartement,120.0,2.0,1.0,2.0,2600000.0,1,1,1,2.0
Fes,ancienne_médina,False,Appartement,100.0,2.0,1.0,3.0,3350000.0,1,1,1,3.0
Fes,ancienne_médina,False,Appartement,100.0,2.0,0.0,3.0,3350000.0,1,1,1,3.0
Fes,zouagha,False,Appartement,115.0,3.0,3.0,2.0,2530000.0,1,1,1,2.0
Fes,oued_fès,False,Appartement,75.0,3.0,2.0,1.0,1510000.0,1,1,1,1.0
Fes,jnan_el_ward,False,Appartement,50.0,1.0,1.0,2.0,2150000.0,1,1,1,2.0
Fes,route_d_immouzere,False,Appartement,126.0,3.0,2.0,1.0,1835000.0,1,1,1,1.0
Fes,ouled_tayeb,False,Appartement,80.0,2.0,0.0,1.0,1180000.0,1,1,1,1.0
Fes,autre_secteur,True,Appartement,95.0,2.0,1.0,4.0,4170000.0,1,0,1,4.0
Fes,route_de_sefrou,False,Appartement,117.0,3.0,2.0,3.0,3650000.0,1,1,1,3.0
Fes,dar_mehrez,False,Appartement,85.0,2.0,1.0,1.0,1549000.0,1,1,1,1.0
Fes,autre_secteur,True,Appartement,95.0,2.0,1.0,0.0,200000.0,1,0,1,0.0
Fes,ben_souda,False,Appartement,95.0,2.0,2.0,1.0,1350000.0,1,0,1,1.0
Fes,ben_souda,False,Appartement,95.0,3.0,2.0,2.0,2650000.0,1,0,1,2.0
Fes,autre_secteur,True,Appartement,81.0,2.0,1.0,2.0,2380000.0,1,1,1,2.0
Fes,route_ain_chkaf,False,Appartement,107.0,3.0,2.0,2.0,2630000.0,1,1,1,2.0
Fes,fès,False,Appartement,50.0,1.0,1.0,3.0,390000.0,1,1,0,3.0
Fes,narjis,False,Appartement,91.0,2.0,1.0,2.0,2500000.0,1,1,1,2.0
Fes,agdal,False,Appartement,141.0,2.0,2.0,4.0,4720000.0,1,1,1,4.0
Fes,autre_secteur,True,Appartement,109.0,1.0,1.0,0.0,340000.0,1,1,0,0.0
Fes,autre_secteur,True,Appartement,110.0,3.0,2.0,2.0,2560000.0,1,1,1,2.0
Fes,route_ain_chkaf,False,Appartement,198.0,4.0,3.0,0.0,880000.0,1,1,1,0.0
Fes,al_hadiqa,False,Appartement,78.0,2.0,0.0,1.0,1480000.0,1,1,1,1.0
Fes,narjis,False,Appartement,120.0,2.0,1.0,0.0,600000.0,1,1,1,0.0
Fes,narjis,False,Appartement,81.0,2.0,1.0,4.0,4380000.0,1,1,1,4.0
Fes,autre_secteur,True,Appartement,167.0,3.0,2.0,1.0,11430000.0,1,1,1,1.0
Fes,autre_secteur,True,Appartement,129.0,2.0,2.0,4.0,4640000.0,1,1,1,4.0
Fes,agdal,False,Appartement,95.0,3.0,3.0,5.0,1200000.0,1,0,1,5.0
Fes,oued_fès,False,Appartement,80.0,3.0,2.0,3.0,3350000.0,1,1,1,3.0
Fes,autre_secteur,True,Appartement,52.0,2.0,1.0,1.0,1180000.0,1,1,1,1.0
Fes,autre_secteur,True,Appartement,123.0,2.0,1.0,1.0,1520000.0,1,1,1,1.0
Fes,autre_secteur,True,Appartement,130.0,3.0,2.0,1.0,1500000.0,1,1,1,1.0
Fes,autre_secteur,True,Appartement,130.0,3.0,1.0,2.0,2520000.0,1,1,1,2.0
Fes,ain_amiyer,False,Appartement,129.0,3.0,3.0,3.0,3900000.0,1,1,1,3.0
Fes,ouled_tayeb,False,Appartement,98.0,3.0,2.0,1.0,1430000.0,1,1,1,1.0
Fes,ben_debbab,False,Appartement,75.0,2.0,1.0,3.0,3160000.0,1,1,1,3.0
Fes,fès,False,Appartement,121.0,3.0,2.0,3.0,3635000.0,1,1,1,3.0
Fes,agdal,False,Appartement,78.0,2.0,1.0,1.0,1650000.0,1,1,1,1.0
Fes,autre_secteur,True,Appartement,83.0,3.0,2.0,4.0,4400000.0,1,1,1,4.0
Fes,autre_secteur,True,Appartement,73.0,2.0,1.0,unknown,470000.0,0,1,1,unknown
Fes,route_d_immouzere,False,Appartement,117.0,3.0,1.0,5.0,5900000.0,1,1,1,5.0
Fes,agdal,False,Appartement,106.0,2.0,1.0,0.0,900000.0,1,1,1,0.0
Fes,fès_médina,False,Appartement,100.0,2.0,1.0,0.0,300000.0,1,1,1,0.0
Fes,agdal,False,Appartement,90.0,1.0,1.0,0.0,270000.0,1,1,1,0.0
Fes,narjis,False,Appartement,102.0,3.0,1.0,1.0,1560000.0,1,1,1,1.0
Fes,tghat,False,Appartement,70.0,3.0,1.0,1.0,1290000.0,1,1,1,1.0
Fes,agdal,False,Appartement,132.0,2.0,2.0,3.0,3830000.0,1,1,1,3.0
Fes,ain_kadous,False,Appartement,84.0,1.0,0.0,0.0,290000.0,1,1,1,0.0
Fes,route_ain_chkaf,False,Appartement,140.0,3.0,2.0,2.0,2760000.0,1,1,1,2.0
Fes,mont_fleuri_2,False,Appartement,95.0,3.0,2.0,0.0,530000.0,1,1,1,0.0
Fes,hay_atlas,False,Appartement,120.0,3.0,2.0,2.0,2800000.0,1,1,1,2.0
Fes,al_hadiqa,False,Appartement,115.0,3.0,1.0,1.0,1480000.0,1,1,1,1.0
Fes,agdal,False,Appartement,250.0,4.0,3.0,1.0,11700000.0,1,1,1,1.0
Fes,route_de_meknes,False,Appartement,70.0,2.0,0.0,1.0,1360000.0,1,1,1,1.0
Fes,route_d_immouzere,False,Appartement,95.0,2.0,1.0,1.0,1700000.0,1,0,1,1.0
Fes,narjis,False,Appartement,70.0,1.0,1.0,1.0,1360000.0,1,1,1,1.0
Fes,agdal,False,Appartement,147.0,3.0,1.0,3.0,3950000.0,1,1,1,3.0
Fes,narjis,False,Appartement,77.0,2.0,1.0,1.0,1620000.0,1,1,1,1.0
Fes,narjis,False,Appartement,130.0,3.0,2.0,3.0,3580000.0,1,1,1,3.0
Fes,hay_saada,False,Appartement,79.0,2.0,2.0,0.0,420000.0,1,1,1,0.0
Fes,route_ain_chkaf,False,Appartement,73.0,2.0,1.0,1.0,1450000.0,1,1,1,1.0
Fes,narjis,False,Appartement,100.0,3.0,1.0,3.0,3560000.0,1,1,1,3.0
Fes,ben_souda,False,Appartement,70.0,2.0,2.0,3.0,3350000.0,1,1,1,3.0
Fes,centre,True,Appartement,132.0,3.0,2.0,3.0,3700000.0,1,1,1,3.0
Fes,agdal,False,Appartement,121.0,2.0,2.0,2.0,2750000.0,1,1,1,2.0
Fes,ain_amiyer,False,Appartement,95.0,2.0,1.0,1.0,1550000.0,1,0,1,1.0
Fes,autre_secteur,True,Appartement,85.0,3.0,2.0,2.0,2520000.0,1,1,1,2.0
Fes,ben_souda,False,Appartement,60.0,2.0,2.0,0.0,240000.0,1,1,1,0.0
Fes,mont_fleuri,False,Appartement,123.0,3.0,2.0,1.0,1740000.0,1,1,1,1.0
Fes,route_ain_chkaf,False,Appartement,86.0,3.0,2.0,1.0,1580000.0,1,1,1,1.0
Fes,al_hadiqa,False,Appartement,146.0,4.0,2.0,2.0,2860000.0,1,1,1,2.0
Fes,mont_fleuri,False,Appartement,117.0,2.0,1.0,1.0,1540000.0,1,1,1,1.0
Fes,route_d_immouzere,False,Appartement,63.0,2.0,1.0,3.0,3310000.0,1,1,0,3.0
Fes,route_de_sefrou,False,Appartement,140.0,3.0,2.0,2.0,2810000.0,1,1,1,2.0
Fes,route_ain_chkaf,False,Appartement,143.0,3.0,2.0,2.0,2930000.0,1,1,1,2.0
Fes,centre,True,Appartement,213.0,3.0,2.0,1.0,11250000.0,1,1,1,1.0
Fes,autre_secteur,True,Appartement,83.0,2.0,2.0,2.0,2460960.0,1,1,1,2.0
Fes,route_ain_chkaf,False,Appartement,80.0,3.0,2.0,1.0,1420000.0,1,1,1,1.0
Fes,autre_secteur,True,Appartement,80.0,2.0,1.0,3.0,3300000.0,1,1,1,3.0
Fes,zouagha,False,Appartement,86.0,2.0,1.0,1.0,1450000.0,1,1,1,1.0
Fes,ouled_tayeb,False,Appartement,83.0,2.0,2.0,3.0,3260000.0,1,1,1,3.0
Fes,ouled_tayeb,False,Appartement,55.0,1.0,1.0,1.0,1110000.0,1,1,1,1.0
Fes,ben_souda,False,Appartement,95.0,3.0,2.0,2.0,2670000.0,1,0,1,2.0
Fes,ben_souda,False,Appartement,76.0,2.0,1.0,2.0,2320000.0,1,1,1,2.0
Fes,oued_fès,False,Appartement,123.0,3.0,2.0,3.0,3700000.0,1,1,1,3.0
Fes,oued_fès,False,Appartement,74.0,2.0,1.0,2.0,2400000.0,1,1,1,2.0
Fes,ben_souda,False,Appartement,64.0,2.0,1.0,4.0,4175000.0,1,1,1,4.0
Fes,ben_souda,False,Appartement,100.0,3.0,2.0,2.0,2443000.0,1,1,1,2.0
Fes,centre,True,Appartement,120.0,2.0,2.0,6.0,6900000.0,1,1,1,6.0
Fes,route_de_sefrou,False,Appartement,61.0,3.0,2.0,2.0,2340000.0,1,1,1,2.0
Fes,centre,True,Appartement,92.0,2.0,1.0,6.0,6699000.0,1,1,1,6.0
Fes,autre_secteur,True,Appartement,93.0,3.0,2.0,3.0,3590000.0,1,1,1,3.0
Fes,route_ain_chkaf,False,Appartement,72.0,3.0,1.0,3.0,3250000.0,1,1,1,3.0
Fes,tghat,False,Appartement,72.0,2.0,1.0,2.0,2440000.0,1,1,1,2.0
Fes,route_ain_chkaf,False,Appartement,140.0,3.0,2.0,0.0,650000.0,1,1,1,0.0
Fes,zouagha,False,Appartement,66.0,2.0,2.0,0.0,390000.0,1,1,1,0.0
Fes,oued_fès,False,Appartement,84.0,2.0,2.0,4.0,4380000.0,1,1,1,4.0
Fes,hay_saada,False,Appartement,121.0,3.0,1.0,1.0,1760000.0,1,1,1,1.0
Fes,autre_secteur,True,Appartement,107.0,2.0,2.0,3.0,3690000.0,1,1,1,3.0
Fes,ain_amiyer,False,Appartement,103.0,3.0,2.0,3.0,3565000.0,1,1,1,3.0
Fes,route_ain_chkaf,False,Appartement,95.0,3.0,2.0,2.0,2620000.0,1,1,1,2.0
Fes,oued_fès,False,Appartement,367.0,2.0,1.0,2.0,2100000.0,1,1,0,2.0
Fes,oued_fès,False,Appartement,124.0,3.0,2.0,2.0,2650000.0,1,1,1,2.0
Fes,aaouinat_hajjaj,False,Appartement,60.0,2.0,1.0,3.0,3140000.0,1,1,1,3.0
Fes,route_ain_chkaf,False,Appartement,143.0,3.0,2.0,2.0,2900000.0,1,1,1,2.0
Fes,narjis,False,Appartement,70.0,2.0,1.0,3.0,3330000.0,1,1,1,3.0
Fes,route_ain_chkaf,False,Appartement,90.0,2.0,1.0,0.0,550000.0,1,1,1,0.0
Fes,route_de_sefrou,False,Appartement,95.0,2.0,2.0,1.0,1630000.0,1,0,1,1.0
Fes,quartier_ben_slimane,False,Appartement,84.0,1.0,2.0,2.0,2420000.0,1,1,1,2.0
Fes,al_hadiqa,False,Appartement,135.0,3.0,1.0,1.0,1720000.0,1,1,1,1.0
Fes,aaouinat_hajjaj,False,Appartement,60.0,2.0,1.0,4.0,4140000.0,1,1,1,4.0
Fes,agdal,False,Appartement,257.0,4.0,2.0,1.0,12000000.0,1,1,1,1.0
Fes,autre_secteur,True,Appartement,90.0,2.0,2.0,3.0,3595000.0,1,1,1,3.0
Fes,autre_secteur,True,Appartement,121.0,3.0,1.0,4.0,4550000.0,1,1,1,4.0
Fes,route_ain_chkaf,False,Appartement,158.0,3.0,2.0,1.0,1980000.0,1,1,1,1.0
Fes,ben_souda,False,Appartement,83.0,3.0,2.0,3.0,3560000.0,1,1,1,3.0
Fes,autre_secteur,True,Appartement,73.0,2.0,1.0,3.0,3400000.0,1,1,1,3.0
Fes,agdal,False,Appartement,85.0,2.0,0.0,0.0,280000.0,1,1,1,0.0
Fes,agdal,False,Appartement,140.0,2.0,1.0,0.0,560000.0,1,1,1,0.0
Fes,autre_secteur,True,Appartement,90.0,2.0,2.0,3.0,3360000.0,1,1,1,3.0
Fes,mont_fleuri,False,Appartement,105.0,2.0,1.0,unknown,600000.0,0,1,1,unknown
Fes,mont_fleuri,False,Appartement,106.0,3.0,1.0,2.0,2455000.0,1,1,1,2.0
Fes,autre_secteur,True,Appartement,102.0,3.0,1.0,4.0,4750000.0,1,1,1,4.0
Fes,autre_secteur,True,Appartement,166.0,3.0,2.0,4.0,4990000.0,1,1,1,4.0
Fes,route_de_sefrou,False,Appartement,65.0,3.0,2.0,4.0,4500000.0,1,1,1,4.0
Fes,agdal,False,Appartement,140.0,3.0,2.0,0.0,700000.0,1,1,1,0.0
Fes,oued_fès,False,Appartement,112.0,3.0,2.0,1.0,1740000.0,1,1,1,1.0
Fes,narjis,False,Appartement,89.0,2.0,1.0,4.0,4390000.0,1,1,1,4.0
Fes,mont_fleuri,False,Appartement,120.0,2.0,2.0,2.0,2430000.0,1,1,1,2.0
Fes,zouagha,False,Appartement,85.0,2.0,1.0,1.0,1260000.0,1,1,1,1.0
Fes,ben_souda,False,Appartement,104.0,3.0,2.0,2.0,2500000.0,1,1,1,2.0
Fes,autre_secteur,True,Appartement,231.0,4.0,3.0,1.0,11750000.0,1,1,1,1.0
Fes,tghat,False,Appartement,75.0,3.0,1.0,1.0,1520000.0,1,1,1,1.0
Fes,route_de_sefrou,False,Appartement,75.0,2.0,2.0,1.0,1380000.0,1,1,1,1.0
Fes,ouled_tayeb,False,Appartement,95.0,3.0,2.0,1.0,1260000.0,1,0,1,1.0
Fes,narjis,False,Appartement,95.0,2.0,2.0,1.0,1580000.0,1,0,1,1.0
Fes,oued_fès,False,Appartement,106.0,3.0,3.0,1.0,1111111.0,1,1,1,1.0
Fes,route_d_immouzere,False,Appartement,136.0,3.0,2.0,3.0,3950000.0,1,1,1,3.0
Fes,oued_fès,False,Appartement,120.0,3.0,2.0,3.0,3540000.0,1,1,1,3.0
Fes,agdal,False,Appartement,180.0,5.0,3.0,1.0,11700000.0,1,1,1,1.0
Fes,mont_fleuri,False,Appartement,69.0,3.0,2.0,1.0,1440000.0,1,1,1,1.0
Fes,zouagha,False,Appartement,95.0,2.0,2.0,3.0,3230000.0,1,0,1,3.0
Fes,route_ain_chkaf,False,Appartement,83.0,3.0,2.0,0.0,460000.0,1,1,1,0.0
Fes,belkhiat,False,Appartement,50.0,1.0,1.0,3.0,3105000.0,1,1,1,3.0
Fes,zouagha,False,Appartement,62.0,2.0,1.0,2.0,2250000.0,1,1,1,2.0
Fes,ben_souda,False,Appartement,90.0,3.0,2.0,0.0,430000.0,1,1,1,0.0
Fes,fès_médina,False,Appartement,95.0,3.0,2.0,1.0,1350000.0,1,1,1,1.0
Fes,agdal,False,Appartement,180.0,3.0,3.0,0.0,1070000.0,1,1,1,0.0
Fes,al_hadiqa,False,Appartement,118.0,3.0,2.0,3.0,3660000.0,1,1,1,3.0
Fes,agdal,False,Appartement,95.0,1.0,1.0,5.0,5160000.0,1,0,1,5.0
Fes,agdal,False,Appartement,145.0,3.0,3.0,6.0,6700000.0,1,1,1,6.0
Fes,autre_secteur,True,Appartement,100.0,3.0,2.0,2.0,2390000.0,1,1,1,2.0
Fes,agdal,False,Appartement,146.0,3.0,2.0,6.0,6700000.0,1,1,1,6.0
Fes,mont_fleuri_2,False,Appartement,95.0,2.0,1.0,0.0,520000.0,1,0,1,0.0
Fes,narjis,False,Appartement,104.0,3.0,2.0,0.0,480000.0,1,1,1,0.0
Fes,narjis,False,Appartement,94.0,2.0,2.0,0.0,530000.0,1,1,1,0.0
Fes,oued_fès,False,Appartement,100.0,3.0,2.0,2.0,2389999.0,1,1,1,2.0
Fes,narjis,False,Appartement,95.0,3.0,2.0,2.0,2650000.0,1,0,1,2.0
Fes,mont_fleuri,False,Appartement,100.0,2.0,1.0,2.0,2390000.0,1,1,1,2.0
Fes,narjis,False,Appartement,104.0,3.0,2.0,2.0,2530000.0,1,1,1,2.0
Fes,autre_secteur,True,Appartement,97.0,2.0,2.0,0.0,450000.0,1,1,1,0.0
Fes,sidi_brahim,False,Appartement,120.0,2.0,2.0,0.0,490000.0,1,1,1,0.0
Fes,ben_souda,False,Appartement,80.0,1.0,2.0,2.0,2300000.0,1,1,1,2.0
Fes,route_ain_chkaf,False,Appartement,113.0,3.0,2.0,1.0,1800000.0,1,1,1,1.0
Fes,ben_souda,False,Appartement,131.0,3.0,2.0,1.0,1680000.0,1,1,1,1.0
Fes,narjis,False,Appartement,95.0,2.0,0.0,4.0,4360000.0,1,0,1,4.0
Fes,ain_amiyer,False,Appartement,84.0,3.0,1.0,2.0,2510000.0,1,1,1,2.0
Fes,ben_souda,False,Appartement,85.0,2.0,1.0,2.0,2400000.0,1,1,1,2.0
Fes,ben_souda,False,Appartement,140.0,3.0,1.0,2.0,2550000.0,1,1,1,2.0
Fes,autre_secteur,True,Appartement,80.0,2.0,2.0,2.0,2275000.0,1,1,1,2.0
Fes,route_de_meknes,False,Appartement,72.0,2.0,1.0,1.0,1390000.0,1,1,1,1.0
Fes,route_ain_chkaf,False,Appartement,90.0,3.0,2.0,2.0,2699000.0,1,1,1,2.0
Fes,ancienne_médina,False,Appartement,100.0,1.0,1.0,3.0,3240000.0,1,1,1,3.0
Fes,centre,True,Appartement,90.0,2.0,2.0,4.0,4400000.0,1,1,1,4.0
Fes,ben_souda,False,Appartement,100.0,3.0,2.0,2.0,2600000.0,1,1,1,2.0
Fes,autre_secteur,True,Appartement,70.0,3.0,1.0,3.0,3320000.0,1,1,0,3.0
Fes,hay_ouifak,False,Appartement,92.0,3.0,0.0,3.0,3390000.0,1,1,1,3.0
Fes,centre,True,Appartement,164.0,3.0,1.0,3.0,3550000.0,1,1,1,3.0
Fes,centre,True,Appartement,75.0,2.0,2.0,1.0,1500000.0,1,1,1,1.0
Fes,narjis,False,Appartement,70.0,2.0,2.0,4.0,4400000.0,1,1,1,4.0
Fes,fès_médina,False,Appartement,65.0,2.0,1.0,2.0,2250000.0,1,1,1,2.0
Fes,route_ain_chkaf,False,Appartement,82.0,2.0,1.0,0.0,540000.0,1,1,1,0.0
Fes,hay_saada,False,Appartement,145.0,2.0,2.0,0.0,650000.0,1,1,1,0.0
Fes,zouagha,False,Appartement,85.0,2.0,1.0,2.0,2410000.0,1,1,1,2.0
Fes,centre,True,Appartement,158.0,2.0,1.0,3.0,3580000.0,1,1,1,3.0
Fes,centre,True,Appartement,134.0,2.0,1.0,2.0,2520000.0,1,1,1,2.0
Fes,ben_souda,False,Appartement,120.0,3.0,2.0,1.0,1220000.0,1,1,1,1.0
Fes,route_d_immouzere,False,Appartement,200.0,3.0,3.0,1.0,11650000.0,1,1,1,1.0
Fes,jnan_el_ward,False,Appartement,95.0,1.0,2.0,0.0,260000.0,1,0,1,0.0
Fes,narjis,False,Appartement,74.0,2.0,1.0,3.0,3440000.0,1,1,1,3.0
Fes,ouled_tayeb,False,Appartement,98.0,2.0,1.0,1.0,1380000.0,1,1,1,1.0
Fes,mont_fleuri_2,False,Appartement,85.0,2.0,1.0,2.0,2460000.0,1,1,1,2.0
Fes,route_ain_chkaf,False,Appartement,85.0,2.0,2.0,1.0,1540000.0,1,1,1,1.0
Fes,autre_secteur,True,Appartement,95.0,3.0,1.0,2.0,2235000.0,1,0,1,2.0
Fes,zouagha,False,Appartement,43.0,1.0,1.0,1.0,1190000.0,1,1,1,1.0
Fes,ain_kadous,False,Appartement,90.0,2.0,1.0,1.0,1300000.0,1,1,1,1.0
Fes,autre_secteur,True,Appartement,116.0,2.0,2.0,2.0,2500000.0,1,1,1,2.0
Fes,zouagha,False,Appartement,92.0,2.0,2.0,2.0,2430000.0,1,1,1,2.0
Fes,zouagha,False,Appartement,98.0,2.0,2.0,2.0,2430000.0,1,1,1,2.0
Fes,autre_secteur,True,Appartement,99.0,3.0,1.0,2.0,2750000.0,1,1,1,2.0
Fes,oued_fès,False,Appartement,81.0,3.0,2.0,2.0,2550000.0,1,1,1,2.0
Fes,mont_fleuri,False,Appartement,85.0,2.0,2.0,3.0,3595000.0,1,1,1,3.0
Fes,route_de_meknes,False,Appartement,105.0,3.0,2.0,0.0,600000.0,1,1,1,0.0
Fes,hay_saada,False,Appartement,70.0,2.0,1.0,2.0,2375000.0,1,1,1,2.0
Fes,route_d_immouzere,False,Appartement,110.0,2.0,2.0,0.0,580000.0,1,1,1,0.0
Fes,ben_souda,False,Appartement,72.0,2.0,2.0,4.0,4240000.0,1,1,1,4.0
Fes,centre,True,Appartement,135.0,2.0,2.0,1.0,1750000.0,1,1,1,1.0
Fes,route_ain_chkaf,False,Appartement,100.0,3.0,2.0,2.0,2660000.0,1,1,1,2.0
Fes,agdal,False,Appartement,67.0,1.0,0.0,3.0,3360000.0,1,1,1,3.0
Fes,zouagha,False,Appartement,107.0,3.0,1.0,3.0,3360000.0,1,1,1,3.0
Fes,hay_saada,False,Appartement,126.0,3.0,1.0,2.0,2820000.0,1,1,1,2.0
Fes,autre_secteur,True,Appartement,85.0,2.0,1.0,0.0,480000.0,1,1,1,0.0
Fes,ben_souda,False,Appartement,65.0,1.0,0.0,2.0,2175000.0,1,1,1,2.0
Fes,agdal,False,Appartement,154.0,3.0,2.0,2.0,2750000.0,1,1,1,2.0
Fes,autre_secteur,True,Appartement,65.0,2.0,1.0,1.0,1250000.0,1,1,1,1.0
Fes,oued_fès,False,Appartement,90.0,2.0,2.0,1.0,1350000.0,1,1,1,1.0
Fes,zouagha,False,Appartement,95.0,2.0,1.0,1.0,1270000.0,1,0,1,1.0
Fes,route_d_immouzere,False,Appartement,90.0,2.0,2.0,3.0,3680000.0,1,1,1,3.0
Fes,hay_riad,False,Appartement,86.0,2.0,1.0,2.0,2380000.0,1,1,1,2.0
Fes,autre_secteur,True,Appartement,95.0,2.0,1.0,4.0,4180000.0,1,0,1,4.0
Fes,narjis,False,Appartement,140.0,3.0,2.0,4.0,4727400.0,1,1,1,4.0
Fes,route_ain_chkaf,False,Appartement,117.0,3.0,2.0,1.0,1820000.0,1,1,1,1.0
Fes,route_ain_chkaf,False,Appartement,95.0,2.0,0.0,1.0,1470000.0,1,0,1,1.0
Fes,oued_fès,False,Appartement,88.0,3.0,2.0,2.0,2540000.0,1,1,1,2.0
Fes,zouagha,False,Appartement,95.0,2.0,2.0,3.0,3420000.0,1,1,1,3.0
Fes,hay_riad,False,Appartement,118.0,3.0,2.0,3.0,3580000.0,1,1,1,3.0
Fes,autre_secteur,True,Appartement,128.0,3.0,2.0,3.0,3760000.0,1,1,1,3.0
Fes,autre_secteur,True,Appartement,131.0,3.0,1.0,4.0,4650000.0,1,1,1,4.0
Fes,autre_secteur,True,Appartement,100.0,3.0,1.0,3.0,3560000.0,1,1,1,3.0
Fes,autre_secteur,True,Appartement,170.0,3.0,2.0,2.0,2800000.0,1,1,1,2.0
Fes,route_ain_chkaf,False,Appartement,96.0,2.0,1.0,0.0,270000.0,1,1,1,0.0
Fes,autre_secteur,True,Appartement,221.0,3.0,2.0,1.0,11750000.0,1,1,1,1.0
Fes,jnan_el_ward,False,Appartement,95.0,3.0,2.0,4.0,4240000.0,1,0,1,4.0
Fes,oued_fès,False,Appartement,124.0,3.0,2.0,2.0,2700000.0,1,1,1,2.0
Fes,zouagha,False,Appartement,95.0,3.0,2.0,2.0,2360000.0,1,1,1,2.0
Fes,route_ain_chkaf,False,Appartement,80.0,2.0,2.0,0.0,450000.0,1,1,1,0.0
Fes,jnan_el_ward,False,Appartement,104.0,2.0,1.0,1.0,1220000.0,1,1,1,1.0
Fes,route_ain_chkaf,False,Appartement,60.0,2.0,1.0,2.0,2420000.0,1,1,1,2.0
Fes,agdal,False,Appartement,105.0,3.0,1.0,2.0,2510000.0,1,1,1,2.0
Fes,agdal,False,Appartement,92.0,2.0,2.0,2.0,2640000.0,1,1,1,2.0
Fes,route_d_immouzere,False,Appartement,116.0,3.0,2.0,0.0,790000.0,1,1,1,0.0
Fes,centre,True,Appartement,72.0,2.0,2.0,1.0,1360000.0,1,1,1,1.0
Fes,centre,True,Appartement,170.0,3.0,2.0,2.0,2900000.0,1,1,1,2.0
Fes,oued_fès,False,Appartement,55.0,2.0,1.0,1.0,1490000.0,1,1,1,1.0
Fes,dar_mehrez,False,Appartement,76.0,2.0,2.0,3.0,3400000.0,1,1,1,3.0
Fes,oued_fès,False,Appartement,95.0,2.0,1.0,0.0,390000.0,1,0,1,0.0
Fes,oued_fès,False,Appartement,76.0,2.0,1.0,0.0,460000.0,1,1,1,0.0
Fes,centre,True,Appartement,122.0,2.0,2.0,3.0,3600000.0,1,1,1,3.0
Fes,route_d_immouzere,False,Appartement,114.0,4.0,2.0,1.0,1934800.0,1,1,1,1.0
Fes,oued_fès,False,Appartement,65.0,2.0,0.0,1.0,1400000.0,1,1,1,1.0
Fes,narjis,False,Appartement,156.0,3.0,2.0,3.0,3740000.0,1,1,1,3.0
Fes,oued_fès,False,Appartement,64.0,2.0,1.0,1.0,1300000.0,1,1,1,1.0
Fes,route_ain_chkaf,False,Appartement,50.0,2.0,1.0,2.0,2160000.0,1,1,1,2.0
Fes,route_d_immouzere,False,Appartement,82.0,2.0,1.0,1.0,1500000.0,1,1,1,1.0
Fes,route_ain_chkaf,False,Appartement,60.0,2.0,1.0,2.0,2350000.0,1,1,1,2.0
Fes,zouagha,False,Appartement,95.0,2.0,2.0,3.0,3260000.0,1,0,1,3.0
Fes,agdal,False,Appartement,133.0,2.0,1.0,1.0,1810000.0,1,1,1,1.0
Fes,narjis,False,Appartement,128.0,3.0,2.0,2.0,2650000.0,1,1,1,2.0
Fes,route_de_sefrou,False,Appartement,89.0,2.0,2.0,1.0,1750000.0,1,1,1,1.0
Fes,agdal,False,Appartement,108.0,3.0,1.0,2.0,2510000.0,1,1,1,2.0
Meknes,marjane_2,False,Appartement,106.0,3.0,2.0,1.0,1805000.0,1,1,1,1.0
Meknes,autre_secteur,True,Appartement,65.0,3.0,1.0,1.0,1390000.0,1,1,1,1.0
Meknes,autre_secteur,True,Appartement,55.0,2.0,1.0,0.0,350000.0,1,1,1,0.0
Meknes,marjane_2,False,Appartement,84.0,3.0,2.0,3.0,3420000.0,1,1,1,3.0
Meknes,marjane_2,False,Appartement,150.0,3.0,2.0,3.0,3730000.0,1,1,1,3.0
Meknes,marjane_2,False,Appartement,86.0,2.0,1.0,3.0,3490000.0,1,0,1,3.0
Meknes,el_bassatine,False,Appartement,69.0,2.0,2.0,6.0,6450000.0,1,1,1,6.0
Meknes,zitoune,False,Appartement,120.0,2.0,2.0,2.0,2385000.0,1,1,1,2.0
Meknes,autre_secteur,True,Appartement,55.0,2.0,1.0,3.0,3320000.0,1,1,1,3.0
Meknes,hamria,False,Appartement,112.0,3.0,2.0,1.0,1650000.0,1,1,1,1.0
Meknes,el_bassatine,False,Appartement,86.0,2.0,1.0,2.0,2340000.0,1,0,1,2.0
Meknes,autre_secteur,True,Appartement,86.0,3.0,2.0,1.0,1670000.0,1,0,1,1.0
Meknes,hamria,False,Appartement,104.0,2.0,1.0,5.0,5390000.0,1,1,1,5.0
Meknes,autre_secteur,True,Appartement,54.0,2.0,1.0,1.0,1250000.0,1,1,1,1.0
Meknes,autre_secteur,True,Appartement,80.0,3.0,1.0,1.0,1570000.0,1,1,1,1.0
Meknes,autre_secteur,True,Appartement,70.0,3.0,1.0,4.0,4260000.0,1,1,1,4.0
Meknes,hamria,False,Appartement,76.0,2.0,2.0,4.0,4620000.0,1,1,1,4.0
Meknes,wislane,False,Appartement,60.0,2.0,1.0,1.0,1150000.0,1,1,1,1.0
Meknes,hamria,False,Appartement,76.0,2.0,1.0,4.0,4620000.0,1,1,1,4.0
Meknes,autre_secteur,True,Appartement,52.0,2.0,1.0,1.0,1190000.0,1,1,1,1.0
Meknes,autre_secteur,True,Appartement,90.0,3.0,2.0,2.0,2360000.0,1,1,1,2.0
Meknes,autre_secteur,True,Appartement,56.0,1.0,1.0,3.0,3270000.0,1,1,1,3.0
Meknes,ancienne_médina,False,Appartement,86.0,2.0,1.0,3.0,3500000.0,1,0,0,3.0
Meknes,hamria,False,Appartement,116.0,3.0,2.0,1.0,1870000.0,1,1,1,1.0
Meknes,marjane_2,False,Appartement,60.0,3.0,1.0,3.0,360000.0,1,1,1,3.0
Meknes,autre_secteur,True,Appartement,50.0,2.0,1.0,0.0,190000.0,1,1,1,0.0
Meknes,autre_secteur,True,Appartement,80.0,3.0,1.0,2.0,2440000.0,1,1,1,2.0
Meknes,wislane,False,Appartement,100.0,3.0,1.0,1.0,1360000.0,1,1,1,1.0
Meknes,autre_secteur,True,Appartement,72.0,2.0,1.0,4.0,4270000.0,1,1,1,4.0
Meknes,autre_secteur,True,Appartement,124.0,3.0,2.0,3.0,3820000.0,1,1,1,3.0
Meknes,autre_secteur,True,Appartement,84.0,3.0,2.0,1.0,1430000.0,1,1,1,1.0
Meknes,ville_nouvelle,False,Appartement,247.0,3.0,3.0,1.0,11800000.0,1,1,1,1.0
Meknes,autre_secteur,True,Appartement,73.0,3.0,2.0,3.0,3330000.0,1,1,1,3.0
Meknes,marjane_2,False,Appartement,84.0,3.0,2.0,3.0,343000.0,1,1,1,3.0
Meknes,zitoune,False,Appartement,114.0,3.0,2.0,0.0,450000.0,1,1,1,0.0
Meknes,autre_secteur,True,Appartement,110.0,3.0,2.0,2.0,2540000.0,1,1,1,2.0
Meknes,autre_secteur,True,Appartement,110.0,3.0,2.0,2.0,2670000.0,1,1,1,2.0
Meknes,hamria,False,Appartement,60.0,2.0,1.0,3.0,3250000.0,1,1,1,3.0
Meknes,zitoune,False,Appartement,55.0,1.0,1.0,2.0,2160000.0,1,1,1,2.0
Meknes,el_bassatine,False,Appartement,92.0,3.0,2.0,7.0,7460000.0,1,1,1,7.0
Meknes,autre_secteur,True,Appartement,74.0,3.0,2.0,unknown,480000.0,0,1,1,unknown
Meknes,marjane_2,False,Appartement,74.0,3.0,2.0,4.0,4480000.0,1,1,1,4.0
Meknes,autre_secteur,True,Appartement,100.0,3.0,2.0,2.0,2800000.0,1,1,1,2.0
Meknes,hamria,False,Appartement,80.0,2.0,1.0,4.0,4520000.0,1,1,1,4.0
Meknes,zitoune,False,Appartement,50.0,2.0,1.0,4.0,4190000.0,1,1,1,4.0
Meknes,ville_nouvelle,False,Appartement,157.0,3.0,2.0,1.0,11000000.0,1,1,1,1.0
Meknes,hamria,False,Appartement,115.0,2.0,1.0,3.0,3800000.0,1,1,1,3.0
Meknes,marjane_2,False,Appartement,110.0,2.0,1.0,1.0,1720000.0,1,1,1,1.0
Meknes,wislane,False,Appartement,75.0,2.0,1.0,1.0,1300000.0,1,1,1,1.0
Meknes,autre_secteur,True,Appartement,65.0,2.0,1.0,0.0,360000.0,1,1,1,0.0
Meknes,wislane,False,Appartement,86.0,2.0,1.0,1.0,1155000.0,1,0,1,1.0
Meknes,ville_nouvelle,False,Appartement,106.0,3.0,2.0,5.0,552000.0,1,1,1,5.0
Meknes,wislane,False,Appartement,70.0,4.0,1.0,2.0,2290000.0,1,1,1,2.0
Meknes,hamria,False,Appartement,93.0,3.0,2.0,0.0,620000.0,1,1,1,0.0
Meknes,autre_secteur,True,Appartement,100.0,3.0,2.0,2.0,2590000.0,1,1,1,2.0
Meknes,hamria,False,Appartement,86.0,3.0,2.0,3.0,3350000.0,1,0,1,3.0
Meknes,ville_nouvelle,False,Appartement,78.0,3.0,1.0,1.0,1480000.0,1,1,1,1.0
Meknes,marjane_2,False,Appartement,76.0,2.0,2.0,3.0,3230000.0,1,1,1,3.0
Meknes,el_bassatine,False,Appartement,65.0,2.0,1.0,2.0,2190000.0,1,1,1,2.0
Meknes,autre_secteur,True,Appartement,154.0,3.0,2.0,1.0,1840000.0,1,1,1,1.0
Meknes,autre_secteur,True,Appartement,110.0,3.0,1.0,4.0,4500000.0,1,1,1,4.0
Meknes,hamria,False,Appartement,120.0,3.0,2.0,1.0,1750000.0,1,1,1,1.0
Meknes,autre_secteur,True,Appartement,120.0,3.0,1.0,1.0,1660000.0,1,1,1,1.0
Meknes,autre_secteur,True,Appartement,70.0,3.0,1.0,1.0,1500000.0,1,1,1,1.0
Meknes,autre_secteur,True,Appartement,86.0,2.0,1.0,4.0,4300000.0,1,0,1,4.0
Meknes,marjane_2,False,Appartement,70.0,2.0,1.0,4.0,4370000.0,1,1,1,4.0
Meknes,wislane,False,Appartement,86.0,2.0,2.0,0.0,420000.0,1,0,1,0.0
Meknes,autre_secteur,True,Appartement,105.0,3.0,1.0,3.0,3550000.0,1,1,1,3.0
Meknes,el_bassatine,False,Appartement,59.0,2.0,1.0,2.0,2340000.0,1,1,1,2.0
Meknes,marjane_2,False,Appartement,86.0,2.0,1.0,2.0,2440000.0,1,0,1,2.0
Meknes,hamria,False,Appartement,93.0,2.0,2.0,7.0,7650000.0,1,1,1,7.0
Meknes,autre_secteur,True,Appartement,68.0,2.0,1.0,4.0,4260000.0,1,1,1,4.0
Meknes,wislane,False,Appartement,63.0,3.0,1.0,3.0,330000.0,1,1,1,3.0
Meknes,marjane_2,False,Appartement,84.0,3.0,2.0,3.0,3445000.0,1,1,1,3.0
Meknes,marjane_2,False,Appartement,60.0,3.0,2.0,2.0,2380000.0,1,1,1,2.0
Meknes,ville_nouvelle,False,Appartement,131.0,3.0,2.0,2.0,2780000.0,1,1,1,2.0
Meknes,autre_secteur,True,Appartement,86.0,4.0,1.0,2.0,2520000.0,1,0,0,2.0
Meknes,autre_secteur,True,Appartement,65.0,2.0,1.0,4.0,4240000.0,1,1,1,4.0
Meknes,riad_toulal,False,Appartement,58.0,2.0,1.0,3.0,3240000.0,1,1,1,3.0
Meknes,marjane_2,False,Appartement,86.0,3.0,1.0,2.0,275000.0,1,0,0,2.0
Meknes,marjane_2,False,Appartement,110.0,3.0,2.0,2.0,2590000.0,1,1,1,2.0
Meknes,autre_secteur,True,Appartement,118.0,3.0,1.0,1.0,1560000.0,1,1,1,1.0
Meknes,autre_secteur,True,Appartement,139.0,3.0,2.0,3.0,3660000.0,1,1,1,3.0
Meknes,el_bassatine,False,Appartement,71.0,2.0,1.0,3.0,3400000.0,1,1,1,3.0
Meknes,autre_secteur,True,Appartement,86.0,3.0,1.0,4.0,4340000.0,1,0,0,4.0
Meknes,autre_secteur,True,Appartement,96.0,3.0,2.0,1.0,1750000.0,1,1,1,1.0
Meknes,autre_secteur,True,Appartement,100.0,3.0,2.0,1.0,1470000.0,1,1,1,1.0
Meknes,autre_secteur,True,Appartement,112.0,3.0,2.0,1.0,1600000.0,1,1,1,1.0
Meknes,autre_secteur,True,Appartement,86.0,1.0,2.0,1.0,1500000.0,1,1,1,1.0
Meknes,wislane,False,Appartement,86.0,2.0,1.0,1.0,1350000.0,1,0,1,1.0
Meknes,autre_secteur,True,Appartement,131.0,2.0,2.0,unknown,450000.0,0,1,1,unknown
Meknes,el_bassatine,False,Appartement,80.0,2.0,1.0,3.0,3400000.0,1,1,1,3.0
Meknes,marjane_2,False,Appartement,66.0,3.0,1.0,3.0,3450000.0,1,1,1,3.0
Meknes,marjane_2,False,Appartement,80.0,2.0,2.0,2.0,2400000.0,1,1,1,2.0
Meknes,hamria,False,Appartement,107.0,2.0,0.0,0.0,890000.0,1,1,1,0.0
Meknes,bele_vue,False,Appartement,59.0,2.0,1.0,0.0,320000.0,1,1,1,0.0
Meknes,marjane_2,False,Appartement,103.0,3.0,1.0,2.0,2720000.0,1,1,1,2.0
Meknes,hamria,False,Appartement,93.0,3.0,2.0,5.0,5650000.0,1,1,1,5.0
Meknes,hamria,False,Appartement,57.0,2.0,1.0,2.0,2390000.0,1,1,1,2.0
Meknes,hamria,False,Appartement,69.0,2.0,1.0,2.0,2390000.0,1,1,1,2.0
Meknes,autre_secteur,True,Appartement,70.0,3.0,1.0,1.0,1350000.0,1,1,1,1.0
Meknes,autre_secteur,True,Appartement,86.0,2.0,1.0,4.0,4450000.0,1,0,1,4.0
Meknes,autre_secteur,True,Appartement,86.0,3.0,2.0,3.0,3320000.0,1,0,1,3.0
Meknes,la_hacienda,False,Appartement,96.0,3.0,1.0,4.0,4440000.0,1,1,1,4.0
Meknes,autre_secteur,True,Appartement,154.0,4.0,2.0,2.0,2800000.0,1,1,1,2.0
Meknes,autre_secteur,True,Appartement,75.0,2.0,1.0,1.0,1330000.0,1,1,1,1.0
Meknes,hamria,False,Appartement,126.0,2.0,1.0,1.0,11200000.0,1,1,1,1.0
Meknes,ville_nouvelle,False,Appartement,59.0,2.0,1.0,3.0,3250000.0,1,1,1,3.0
Meknes,autre_secteur,True,Appartement,220.0,3.0,3.0,0.0,1070000.0,1,1,1,0.0
Meknes,ville_nouvelle,False,Appartement,168.0,2.0,2.0,1.0,1745815.0,1,1,1,1.0
Meknes,hamria,False,Appartement,139.0,3.0,2.0,4.0,4930000.0,1,1,1,4.0
Meknes,marjane_2,False,Appartement,95.0,3.0,1.0,6.0,6470000.0,1,1,1,6.0
Meknes,marjane_2,False,Appartement,76.0,3.0,1.0,3.0,3340000.0,1,1,1,3.0
Meknes,el_bassatine,False,Appartement,65.0,2.0,1.0,1.0,1260000.0,1,1,1,1.0
Meknes,autre_secteur,True,Appartement,86.0,2.0,0.0,1.0,1250000.0,1,0,1,1.0
Meknes,autre_secteur,True,Appartement,87.0,3.0,1.0,1.0,1420000.0,1,1,1,1.0
Meknes,autre_secteur,True,Appartement,90.0,3.0,2.0,1.0,1550000.0,1,1,1,1.0
Meknes,autre_secteur,True,Appartement,110.0,3.0,3.0,1.0,1450000.0,1,1,1,1.0
Meknes,ville_nouvelle,False,Appartement,87.0,2.0,1.0,1.0,1470000.0,1,1,1,1.0
Meknes,autre_secteur,True,Appartement,70.0,2.0,1.0,0.0,460000.0,1,1,1,0.0
Meknes,autre_secteur,True,Appartement,100.0,3.0,2.0,2.0,2650000.0,1,1,1,2.0
Meknes,autre_secteur,True,Appartement,116.0,3.0,2.0,2.0,2600000.0,1,1,1,2.0
Meknes,wislane,False,Appartement,60.0,2.0,1.0,0.0,250000.0,1,1,1,0.0
Meknes,wislane,False,Appartement,96.0,2.0,2.0,0.0,500000.0,1,1,1,0.0
Meknes,autre_secteur,True,Appartement,63.0,3.0,2.0,0.0,350000.0,1,1,1,0.0
Meknes,autre_secteur,True,Appartement,100.0,3.0,2.0,4.0,4540000.0,1,1,1,4.0
Meknes,autre_secteur,True,Appartement,156.0,3.0,2.0,1.0,1840000.0,1,1,1,1.0
Meknes,hamria,False,Appartement,164.0,3.0,2.0,4.0,4850000.0,1,1,1,4.0
Meknes,riad_toulal,False,Appartement,68.0,3.0,0.0,1.0,1320000.0,1,1,1,1.0
Meknes,hay_salam,False,Appartement,80.0,2.0,1.0,0.0,700000.0,1,1,1,0.0
Meknes,riad_toulal,False,Appartement,70.0,2.0,1.0,1.0,1280000.0,1,1,1,1.0
Meknes,riad_toulal,False,Appartement,87.0,2.0,1.0,1.0,1420000.0,1,1,1,1.0
Meknes,wislane,False,Appartement,100.0,4.0,1.0,1.0,1500000.0,1,1,1,1.0
Meknes,hamria,False,Appartement,145.0,3.0,2.0,3.0,3835000.0,1,1,1,3.0
Meknes,ville_nouvelle,False,Appartement,76.0,3.0,2.0,3.0,3490000.0,1,1,1,3.0
Meknes,autre_secteur,True,Appartement,92.0,3.0,2.0,2.0,2570000.0,1,1,1,2.0
Meknes,autre_secteur,True,Appartement,75.0,3.0,2.0,1.0,1250000.0,1,1,1,1.0
Meknes,autre_secteur,True,Appartement,110.0,3.0,2.0,2.0,2550000.0,1,1,1,2.0
Meknes,autre_secteur,True,Appartement,90.0,2.0,1.0,1.0,1500000.0,1,1,1,1.0
Meknes,autre_secteur,True,Appartement,60.0,2.0,1.0,1.0,1260000.0,1,1,1,1.0
Meknes,autre_secteur,True,Appartement,70.0,3.0,2.0,2.0,2265000.0,1,1,1,2.0
Meknes,autre_secteur,True,Appartement,86.0,2.0,2.0,2.0,2290000.0,1,0,1,2.0
Meknes,marjane_2,False,Appartement,71.0,2.0,2.0,3.0,3450000.0,1,1,1,3.0
Meknes,riad_toulal,False,Appartement,80.0,2.0,1.0,1.0,1300000.0,1,1,1,1.0
Meknes,wislane,False,Appartement,120.0,3.0,2.0,0.0,420000.0,1,1,1,0.0
Meknes,el_bassatine,False,Appartement,65.0,2.0,1.0,2.0,2300000.0,1,1,1,2.0
Meknes,el_bassatine,False,Appartement,65.0,2.0,1.0,1.0,1300000.0,1,1,1,1.0
Meknes,autre_secteur,True,Appartement,96.0,3.0,2.0,3.0,3680000.0,1,1,1,3.0
Meknes,hamria,False,Appartement,179.0,3.0,2.0,1.0,11150000.0,1,1,1,1.0
Meknes,autre_secteur,True,Appartement,65.0,3.0,2.0,2.0,237000.0,1,1,1,2.0
Meknes,riad_toulal,False,Appartement,75.0,2.0,1.0,4.0,4300000.0,1,1,1,4.0
Meknes,marjane_2,False,Appartement,122.0,3.0,2.0,0.0,650000.0,1,1,1,0.0
Meknes,autre_secteur,True,Appartement,70.0,3.0,1.0,2.0,2310000.0,1,1,1,2.0
Meknes,autre_secteur,True,Appartement,90.0,3.0,2.0,2.0,2500000.0,1,1,1,2.0
Meknes,autre_secteur,True,Appartement,82.0,3.0,2.0,1.0,1420000.0,1,1,1,1.0
Meknes,el_bassatine,False,Appartement,86.0,2.0,1.0,4.0,4480000.0,1,0,0,4.0
Meknes,hamria,False,Appartement,92.0,2.0,2.0,2.0,2540000.0,1,1,1,2.0
Meknes,el_bassatine,False,Appartement,134.0,3.0,2.0,1.0,1820000.0,1,1,1,1.0
Meknes,autre_secteur,True,Appartement,100.0,3.0,2.0,0.0,640000.0,1,1,1,0.0
Meknes,hay_salam,False,Appartement,103.0,3.0,2.0,2.0,2740000.0,1,1,1,2.0
Meknes,autre_secteur,True,Appartement,80.0,3.0,2.0,2.0,2480000.0,1,1,1,2.0
Meknes,autre_secteur,True,Appartement,132.0,2.0,2.0,5.0,5950000.0,1,1,1,5.0
Meknes,autre_secteur,True,Appartement,64.0,2.0,1.0,1.0,1300000.0,1,1,1,1.0
Meknes,hamria,False,Appartement,156.0,3.0,2.0,4.0,4900000.0,1,1,1,4.0
Meknes,riad_toulal,False,Appartement,100.0,3.0,2.0,1.0,1580000.0,1,1,1,1.0
Meknes,marjane_2,False,Appartement,120.0,3.0,2.0,unknown,5000000.0,0,1,1,unknown
Meknes,autre_secteur,True,Appartement,100.0,2.0,2.0,0.0,480000.0,1,1,1,0.0
Meknes,hamria,False,Appartement,87.0,3.0,2.0,1.0,1540000.0,1,1,1,1.0
Meknes,zitoune,False,Appartement,131.0,3.0,2.0,3.0,3485000.0,1,1,1,3.0
Meknes,autre_secteur,True,Appartement,126.0,3.0,3.0,4.0,4850000.0,1,1,1,4.0
Meknes,ville_nouvelle,False,Appartement,80.0,3.0,2.0,2.0,2480000.0,1,1,1,2.0
Meknes,autre_secteur,True,Appartement,60.0,2.0,2.0,1.0,1360000.0,1,1,1,1.0
Meknes,zitoune,False,Appartement,122.0,3.0,2.0,1.0,1680000.0,1,1,1,1.0
Meknes,autre_secteur,True,Appartement,86.0,2.0,0.0,7.0,7520000.0,1,0,1,7.0
Meknes,el_bassatine,False,Appartement,114.0,3.0,2.0,1.0,1580000.0,1,1,1,1.0
Meknes,mèdina,False,Appartement,68.0,3.0,1.0,4.0,4280000.0,1,1,1,4.0
Meknes,mèdina,False,Appartement,107.0,3.0,2.0,2.0,2560000.0,1,1,1,2.0
Meknes,mèdina,False,Appartement,70.0,3.0,1.0,2.0,2290000.0,1,1,1,2.0
Meknes,el_bassatine,False,Appartement,110.0,3.0,1.0,7.0,7605000.0,1,1,0,7.0
Meknes,zitoune,False,Appartement,93.0,3.0,2.0,2.0,2680000.0,1,1,1,2.0
Meknes,hamria,False,Appartement,70.0,2.0,2.0,4.0,4330000.0,1,1,1,4.0
Meknes,marjane_2,False,Appartement,105.0,3.0,2.0,1.0,1440000.0,1,1,1,1.0
Meknes,marjane_2,False,Appartement,75.0,3.0,2.0,1.0,1340000.0,1,1,1,1.0
Meknes,hamria,False,Appartement,144.0,3.0,3.0,1.0,11050000.0,1,1,1,1.0
Meknes,autre_secteur,True,Appartement,127.0,2.0,2.0,1.0,1900000.0,1,1,1,1.0
Meknes,sidi_bouzekri,False,Appartement,62.0,2.0,2.0,5.0,5370000.0,1,1,1,5.0
Meknes,la_hacienda,False,Appartement,107.0,2.0,1.0,3.0,3430000.0,1,1,1,3.0
Meknes,autre_secteur,True,Appartement,84.0,3.0,1.0,3.0,3450000.0,1,1,1,3.0
Meknes,mèdina,False,Appartement,64.0,2.0,2.0,1.0,1290000.0,1,1,1,1.0
Meknes,mèdina,False,Appartement,80.0,3.0,2.0,1.0,1420000.0,1,1,1,1.0
Meknes,mèdina,False,Appartement,110.0,3.0,1.0,2.0,2400000.0,1,1,1,2.0
Meknes,mèdina,False,Appartement,70.0,3.0,1.0,2.0,2310000.0,1,1,1,2.0
Meknes,autre_secteur,True,Appartement,130.0,3.0,3.0,1.0,1700000.0,1,1,1,1.0
Meknes,autre_secteur,True,Appartement,86.0,3.0,2.0,1.0,1250000.0,1,0,1,1.0
Meknes,hamria,False,Appartement,136.0,3.0,2.0,7.0,7850000.0,1,1,1,7.0
Meknes,hay_salam,False,Appartement,86.0,2.0,1.0,3.0,3420000.0,1,0,0,3.0
Meknes,ville_nouvelle,False,Appartement,76.0,2.0,2.0,2.0,2500000.0,1,1,1,2.0
Meknes,autre_secteur,True,Appartement,100.0,3.0,2.0,0.0,540000.0,1,1,1,0.0
Meknes,hamria,False,Appartement,86.0,3.0,2.0,7.0,7640000.0,1,0,1,7.0
Meknes,autre_secteur,True,Appartement,86.0,3.0,2.0,4.0,4750000.0,1,0,1,4.0
Meknes,autre_secteur,True,Appartement,75.0,2.0,1.0,6.0,6320000.0,1,1,1,6.0
Meknes,marjane_2,False,Appartement,75.0,2.0,1.0,2.0,2400000.0,1,1,1,2.0
Meknes,marjane_2,False,Appartement,78.0,3.0,2.0,4.0,4300000.0,1,1,1,4.0
Meknes,autre_secteur,True,Appartement,96.0,2.0,2.0,3.0,3600000.0,1,1,1,3.0
Meknes,marjane_2,False,Appartement,70.0,2.0,1.0,1.0,1300000.0,1,1,1,1.0
Meknes,hamria,False,Appartement,92.0,3.0,2.0,3.0,3650000.0,1,1,1,3.0
Meknes,marjane_2,False,Appartement,86.0,3.0,2.0,2.0,2760000.0,1,0,1,2.0
Meknes,wislane,False,Appartement,115.0,3.0,1.0,0.0,450000.0,1,1,1,0.0
Meknes,autre_secteur,True,Appartement,86.0,3.0,2.0,1.0,1210000.0,1,0,1,1.0
Meknes,mèdina,False,Appartement,86.0,2.0,1.0,2.0,2560000.0,1,0,1,2.0
Meknes,mèdina,False,Appartement,84.0,3.0,2.0,1.0,1380000.0,1,1,1,1.0
Meknes,autre_secteur,True,Appartement,100.0,3.0,2.0,2.0,2500000.0,1,1,1,2.0
Meknes,autre_secteur,True,Appartement,135.0,3.0,2.0,1.0,1800000.0,1,1,1,1.0
Meknes,autre_secteur,True,Appartement,66.0,2.0,1.0,4.0,4320000.0,1,1,1,4.0
Meknes,mèdina,False,Appartement,80.0,3.0,1.0,4.0,4400000.0,1,1,1,4.0
Meknes,autre_secteur,True,Appartement,56.0,2.0,1.0,1.0,1230000.0,1,1,1,1.0
Meknes,autre_secteur,True,Appartement,64.0,2.0,1.0,2.0,2340000.0,1,1,1,2.0
Meknes,hamria,False,Appartement,64.0,2.0,1.0,2.0,2330000.0,1,1,1,2.0
Meknes,marjane_2,False,Appartement,86.0,3.0,2.0,1.0,1540000.0,1,0,1,1.0
Meknes,ville_nouvelle,False,Appartement,126.0,3.0,2.0,4.0,4970000.0,1,1,1,4.0
Meknes,ville_nouvelle,False,Appartement,140.0,2.0,1.0,7.0,7540000.0,1,1,1,7.0
Meknes,hay_salam,False,Appartement,170.0,3.0,1.0,1.0,1700000.0,1,1,1,1.0
Meknes,el_bassatine,False,Appartement,86.0,3.0,2.0,1.0,1270000.0,1,0,1,1.0
Meknes,marjane_2,False,Appartement,64.0,2.0,0.0,3.0,322500.0,1,1,1,3.0
Meknes,marjane_2,False,Appartement,64.0,3.0,2.0,4.0,4360000.0,1,1,1,4.0
Meknes,el_bassatine,False,Appartement,90.0,3.0,1.0,0.0,520000.0,1,1,1,0.0
Meknes,meknès,False,Appartement,64.0,2.0,1.0,4.0,4160000.0,1,1,1,4.0
Meknes,mèdina,False,Appartement,70.0,3.0,1.0,1.0,1310000.0,1,1,1,1.0
Meknes,autre_secteur,True,Appartement,120.0,3.0,1.0,1.0,1750000.0,1,1,1,1.0
Meknes,autre_secteur,True,Appartement,55.0,2.0,1.0,1.0,1260000.0,1,1,1,1.0
Meknes,mèdina,False,Appartement,72.0,3.0,2.0,2.0,2230000.0,1,1,1,2.0
Meknes,mèdina,False,Appartement,108.0,3.0,2.0,2.0,2560000.0,1,1,1,2.0
Meknes,mèdina,False,Appartement,98.0,3.0,2.0,2.0,2500000.0,1,1,1,2.0
Meknes,mèdina,False,Appartement,110.0,3.0,1.0,1.0,1500000.0,1,1,1,1.0
Meknes,autre_secteur,True,Appartement,108.0,3.0,3.0,1.0,1560000.0,1,1,1,1.0
Meknes,mèdina,False,Appartement,115.0,3.0,2.0,3.0,3400000.0,1,1,1,3.0
Meknes,marjane_2,False,Appartement,80.0,3.0,2.0,2.0,2460000.0,1,1,1,2.0
Meknes,wislane,False,Appartement,100.0,3.0,2.0,1.0,1460000.0,1,1,1,1.0
Meknes,autre_secteur,True,Appartement,88.0,2.0,2.0,0.0,470000.0,1,1,1,0.0
Meknes,el_bassatine,False,Appartement,92.0,3.0,2.0,1.0,1650000.0,1,1,1,1.0
Meknes,autre_secteur,True,Appartement,87.0,3.0,2.0,1.0,1520000.0,1,1,1,1.0
Meknes,wislane,False,Appartement,65.0,2.0,1.0,1.0,1300000.0,1,1,1,1.0
Meknes,mèdina,False,Appartement,70.0,2.0,2.0,2.0,2320000.0,1,1,1,2.0
Meknes,mèdina,False,Appartement,95.0,2.0,1.0,4.0,4390000.0,1,1,1,4.0
Meknes,autre_secteur,True,Appartement,69.0,2.0,2.0,1.0,1390000.0,1,1,1,1.0
Meknes,marjane_2,False,Appartement,86.0,3.0,2.0,1.0,1470000.0,1,0,1,1.0
Meknes,mèdina,False,Appartement,110.0,3.0,2.0,1.0,1490000.0,1,1,1,1.0
Meknes,mèdina,False,Appartement,65.0,2.0,1.0,4.0,4250000.0,1,1,1,4.0
Meknes,autre_secteur,True,Appartement,112.0,3.0,2.0,1.0,1550000.0,1,1,1,1.0
Meknes,sidi_bouzekri,False,Appartement,82.0,2.0,2.0,4.0,4460000.0,1,1,1,4.0
Meknes,autre_secteur,True,Appartement,69.0,2.0,2.0,3.0,3270000.0,1,1,1,3.0
Meknes,wislane,False,Appartement,91.0,3.0,1.0,1.0,1420000.0,1,1,1,1.0
Meknes,zitoune,False,Appartement,40.0,3.0,1.0,3.0,3130000.0,1,1,0,3.0
Meknes,mèdina,False,Appartement,106.0,3.0,2.0,unknown,690000.0,0,1,1,unknown
Meknes,autre_secteur,True,Appartement,75.0,3.0,2.0,unknown,500000.0,0,1,1,unknown
Meknes,marjane_2,False,Appartement,69.0,2.0,1.0,1.0,1450000.0,1,1,1,1.0
Meknes,meknès,False,Appartement,115.0,3.0,2.0,5.0,5640000.0,1,1,1,5.0
Meknes,mèdina,False,Appartement,85.0,3.0,2.0,2.0,2480000.0,1,1,1,2.0
Meknes,marjane_2,False,Appartement,94.0,2.0,2.0,1.0,1540000.0,1,1,1,1.0
Meknes,hamria,False,Appartement,86.0,3.0,3.0,2.0,1800000.0,1,0,1,2.0
Meknes,hamria,False,Appartement,86.0,3.0,3.0,1.0,11950000.0,1,0,1,1.0
Meknes,hamria,False,Appartement,86.0,3.0,2.0,2.0,2850000.0,1,0,1,2.0
Meknes,hamria,False,Appartement,86.0,4.0,4.0,3.0,3100000.0,1,0,1,3.0
Meknes,hamria,False,Appartement,86.0,4.0,3.0,5.0,1450000.0,1,0,1,5.0
Meknes,hamria,False,Appartement,120.0,3.0,2.0,2.0,2990000.0,1,1,1,2.0
Meknes,hamria,False,Appartement,86.0,3.0,2.0,5.0,1500000.0,1,0,1,5.0
Meknes,hamria,False,Appartement,100.0,3.0,2.0,4.0,4850000.0,1,1,1,4.0
Meknes,hamria,False,Appartement,86.0,4.0,3.0,1.0,11700000.0,1,0,1,1.0
Meknes,hamria,False,Appartement,126.0,3.0,2.0,4.0,4890000.0,1,1,1,4.0
Meknes,hamria,False,Appartement,86.0,3.0,2.0,4.0,4890000.0,1,0,1,4.0
Meknes,el_bassatine,False,Appartement,85.0,2.0,2.0,2.0,2380000.0,1,1,1,2.0
Meknes,autre_secteur,True,Appartement,58.0,2.0,1.0,3.0,3130000.0,1,1,1,3.0
Meknes,autre_secteur,True,Appartement,60.0,2.0,1.0,3.0,3130000.0,1,1,1,3.0
Meknes,marjane_2,False,Appartement,73.0,3.0,2.0,3.0,3270000.0,1,1,1,3.0
Meknes,mèdina,False,Appartement,70.0,3.0,1.0,2.0,2280000.0,1,1,1,2.0
Meknes,mèdina,False,Appartement,80.0,2.0,2.0,3.0,3430000.0,1,1,1,3.0
Meknes,mèdina,False,Appartement,125.0,3.0,3.0,0.0,470000.0,1,1,1,0.0
Meknes,autre_secteur,True,Appartement,56.0,2.0,1.0,1.0,1240000.0,1,1,1,1.0
Meknes,wislane,False,Appartement,65.0,3.0,2.0,1.0,1380000.0,1,1,1,1.0
Meknes,autre_secteur,True,Appartement,65.0,2.0,1.0,4.0,4270000.0,1,1,0,4.0
Meknes,el_bassatine,False,Appartement,120.0,3.0,2.0,3.0,3750000.0,1,1,1,3.0
Meknes,hamria,False,Appartement,124.0,2.0,1.0,5.0,5800000.0,1,1,1,5.0
Meknes,el_bassatine,False,Appartement,108.0,3.0,1.0,1.0,1560000.0,1,1,1,1.0
Meknes,marjane_2,False,Appartement,58.0,2.0,1.0,4.0,4250000.0,1,1,1,4.0
Meknes,mèdina,False,Appartement,60.0,2.0,1.0,1.0,1440000.0,1,1,1,1.0
Meknes,hay_salam,False,Appartement,74.0,2.0,1.0,3.0,3380000.0,1,1,1,3.0
Meknes,wislane,False,Appartement,70.0,3.0,1.0,4.0,4290000.0,1,1,1,4.0
Meknes,autre_secteur,True,Appartement,85.0,3.0,2.0,0.0,410000.0,1,1,1,0.0
Meknes,el_bassatine,False,Appartement,130.0,3.0,2.0,0.0,620000.0,1,1,1,0.0
Meknes,wislane,False,Appartement,59.0,2.0,1.0,4.0,4300000.0,1,1,1,4.0
Meknes,omar,False,Appartement,100.0,2.0,1.0,2.0,230000.0,1,1,1,2.0
Meknes,meknès,False,Appartement,73.0,3.0,1.0,4.0,4280000.0,1,1,1,4.0
Meknes,autre_secteur,True,Appartement,80.0,2.0,2.0,2.0,2250000.0,1,1,1,2.0
Meknes,autre_secteur,True,Appartement,130.0,3.0,2.0,0.0,530000.0,1,1,1,0.0
Meknes,el_bassatine,False,Appartement,100.0,2.0,2.0,1.0,1500000.0,1,1,1,1.0
Meknes,autre_secteur,True,Appartement,113.0,3.0,2.0,4.0,4670000.0,1,1,1,4.0
Meknes,riad_toulal,False,Appartement,68.0,2.0,1.0,0.0,210000.0,1,1,1,0.0
Meknes,wislane,False,Appartement,80.0,2.0,2.0,1.0,1300000.0,1,1,1,1.0
Meknes,marjane_2,False,Appartement,75.0,3.0,1.0,1.0,1420000.0,1,1,1,1.0
Meknes,autre_secteur,True,Appartement,54.0,2.0,1.0,2.0,2280000.0,1,1,1,2.0
Meknes,meknès,False,Appartement,80.0,2.0,1.0,4.0,4400000.0,1,1,1,4.0
Meknes,autre_secteur,True,Appartement,100.0,3.0,2.0,2.0,2550000.0,1,1,1,2.0
Meknes,autre_secteur,True,Appartement,69.0,2.0,2.0,3.0,3290000.0,1,1,1,3.0
Meknes,autre_secteur,True,Appartement,54.0,2.0,1.0,4.0,4295000.0,1,1,1,4.0
Meknes,meknès,False,Appartement,70.0,3.0,1.0,2.0,2275000.0,1,1,1,2.0
Meknes,ville_nouvelle,False,Appartement,94.0,2.0,2.0,3.0,3490000.0,1,1,1,3.0
Meknes,el_bassatine,False,Appartement,68.0,2.0,1.0,3.0,3380000.0,1,1,1,3.0
Meknes,autre_secteur,True,Appartement,86.0,3.0,2.0,2.0,2870000.0,1,0,1,2.0
Meknes,autre_secteur,True,Appartement,86.0,3.0,3.0,2.0,2870000.0,1,0,1,2.0
Meknes,marjane_2,False,Appartement,70.0,2.0,1.0,4.0,4330000.0,1,1,1,4.0
Meknes,autre_secteur,True,Appartement,86.0,2.0,1.0,3.0,3240000.0,1,0,1,3.0
Meknes,riad_toulal,False,Appartement,61.0,3.0,2.0,3.0,3350000.0,1,1,1,3.0
Meknes,autre_secteur,True,Appartement,100.0,3.0,2.0,1.0,1580000.0,1,1,1,1.0
Meknes,hamria,False,Appartement,129.0,3.0,1.0,2.0,2790000.0,1,1,1,2.0
Meknes,hamria,False,Appartement,86.0,3.0,3.0,3.0,1250000.0,1,0,1,3.0
Meknes,mèdina,False,Appartement,70.0,2.0,1.0,5.0,5280000.0,1,1,1,5.0
Meknes,el_bassatine,False,Appartement,62.0,2.0,2.0,5.0,5300000.0,1,1,1,5.0
Meknes,mèdina,False,Appartement,112.0,3.0,2.0,0.0,400000.0,1,1,1,0.0
Meknes,autre_secteur,True,Appartement,70.0,3.0,1.0,3.0,3340000.0,1,1,1,3.0
Meknes,hamria,False,Appartement,133.0,3.0,2.0,7.0,7997500.0,1,1,1,7.0
Meknes,mèdina,False,Appartement,115.0,3.0,2.0,1.0,1630000.0,1,1,1,1.0
Meknes,mèdina,False,Appartement,68.0,2.0,1.0,4.0,4240000.0,1,1,1,4.0
Meknes,mèdina,False,Appartement,125.0,3.0,3.0,3.0,3610000.0,1,1,1,3.0
Meknes,mèdina,False,Appartement,130.0,3.0,3.0,0.0,590000.0,1,1,1,0.0
Meknes,mèdina,False,Appartement,108.0,3.0,2.0,1.0,1550000.0,1,1,1,1.0
Meknes,mèdina,False,Appartement,71.0,3.0,1.0,2.0,2280000.0,1,1,1,2.0
Meknes,mèdina,False,Appartement,90.0,3.0,2.0,1.0,1360000.0,1,1,1,1.0
Meknes,hamria,False,Appartement,83.0,3.0,1.0,4.0,4550000.0,1,1,1,4.0
Meknes,sidi_said,False,Appartement,70.0,2.0,2.0,2.0,2460000.0,1,1,1,2.0
Meknes,autre_secteur,True,Appartement,75.0,2.0,2.0,1.0,1500000.0,1,1,1,1.0
Meknes,autre_secteur,True,Appartement,63.0,3.0,2.0,1.0,126000.0,1,1,1,1.0
Meknes,mèdina,False,Appartement,75.0,3.0,2.0,0.0,350000.0,1,1,1,0.0
Meknes,el_bassatine,False,Appartement,60.0,2.0,1.0,4.0,4370000.0,1,1,1,4.0
Meknes,autre_secteur,True,Appartement,100.0,3.0,2.0,0.0,480000.0,1,1,1,0.0
Meknes,hamria,False,Appartement,120.0,3.0,1.0,1.0,1200000.0,1,1,1,1.0
Meknes,riad_toulal,False,Appartement,71.0,2.0,2.0,2.0,2350000.0,1,1,1,2.0
Meknes,autre_secteur,True,Appartement,68.0,3.0,1.0,4.0,4270000.0,1,1,1,4.0
Meknes,autre_secteur,True,Appartement,90.0,3.0,2.0,1.0,1370000.0,1,1,1,1.0
Meknes,sidi_bouzekri,False,Appartement,60.0,2.0,1.0,2.0,2240000.0,1,1,1,2.0
Meknes,zitoune,False,Appartement,56.0,1.0,1.0,2.0,216000.0,1,1,1,2.0
Meknes,autre_secteur,True,Appartement,86.0,3.0,1.0,3.0,3950000.0,1,1,1,3.0
Meknes,hamria,False,Appartement,95.0,2.0,2.0,3.0,3420000.0,1,1,1,3.0
Meknes,autre_secteur,True,Appartement,77.0,2.0,1.0,1.0,1380000.0,1,1,1,1.0
Meknes,autre_secteur,True,Appartement,157.0,4.0,1.0,2.0,2540000.0,1,1,1,2.0
Meknes,autre_secteur,True,Appartement,63.0,3.0,1.0,4.0,4320000.0,1,1,1,4.0
Meknes,bourj_moulay_omar,False,Appartement,54.0,2.0,1.0,4.0,4300000.0,1,1,1,4.0
Meknes,riad_toulal,False,Appartement,80.0,3.0,1.0,2.0,2420000.0,1,1,1,2.0
Meknes,riad_toulal,False,Appartement,75.0,2.0,1.0,0.0,260000.0,1,1,1,0.0
Meknes,riad_toulal,False,Appartement,65.0,2.0,1.0,2.0,2240000.0,1,1,1,2.0
Meknes,autre_secteur,True,Appartement,86.0,2.0,2.0,2.0,2260000.0,1,1,1,2.0
Meknes,wislane,False,Appartement,62.0,2.0,1.0,0.0,250000.0,1,1,1,0.0
Meknes,zitoune,False,Appartement,100.0,3.0,2.0,1.0,1400000.0,1,1,1,1.0
Meknes,hay_salam,False,Appartement,55.0,2.0,1.0,0.0,190000.0,1,1,1,0.0
Meknes,autre_secteur,True,Appartement,65.0,2.0,1.0,3.0,3310000.0,1,1,1,3.0
Meknes,wislane,False,Appartement,75.0,3.0,1.0,1.0,1320000.0,1,1,1,1.0
Meknes,wislane,False,Appartement,79.0,3.0,2.0,0.0,510000.0,1,1,1,0.0
Meknes,autre_secteur,True,Appartement,120.0,3.0,1.0,1.0,1850000.0,1,1,1,1.0
Meknes,meknès,False,Appartement,67.0,2.0,1.0,0.0,285000.0,1,1,1,0.0
Meknes,autre_secteur,True,Appartement,80.0,2.0,2.0,2.0,2260000.0,1,1,1,2.0
Meknes,zitoune,False,Appartement,86.0,2.0,2.0,2.0,2350000.0,1,0,1,2.0
Meknes,autre_secteur,True,Appartement,70.0,2.0,1.0,1.0,1320000.0,1,1,1,1.0
Meknes,autre_secteur,True,Appartement,76.0,2.0,1.0,3.0,3450000.0,1,1,1,3.0
Meknes,marjane_2,False,Appartement,50.0,2.0,2.0,1.0,1200000.0,1,1,1,1.0
Meknes,wislane,False,Appartement,52.0,2.0,1.0,2.0,2240000.0,1,1,1,2.0
Meknes,wislane,False,Appartement,54.0,2.0,1.0,1.0,1200000.0,1,1,1,1.0
Meknes,autre_secteur,True,Appartement,111.0,2.0,2.0,2.0,2754000.0,1,1,1,2.0
Meknes,hamria,False,Appartement,120.0,2.0,2.0,3.0,3800000.0,1,1,1,3.0
Meknes,autre_secteur,True,Appartement,67.0,3.0,1.0,2.0,2330000.0,1,1,1,2.0
Meknes,el_bassatine,False,Appartement,127.0,4.0,1.0,2.0,2650000.0,1,1,1,2.0
Meknes,autre_secteur,True,Appartement,110.0,3.0,2.0,2.0,2520000.0,1,1,1,2.0
Meknes,autre_secteur,True,Appartement,82.0,2.0,2.0,2.0,2500000.0,1,1,1,2.0
Meknes,el_bassatine,False,Appartement,95.0,3.0,1.0,1.0,1480000.0,1,1,1,1.0
Meknes,el_bassatine,False,Appartement,83.0,3.0,1.0,4.0,4550000.0,1,1,1,4.0
Meknes,el_bassatine,False,Appartement,90.0,3.0,1.0,1.0,1480000.0,1,1,1,1.0
Meknes,bourj_moulay_omar,False,Appartement,72.0,2.0,2.0,4.0,4270000.0,1,1,1,4.0
Meknes,marjane_2,False,Appartement,200.0,5.0,3.0,3.0,3880000.0,1,1,1,3.0
Meknes,autre_secteur,True,Appartement,193.0,4.0,3.0,1.0,11800000.0,1,1,1,1.0
Meknes,autre_secteur,True,Appartement,70.0,3.0,1.0,3.0,3280000.0,1,1,1,3.0
Meknes,autre_secteur,True,Appartement,110.0,3.0,2.0,1.0,1490000.0,1,1,1,1.0
Meknes,marjane_2,False,Appartement,145.0,3.0,3.0,3.0,3950000.0,1,1,1,3.0
Meknes,autre_secteur,True,Appartement,88.0,3.0,1.0,2.0,2560000.0,1,1,1,2.0
Meknes,autre_secteur,True,Appartement,88.0,3.0,1.0,2.0,2550000.0,1,1,1,2.0
Meknes,autre_secteur,True,Appartement,100.0,3.0,2.0,1.0,1670000.0,1,1,1,1.0
Meknes,wislane,False,Appartement,54.0,2.0,1.0,4.0,4230000.0,1,1,1,4.0
Meknes,autre_secteur,True,Appartement,80.0,2.0,2.0,2.0,2520000.0,1,1,1,2.0
Meknes,autre_secteur,True,Appartement,110.0,3.0,2.0,1.0,1480000.0,1,1,1,1.0
Meknes,ancienne_médina,False,Appartement,55.0,2.0,1.0,1.0,1120000.0,1,1,1,1.0
Meknes,autre_secteur,True,Appartement,85.0,2.0,2.0,2.0,2530000.0,1,1,1,2.0
Meknes,el_bassatine,False,Appartement,90.0,2.0,2.0,3.0,3360000.0,1,1,1,3.0
Meknes,el_bassatine,False,Appartement,84.0,2.0,2.0,1.0,1380000.0,1,1,1,1.0
Meknes,autre_secteur,True,Appartement,70.0,3.0,1.0,2.0,2280000.0,1,1,1,2.0
Meknes,el_bassatine,False,Appartement,86.0,2.0,2.0,4.0,4400000.0,1,0,1,4.0
Meknes,hamria,False,Appartement,98.0,3.0,2.0,7.0,7750000.0,1,1,1,7.0
Meknes,wislane,False,Appartement,86.0,3.0,1.0,0.0,320000.0,1,0,1,0.0
Meknes,marjane_2,False,Appartement,110.0,2.0,0.0,0.0,460000.0,1,1,1,0.0
Meknes,hamria,False,Appartement,93.0,3.0,2.0,5.0,5600000.0,1,1,1,5.0
Meknes,autre_secteur,True,Appartement,110.0,3.0,2.0,2.0,2530000.0,1,1,1,2.0
Meknes,wislane,False,Appartement,86.0,2.0,1.0,1.0,1299000.0,1,1,1,1.0
Meknes,autre_secteur,True,Appartement,73.0,2.0,1.0,unknown,500000.0,0,1,1,unknown
Meknes,el_bassatine,False,Appartement,77.0,3.0,3.0,2.0,2300000.0,1,1,1,2.0
Meknes,zitoune,False,Appartement,65.0,2.0,1.0,1.0,1360000.0,1,1,1,1.0
Meknes,autre_secteur,True,Appartement,119.0,3.0,2.0,3.0,3940000.0,1,1,1,3.0
Meknes,hamria,False,Appartement,93.0,2.0,1.0,7.0,7660000.0,1,1,1,7.0
Meknes,marjane_2,False,Appartement,98.0,2.0,2.0,3.0,3450000.0,1,1,1,3.0
Meknes,hamria,False,Appartement,108.0,3.0,1.0,5.0,5760000.0,1,1,1,5.0
Meknes,autre_secteur,True,Appartement,107.0,3.0,2.0,2.0,2550000.0,1,1,1,2.0
Meknes,hamria,False,Appartement,108.0,4.0,2.0,5.0,5760000.0,1,1,1,5.0
Meknes,wislane,False,Appartement,54.0,2.0,1.0,4.0,4270000.0,1,1,1,4.0
Meknes,el_bassatine,False,Appartement,68.0,2.0,1.0,3.0,3310000.0,1,1,1,3.0
Meknes,wislane,False,Appartement,69.0,2.0,1.0,4.0,4340000.0,1,1,1,4.0
Meknes,autre_secteur,True,Appartement,75.0,3.0,1.0,4.0,4360000.0,1,1,1,4.0
Meknes,autre_secteur,True,Appartement,120.0,3.0,2.0,5.0,5900000.0,1,1,1,5.0
Meknes,autre_secteur,True,Appartement,94.0,2.0,2.0,7.0,7670000.0,1,1,1,7.0
Meknes,autre_secteur,True,Appartement,100.0,3.0,2.0,2.0,2750000.0,1,1,1,2.0
Meknes,autre_secteur,True,Appartement,100.0,2.0,2.0,3.0,3550000.0,1,1,1,3.0
Meknes,hamria,False,Appartement,95.0,3.0,2.0,3.0,3695000.0,1,1,1,3.0
Meknes,zitoune,False,Appartement,97.0,3.0,2.0,3.0,3610000.0,1,1,1,3.0
Meknes,autre_secteur,True,Appartement,75.0,2.0,1.0,1.0,1440000.0,1,1,1,1.0
Meknes,hamria,False,Appartement,86.0,2.0,1.0,0.0,440000.0,1,0,1,0.0
Meknes,marjane_2,False,Appartement,125.0,4.0,2.0,3.0,3625000.0,1,1,1,3.0
Meknes,autre_secteur,True,Appartement,70.0,3.0,1.0,3.0,3290000.0,1,1,1,3.0
Meknes,autre_secteur,True,Appartement,70.0,2.0,2.0,3.0,3270000.0,1,1,1,3.0
Meknes,hamria,False,Appartement,146.0,3.0,2.0,4.0,4999000.0,1,1,1,4.0
Meknes,autre_secteur,True,Appartement,100.0,3.0,2.0,2.0,2470000.0,1,1,1,2.0
Meknes,autre_secteur,True,Appartement,86.0,3.0,2.0,2.0,2420000.0,1,1,1,2.0
Meknes,autre_secteur,True,Appartement,66.0,2.0,1.0,4.0,4240000.0,1,1,1,4.0
Meknes,autre_secteur,True,Appartement,54.0,2.0,1.0,4.0,4300000.0,1,1,1,4.0
Meknes,marjane_2,False,Appartement,85.0,2.0,1.0,3.0,3440000.0,1,1,1,3.0
Meknes,riad_toulal,False,Appartement,61.0,3.0,2.0,2.0,2350000.0,1,1,1,2.0
Meknes,autre_secteur,True,Appartement,86.0,2.0,1.0,4.0,4280000.0,1,0,1,4.0
Meknes,autre_secteur,True,Appartement,70.0,3.0,1.0,1.0,1290000.0,1,1,1,1.0
Meknes,marjane_2,False,Appartement,86.0,2.0,1.0,3.0,3280000.0,1,0,1,3.0
Meknes,marjane_2,False,Appartement,56.0,2.0,1.0,3.0,3280000.0,1,1,1,3.0
Meknes,sidi_bouzekri,False,Appartement,85.0,3.0,2.0,3.0,3360000.0,1,1,1,3.0
Meknes,marjane_2,False,Appartement,120.0,3.0,2.0,3.0,3600000.0,1,1,1,3.0
Meknes,autre_secteur,True,Appartement,120.0,3.0,2.0,4.0,4660000.0,1,1,1,4.0
Meknes,autre_secteur,True,Appartement,142.0,3.0,2.0,3.0,3780000.0,1,1,1,3.0
Meknes,autre_secteur,True,Appartement,88.0,3.0,2.0,1.0,1420000.0,1,1,1,1.0
Meknes,riad_toulal,False,Appartement,64.0,2.0,1.0,2.0,2260000.0,1,1,1,2.0
Meknes,hamria,False,Appartement,90.0,2.0,2.0,6.0,6640000.0,1,1,1,6.0
Meknes,riad_toulal,False,Appartement,86.0,3.0,1.0,3.0,3250000.0,1,0,1,3.0
Meknes,autre_secteur,True,Appartement,75.0,3.0,2.0,2.0,2320000.0,1,1,1,2.0
Meknes,autre_secteur,True,Appartement,70.0,3.0,1.0,4.0,4290000.0,1,1,1,4.0
Meknes,zitoune,False,Appartement,112.0,3.0,2.0,4.0,4480000.0,1,1,1,4.0
Meknes,el_bassatine,False,Appartement,86.0,2.0,1.0,4.0,4330000.0,1,0,1,4.0
Meknes,autre_secteur,True,Appartement,58.0,2.0,1.0,1.0,1230000.0,1,1,1,1.0
Meknes,autre_secteur,True,Appartement,105.0,2.0,1.0,3.0,3840000.0,1,1,1,3.0
Meknes,hamria,False,Appartement,150.0,3.0,2.0,1.0,1960000.0,1,1,1,1.0
Meknes,bele_vue,False,Appartement,100.0,3.0,2.0,1.0,1540000.0,1,1,1,1.0
Meknes,autre_secteur,True,Appartement,54.0,2.0,1.0,1.0,1155000.0,1,1,1,1.0
Meknes,autre_secteur,True,Appartement,74.0,3.0,1.0,2.0,2340000.0,1,1,1,2.0
Meknes,hamria,False,Appartement,73.0,2.0,2.0,6.0,6460000.0,1,1,1,6.0
Meknes,hamria,False,Appartement,118.0,3.0,2.0,1.0,1790000.0,1,1,1,1.0
Meknes,hamria,False,Appartement,89.0,2.0,0.0,3.0,3600000.0,1,1,1,3.0
Meknes,riad_toulal,False,Appartement,70.0,3.0,2.0,2.0,2350000.0,1,1,1,2.0
Meknes,zitoune,False,Appartement,67.0,2.0,1.0,2.0,2460000.0,1,1,1,2.0
Meknes,el_bassatine,False,Appartement,86.0,3.0,2.0,1.0,1560000.0,1,1,1,1.0
Meknes,zitoune,False,Appartement,115.0,3.0,1.0,1.0,1350000.0,1,1,1,1.0
Meknes,autre_secteur,True,Appartement,58.0,2.0,2.0,2.0,2290000.0,1,1,1,2.0
Meknes,autre_secteur,True,Appartement,88.0,3.0,1.0,1.0,1420000.0,1,1,1,1.0
Meknes,autre_secteur,True,Appartement,105.0,3.0,2.0,2.0,2550000.0,1,1,1,2.0
Meknes,autre_secteur,True,Appartement,70.0,3.0,1.0,1.0,1270000.0,1,1,1,1.0
Meknes,riad_toulal,False,Appartement,61.0,3.0,1.0,2.0,2350000.0,1,1,1,2.0
Meknes,bourj_moulay_omar,False,Appartement,54.0,2.0,1.0,0.0,280000.0,1,1,1,0.0
Meknes,hamria,False,Appartement,112.0,3.0,2.0,4.0,4800000.0,1,1,1,4.0
Meknes,autre_secteur,True,Appartement,105.0,3.0,2.0,6.0,6650000.0,1,1,1,6.0
Meknes,autre_secteur,True,Appartement,73.0,3.0,1.0,1.0,1280000.0,1,1,1,1.0
Meknes,bele_vue,False,Appartement,120.0,3.0,1.0,7.0,7780000.0,1,1,1,7.0
Meknes,marjane_2,False,Appartement,96.0,3.0,2.0,4.0,4690000.0,1,1,1,4.0
Meknes,el_bassatine,False,Appartement,134.0,3.0,2.0,2.0,2600000.0,1,1,1,2.0
Meknes,hamria,False,Appartement,117.0,3.0,2.0,3.0,3750000.0,1,1,1,3.0
Meknes,el_bassatine,False,Appartement,80.0,3.0,2.0,1.0,1480000.0,1,1,1,1.0
Meknes,autre_secteur,True,Appartement,85.0,2.0,2.0,3.0,3320000.0,1,1,1,3.0
Meknes,el_bassatine,False,Appartement,105.0,3.0,2.0,3.0,3480000.0,1,1,1,3.0
Meknes,ville_nouvelle,False,Appartement,107.0,2.0,2.0,6.0,6720000.0,1,1,1,6.0
Meknes,autre_secteur,True,Appartement,80.0,2.0,2.0,3.0,3370000.0,1,1,1,3.0
Meknes,bourj_moulay_omar,False,Appartement,65.0,3.0,2.0,1.0,1460000.0,1,1,1,1.0
Meknes,hamria,False,Appartement,111.0,2.0,2.0,0.0,580000.0,1,1,1,0.0
Meknes,hamria,False,Appartement,70.0,3.0,1.0,5.0,5400000.0,1,1,1,5.0
Meknes,autre_secteur,True,Appartement,86.0,2.0,0.0,1.0,1200000.0,1,0,1,1.0
Meknes,autre_secteur,True,Appartement,66.0,2.0,2.0,1.0,1240000.0,1,1,1,1.0
Meknes,autre_secteur,True,Appartement,52.0,2.0,1.0,3.0,3230000.0,1,1,1,3.0
Meknes,hamria,False,Appartement,180.0,3.0,3.0,6.0,6150000.0,1,1,1,6.0
Meknes,el_bassatine,False,Appartement,80.0,2.0,1.0,4.0,4440000.0,1,1,1,4.0
Meknes,el_bassatine,False,Appartement,190.0,2.0,2.0,0.0,529500.0,1,1,1,0.0
Meknes,autre_secteur,True,Appartement,72.0,3.0,1.0,1.0,1280000.0,1,1,1,1.0
Meknes,autre_secteur,True,Appartement,95.0,3.0,2.0,2.0,2550000.0,1,1,1,2.0
Meknes,autre_secteur,True,Appartement,70.0,3.0,1.0,2.0,2270000.0,1,1,1,2.0
Meknes,autre_secteur,True,Appartement,90.0,3.0,1.0,2.0,2580000.0,1,1,1,2.0
Meknes,autre_secteur,True,Appartement,120.0,3.0,2.0,1.0,1540000.0,1,1,1,1.0
Meknes,zitoune,False,Appartement,79.0,2.0,1.0,4.0,4280000.0,1,1,1,4.0
Meknes,hamria,False,Appartement,70.0,2.0,1.0,4.0,4520000.0,1,1,1,4.0
Meknes,autre_secteur,True,Appartement,120.0,3.0,2.0,2.0,2400000.0,1,1,1,2.0
Meknes,autre_secteur,True,Appartement,100.0,3.0,1.0,1.0,1620000.0,1,1,1,1.0
Meknes,autre_secteur,True,Appartement,130.0,3.0,1.0,1.0,11000000.0,1,1,1,1.0
Meknes,el_bassatine,False,Appartement,71.0,3.0,2.0,6.0,6450000.0,1,1,1,6.0
Meknes,zerhounia,False,Appartement,94.0,2.0,1.0,4.0,4350000.0,1,1,1,4.0
Meknes,autre_secteur,True,Appartement,70.0,3.0,1.0,3.0,3270000.0,1,1,1,3.0
Meknes,hamria,False,Appartement,143.0,3.0,2.0,1.0,11000000.0,1,1,1,1.0
Meknes,autre_secteur,True,Appartement,105.0,3.0,2.0,1.0,1550000.0,1,1,1,1.0
Meknes,autre_secteur,True,Appartement,74.0,3.0,1.0,3.0,3280000.0,1,1,1,3.0
Meknes,autre_secteur,True,Appartement,72.0,2.0,2.0,4.0,4270000.0,1,1,1,4.0
Meknes,autre_secteur,True,Appartement,76.0,2.0,2.0,2.0,2490000.0,1,1,1,2.0
Meknes,riad_toulal,False,Appartement,74.0,2.0,2.0,3.0,3400000.0,1,1,1,3.0
Meknes,autre_secteur,True,Appartement,74.0,3.0,2.0,2.0,2295000.0,1,1,1,2.0
Meknes,marjane_2,False,Appartement,98.0,3.0,2.0,6.0,6600000.0,1,1,1,6.0
Meknes,autre_secteur,True,Appartement,72.0,2.0,1.0,1.0,1440000.0,1,1,1,1.0
Meknes,autre_secteur,True,Appartement,84.0,3.0,2.0,1.0,1420000.0,1,1,1,1.0
Meknes,bourj_moulay_omar,False,Appartement,115.0,2.0,1.0,8.0,8650000.0,1,1,1,8.0
Meknes,autre_secteur,True,Appartement,86.0,3.0,2.0,1.0,1420000.0,1,1,1,1.0
Meknes,marjane_2,False,Appartement,60.0,3.0,1.0,0.0,270000.0,1,1,1,0.0
Meknes,hamria,False,Appartement,120.0,3.0,2.0,4.0,4750000.0,1,1,1,4.0
Meknes,autre_secteur,True,Appartement,85.0,3.0,2.0,1.0,1410000.0,1,1,1,1.0
Meknes,autre_secteur,True,Appartement,60.0,3.0,2.0,0.0,400000.0,1,1,1,0.0
Meknes,autre_secteur,True,Appartement,88.0,2.0,2.0,3.0,3520000.0,1,1,1,3.0
Meknes,hamria,False,Appartement,100.0,3.0,2.0,2.0,2450000.0,1,1,1,2.0
Meknes,hamria,False,Appartement,110.0,3.0,2.0,5.0,5890000.0,1,1,1,5.0
Meknes,autre_secteur,True,Appartement,130.0,3.0,3.0,0.0,480000.0,1,1,1,0.0
Meknes,hamria,False,Appartement,116.0,3.0,2.0,0.0,700000.0,1,1,1,0.0
Meknes,el_bassatine,False,Appartement,84.0,4.0,1.0,4.0,4410000.0,1,1,1,4.0
Meknes,autre_secteur,True,Appartement,94.0,3.0,2.0,2.0,2480000.0,1,1,1,2.0
Meknes,autre_secteur,True,Appartement,110.0,3.0,2.0,1.0,1520000.0,1,1,1,1.0
Meknes,autre_secteur,True,Appartement,102.0,3.0,2.0,2.0,2680000.0,1,1,1,2.0
Meknes,marjane_2,False,Appartement,86.0,3.0,3.0,1.0,11100000.0,1,0,1,1.0
Meknes,ancienne_médina,False,Appartement,80.0,2.0,2.0,0.0,380000.0,1,1,1,0.0
Meknes,marjane_2,False,Appartement,86.0,2.0,1.0,3.0,3270000.0,1,0,1,3.0
Meknes,hay_salam,False,Appartement,110.0,3.0,2.0,1.0,1780000.0,1,1,1,1.0
Meknes,riad_toulal,False,Appartement,84.0,3.0,2.0,unknown,510000.0,0,1,1,unknown
Meknes,riad_toulal,False,Appartement,108.0,3.0,2.0,2.0,2530000.0,1,1,1,2.0
Meknes,autre_secteur,True,Appartement,100.0,3.0,2.0,1.0,1540000.0,1,1,1,1.0
Meknes,autre_secteur,True,Appartement,116.0,3.0,1.0,2.0,2550000.0,1,1,1,2.0
Meknes,autre_secteur,True,Appartement,200.0,4.0,3.0,0.0,620000.0,1,1,1,0.0
Meknes,autre_secteur,True,Appartement,68.0,3.0,1.0,0.0,320000.0,1,1,1,0.0
Meknes,hamria,False,Appartement,128.0,3.0,2.0,2.0,2680000.0,1,1,1,2.0
Meknes,wislane,False,Appartement,116.0,3.0,2.0,2.0,2280000.0,1,1,1,2.0
Meknes,bourj_moulay_omar,False,Appartement,76.0,2.0,1.0,1.0,1450000.0,1,1,1,1.0
Meknes,hamria,False,Appartement,268.0,4.0,3.0,2.0,22500000.0,1,1,1,2.0
Meknes,marjane_2,False,Appartement,78.0,2.0,1.0,3.0,3600000.0,1,1,1,3.0
Meknes,riad_toulal,False,Appartement,86.0,3.0,1.0,1.0,1330000.0,1,0,1,1.0
Meknes,autre_secteur,True,Appartement,80.0,3.0,2.0,0.0,400000.0,1,1,1,0.0
Meknes,autre_secteur,True,Appartement,120.0,3.0,2.0,5.0,5630000.0,1,1,1,5.0
Meknes,autre_secteur,True,Appartement,100.0,3.0,2.0,1.0,1570000.0,1,1,1,1.0
Meknes,riad_toulal,False,Appartement,75.0,3.0,1.0,4.0,4300000.0,1,1,1,4.0
Meknes,autre_secteur,True,Appartement,86.0,3.0,2.0,0.0,400000.0,1,0,1,0.0
Meknes,marjane_2,False,Appartement,105.0,2.0,2.0,1.0,1430000.0,1,1,1,1.0
Meknes,autre_secteur,True,Appartement,167.0,4.0,1.0,2.0,2540000.0,1,1,1,2.0
Meknes,hamria,False,Appartement,86.0,2.0,2.0,4.0,4850000.0,1,0,1,4.0
Meknes,wislane,False,Appartement,86.0,2.0,1.0,1.0,1310000.0,1,0,1,1.0
Meknes,autre_secteur,True,Appartement,86.0,2.0,2.0,1.0,1320000.0,1,0,1,1.0
Meknes,autre_secteur,True,Appartement,80.0,2.0,1.0,4.0,4360000.0,1,1,1,4.0
Meknes,wislane,False,Appartement,63.0,2.0,1.0,2.0,2255000.0,1,1,1,2.0
Meknes,riad_toulal,False,Appartement,84.0,3.0,2.0,1.0,1350000.0,1,1,1,1.0
Meknes,autre_secteur,True,Appartement,60.0,2.0,1.0,3.0,3270000.0,1,1,1,3.0
Meknes,wislane,False,Appartement,68.0,2.0,0.0,3.0,3310000.0,1,1,1,3.0
Meknes,autre_secteur,True,Appartement,50.0,2.0,1.0,1.0,1220000.0,1,1,1,1.0
Meknes,riad_toulal,False,Appartement,100.0,3.0,2.0,1.0,1560000.0,1,1,1,1.0
Meknes,riad_toulal,False,Appartement,110.0,3.0,2.0,2.0,2610000.0,1,1,1,2.0
Meknes,autre_secteur,True,Appartement,68.0,3.0,1.0,2.0,2270000.0,1,1,1,2.0
Meknes,hay_salam,False,Appartement,95.0,3.0,2.0,1.0,1560000.0,1,1,1,1.0
Meknes,autre_secteur,True,Appartement,110.0,3.0,2.0,1.0,1450000.0,1,1,1,1.0
Meknes,autre_secteur,True,Appartement,86.0,3.0,1.0,0.0,420000.0,1,0,1,0.0
Meknes,autre_secteur,True,Appartement,122.0,3.0,2.0,2.0,2570000.0,1,1,1,2.0
Meknes,autre_secteur,True,Appartement,100.0,3.0,2.0,0.0,600000.0,1,1,1,0.0
Meknes,autre_secteur,True,Appartement,105.0,3.0,2.0,0.0,640000.0,1,1,1,0.0
Meknes,autre_secteur,True,Appartement,64.0,2.0,2.0,1.0,1350000.0,1,1,1,1.0
Meknes,hay_salam,False,Appartement,86.0,2.0,1.0,4.0,4350000.0,1,0,1,4.0
Meknes,riad_toulal,False,Appartement,60.0,3.0,2.0,1.0,1370000.0,1,1,1,1.0
Meknes,ville_nouvelle,False,Appartement,105.0,2.0,2.0,2.0,2670000.0,1,1,1,2.0
Meknes,hamria,False,Appartement,117.0,3.0,2.0,2.0,2930000.0,1,1,1,2.0
Meknes,hamria,False,Appartement,60.0,1.0,1.0,0.0,440000.0,1,1,1,0.0
Meknes,hamria,False,Appartement,118.0,2.0,2.0,2.0,2880000.0,1,1,1,2.0
Meknes,el_bassatine,False,Appartement,70.0,2.0,2.0,2.0,2320000.0,1,1,1,2.0
Meknes,bele_vue,False,Appartement,60.0,1.0,1.0,1.0,1200000.0,1,1,1,1.0
Meknes,marjane_2,False,Appartement,114.0,3.0,1.0,3.0,3750000.0,1,1,1,3.0
Meknes,autre_secteur,True,Appartement,110.0,3.0,2.0,1.0,1530000.0,1,1,1,1.0
Meknes,ancienne_médina,False,Appartement,86.0,3.0,2.0,0.0,400000.0,1,0,1,0.0
Meknes,wislane,False,Appartement,116.0,4.0,2.0,2.0,2280000.0,1,1,1,2.0
Meknes,marjane_2,False,Appartement,86.0,2.0,1.0,4.0,4250000.0,1,0,1,4.0
Meknes,marjane_2,False,Appartement,54.0,2.0,1.0,4.0,4250000.0,1,1,1,4.0
Meknes,el_bassatine,False,Appartement,90.0,2.0,1.0,2.0,2380000.0,1,1,1,2.0
Meknes,autre_secteur,True,Appartement,64.0,2.0,1.0,2.0,2400000.0,1,1,1,2.0
Meknes,el_bassatine,False,Appartement,110.0,3.0,2.0,3.0,3640000.0,1,1,1,3.0
Meknes,marjane_2,False,Appartement,110.0,3.0,2.0,2.0,2540000.0,1,1,1,2.0
Meknes,hamria,False,Appartement,116.0,3.0,2.0,2.0,2850000.0,1,1,1,2.0
Meknes,autre_secteur,True,Appartement,86.0,2.0,1.0,1.0,1330000.0,1,0,1,1.0
Meknes,autre_secteur,True,Appartement,94.0,3.0,2.0,1.0,1490000.0,1,1,1,1.0
Meknes,marjane_2,False,Appartement,132.0,3.0,3.0,2.0,2660000.0,1,1,1,2.0
Meknes,hamria,False,Appartement,202.0,3.0,2.0,1.0,11500000.0,1,1,1,1.0
Meknes,autre_secteur,True,Appartement,103.0,2.0,2.0,3.0,3620000.0,1,1,1,3.0
Meknes,autre_secteur,True,Appartement,100.0,3.0,2.0,0.0,580000.0,1,1,1,0.0
Meknes,marjane_2,False,Appartement,69.0,3.0,0.0,0.0,285000.0,1,1,1,0.0
Meknes,autre_secteur,True,Appartement,86.0,2.0,2.0,1.0,1220000.0,1,0,1,1.0
Meknes,el_bassatine,False,Appartement,60.0,2.0,1.0,2.0,2200000.0,1,1,1,2.0
Meknes,autre_secteur,True,Appartement,80.0,2.0,1.0,2.0,2365000.0,1,1,1,2.0
Meknes,autre_secteur,True,Appartement,86.0,2.0,1.0,0.0,290000.0,1,0,1,0.0
Meknes,autre_secteur,True,Appartement,60.0,3.0,1.0,1.0,1360000.0,1,1,1,1.0
Meknes,autre_secteur,True,Appartement,55.0,2.0,1.0,4.0,4240000.0,1,1,1,4.0
Meknes,autre_secteur,True,Appartement,112.0,3.0,2.0,1.0,1700000.0,1,1,1,1.0
Meknes,autre_secteur,True,Appartement,127.0,3.0,2.0,1.0,1820000.0,1,1,1,1.0
Meknes,el_bassatine,False,Appartement,100.0,2.0,1.0,0.0,450000.0,1,1,1,0.0
Meknes,marjane_2,False,Appartement,64.0,2.0,1.0,3.0,3270000.0,1,1,1,3.0
Meknes,hamria,False,Appartement,116.0,3.0,2.0,2.0,2840000.0,1,1,1,2.0
Meknes,autre_secteur,True,Appartement,83.0,2.0,2.0,4.0,4620000.0,1,1,1,4.0
Meknes,autre_secteur,True,Appartement,81.0,3.0,2.0,1.0,1280000.0,1,1,1,1.0
Meknes,autre_secteur,True,Appartement,110.0,3.0,2.0,2.0,2630000.0,1,1,1,2.0
Meknes,zerhounia,False,Appartement,96.0,2.0,1.0,1.0,1480000.0,1,1,1,1.0
Meknes,hamria,False,Appartement,118.0,3.0,3.0,4.0,4880000.0,1,1,1,4.0
Meknes,el_bassatine,False,Appartement,86.0,2.0,1.0,1.0,1260000.0,1,0,1,1.0
Meknes,autre_secteur,True,Appartement,63.0,3.0,2.0,0.0,390000.0,1,1,1,0.0
Meknes,marjane_2,False,Appartement,95.0,3.0,2.0,2.0,2510000.0,1,1,1,2.0
Meknes,autre_secteur,True,Appartement,80.0,2.0,2.0,4.0,4400000.0,1,1,1,4.0
Meknes,autre_secteur,True,Appartement,123.0,2.0,2.0,4.0,4860000.0,1,1,1,4.0
Meknes,hay_salam,False,Appartement,86.0,2.0,1.0,4.0,4370000.0,1,0,1,4.0
Meknes,hamria,False,Appartement,118.0,3.0,3.0,5.0,5825000.0,1,1,1,5.0
Meknes,hamria,False,Appartement,85.0,2.0,2.0,6.0,6700000.0,1,1,1,6.0
Meknes,ancienne_médina,False,Appartement,64.0,2.0,2.0,1.0,1370000.0,1,1,1,1.0
Meknes,autre_secteur,True,Appartement,70.0,2.0,1.0,2.0,2350000.0,1,1,1,2.0
Meknes,ville_nouvelle,False,Appartement,86.0,2.0,1.0,2.0,2470000.0,1,1,1,2.0
Meknes,autre_secteur,True,Appartement,134.0,3.0,2.0,6.0,6890000.0,1,1,1,6.0
Meknes,autre_secteur,True,Appartement,134.0,3.0,2.0,2.0,2850000.0,1,1,1,2.0
Meknes,ville_nouvelle,False,Appartement,107.0,2.0,3.0,5.0,5800000.0,1,1,1,5.0
Meknes,wislane,False,Appartement,60.0,2.0,2.0,2.0,2300000.0,1,1,1,2.0
Meknes,autre_secteur,True,Appartement,86.0,3.0,2.0,1.0,1560000.0,1,0,1,1.0
Meknes,autre_secteur,True,Appartement,70.0,3.0,1.0,3.0,3380000.0,1,1,1,3.0
Meknes,autre_secteur,True,Appartement,110.0,3.0,1.0,1.0,1550000.0,1,1,1,1.0
Meknes,marjane_2,False,Appartement,60.0,2.0,1.0,2.0,2290000.0,1,1,1,2.0
Meknes,autre_secteur,True,Appartement,60.0,2.0,2.0,2.0,2330000.0,1,1,1,2.0
Meknes,wislane,False,Appartement,86.0,2.0,1.0,1.0,1200000.0,1,0,1,1.0
Kenitra,centre,True,Appartement,170.0,3.0,2.0,1.0,11460000.0,1,1,1,1.0
Kenitra,val_fleury,False,Appartement,62.0,2.0,2.0,2.0,2680000.0,1,1,1,2.0
Kenitra,centre,True,Appartement,52.0,1.0,1.0,3.0,3750000.0,1,1,1,3.0
Kenitra,alliance,False,Appartement,150.0,3.0,2.0,3.0,3870000.0,1,1,1,3.0
Kenitra,alliance,False,Appartement,130.0,3.0,2.0,1.0,1750000.0,1,1,1,1.0
Kenitra,bir_rami,False,Appartement,80.0,2.0,2.0,1.0,1490000.0,1,1,1,1.0
Kenitra,centre,True,Appartement,77.0,1.0,1.0,1.0,1890000.0,1,1,1,1.0
Kenitra,mimosas,False,Appartement,87.0,3.0,1.0,6.0,6950000.0,1,1,1,6.0
Kenitra,centre,True,Appartement,52.0,1.0,1.0,4.0,4750000.0,1,1,1,4.0
Kenitra,alliance,False,Appartement,84.0,2.0,2.0,1.0,1660000.0,1,1,1,1.0
Kenitra,alliance,False,Appartement,80.0,3.0,2.0,2.0,2680000.0,1,1,1,2.0
Kenitra,bir_rami,False,Appartement,80.0,3.0,1.0,4.0,4530000.0,1,1,1,4.0
Kenitra,bir_rami_est,False,Appartement,70.0,2.0,1.0,1.0,1480000.0,1,1,1,1.0
Kenitra,val_fleury,False,Appartement,115.0,3.0,2.0,1.0,1920000.0,1,1,1,1.0
Kenitra,mimosas,False,Appartement,195.0,3.0,1.0,0.0,780000.0,1,1,1,0.0
Kenitra,maamora,False,Appartement,77.0,2.0,1.0,6.0,6750000.0,1,1,1,6.0
Kenitra,el_haddada,False,Appartement,67.0,2.0,1.0,2.0,2420000.0,1,1,1,2.0
Kenitra,maamora,False,Appartement,95.0,3.0,2.0,0.0,1250000.0,1,1,1,0.0
Kenitra,bir_rami_industriel,False,Appartement,126.0,3.0,2.0,3.0,3880000.0,1,1,1,3.0
Kenitra,el_haddada,False,Appartement,68.0,1.0,1.0,0.0,400000.0,1,1,1,0.0
Kenitra,ouled_oujih,False,Appartement,184.0,2.0,1.0,2.0,2650000.0,1,1,1,2.0
Kenitra,bir_rami,False,Appartement,60.0,2.0,1.0,3.0,3540000.0,1,1,1,3.0
Kenitra,centre,True,Appartement,160.0,3.0,2.0,1.0,11300000.0,1,1,1,1.0
Kenitra,la_ville_haute,False,Appartement,146.0,4.0,1.0,3.0,3980000.0,1,1,1,3.0
Kenitra,centre,True,Appartement,62.0,1.0,1.0,0.0,690000.0,1,1,1,0.0
Kenitra,centre,True,Appartement,98.0,2.0,2.0,0.0,1190000.0,1,1,1,0.0
Kenitra,alliance,False,Appartement,86.0,3.0,2.0,2.0,2690000.0,1,1,1,2.0
Kenitra,mimosas,False,Appartement,81.0,3.0,2.0,2.0,1300000.0,1,0,1,2.0
Kenitra,bir_rami,False,Appartement,85.0,2.0,2.0,0.0,770000.0,1,1,1,0.0
Kenitra,al_maghrib_al_arabi,False,Appartement,96.0,2.0,2.0,3.0,3890000.0,1,1,1,3.0
Kenitra,val_fleury,False,Appartement,119.0,3.0,1.0,2.0,2920000.0,1,1,1,2.0
Kenitra,val_fleury,False,Appartement,68.0,2.0,2.0,3.0,3760000.0,1,1,1,3.0
Kenitra,centre,True,Appartement,103.0,3.0,2.0,4.0,4960000.0,1,1,1,4.0
Kenitra,maamora,False,Appartement,100.0,2.0,2.0,6.0,6840000.0,1,1,1,6.0
Kenitra,bir_rami,False,Appartement,81.0,2.0,1.0,1.0,1500000.0,1,0,1,1.0
Kenitra,el_haddada,False,Appartement,92.0,3.0,2.0,3.0,3840000.0,1,1,1,3.0
Kenitra,alliance,False,Appartement,75.0,2.0,1.0,1.0,1550000.0,1,1,1,1.0
Kenitra,ouled_oujih,False,Appartement,68.0,2.0,1.0,2.0,2498000.0,1,1,1,2.0
Kenitra,mimosas,False,Appartement,196.0,3.0,1.0,0.0,900000.0,1,1,1,0.0
Kenitra,centre,True,Appartement,127.0,2.0,2.0,0.0,1290000.0,1,1,1,0.0
Kenitra,centre,True,Appartement,56.0,1.0,1.0,2.0,2790000.0,1,1,1,2.0
Kenitra,bir_rami,False,Appartement,70.0,2.0,1.0,1.0,1420000.0,1,1,1,1.0
Kenitra,alliance,False,Appartement,115.0,3.0,2.0,1.0,1840000.0,1,1,1,1.0
Kenitra,alliance,False,Appartement,81.0,3.0,2.0,3.0,3870000.0,1,0,1,3.0
Kenitra,alliance,False,Appartement,110.0,3.0,2.0,2.0,2840000.0,1,1,1,2.0
Kenitra,centre,True,Appartement,88.0,1.0,1.0,0.0,890000.0,1,1,1,0.0
Kenitra,autre_secteur,True,Appartement,64.0,2.0,1.0,4.0,4750000.0,1,1,1,4.0
Kenitra,autre_secteur,True,Appartement,90.0,2.0,2.0,0.0,720000.0,1,1,1,0.0
Kenitra,centre,True,Appartement,56.0,1.0,1.0,3.0,3790000.0,1,1,1,3.0
Kenitra,alliance,False,Appartement,84.0,2.0,1.0,2.0,2590000.0,1,1,1,2.0
Kenitra,centre,True,Appartement,134.0,3.0,2.0,1.0,11650000.0,1,1,1,1.0
Kenitra,bir_rami,False,Appartement,100.0,3.0,1.0,1.0,1590000.0,1,1,1,1.0
Kenitra,fouarate,False,Appartement,62.0,2.0,1.0,2.0,2398000.0,1,1,1,2.0
Kenitra,fouarate,False,Appartement,84.0,3.0,1.0,2.0,2560000.0,1,1,1,2.0
Kenitra,ouled_oujih,False,Appartement,64.0,2.0,1.0,3.0,3480000.0,1,1,1,3.0
Kenitra,centre,True,Appartement,56.0,1.0,1.0,4.0,4790000.0,1,1,1,4.0
Kenitra,autre_secteur,True,Appartement,70.0,2.0,1.0,4.0,4670000.0,1,1,1,4.0
Kenitra,bir_rami,False,Appartement,61.0,2.0,1.0,1.0,1350000.0,1,1,1,1.0
Kenitra,centre,True,Appartement,215.0,2.0,1.0,0.0,1600000.0,1,1,1,0.0
Kenitra,centre,True,Appartement,92.0,2.0,2.0,2.0,2960000.0,1,1,1,2.0
Kenitra,al_maghrib_al_arabi,False,Appartement,68.0,2.0,1.0,3.0,3545000.0,1,1,1,3.0
Kenitra,assam,False,Appartement,56.0,1.0,1.0,1.0,1260000.0,1,1,1,1.0
Kenitra,assam,False,Appartement,50.0,1.0,1.0,2.0,2260000.0,1,1,1,2.0
Kenitra,maamora,False,Appartement,228.0,3.0,3.0,0.0,1450000.0,1,1,1,0.0
Kenitra,la_ville_haute,False,Appartement,109.0,3.0,2.0,2.0,2990000.0,1,1,1,2.0
Kenitra,bir_rami,False,Appartement,56.0,2.0,0.0,1.0,1370000.0,1,1,1,1.0
Kenitra,ouled_oujih,False,Appartement,81.0,2.0,1.0,2.0,2630000.0,1,0,1,2.0
Kenitra,taïbia,False,Appartement,65.0,2.0,1.0,2.0,2450000.0,1,1,1,2.0
Kenitra,centre,True,Appartement,138.0,3.0,2.0,2.0,2980000.0,1,1,1,2.0
Kenitra,alliance,False,Appartement,90.0,2.0,1.0,1.0,1640000.0,1,1,1,1.0
Kenitra,bir_rami,False,Appartement,52.0,2.0,1.0,1.0,1380000.0,1,1,1,1.0
Kenitra,alliance,False,Appartement,132.0,2.0,2.0,0.0,700000.0,1,1,1,0.0
Kenitra,centre,True,Appartement,113.0,3.0,2.0,2.0,2960000.0,1,1,1,2.0
Kenitra,autre_secteur,True,Appartement,80.0,3.0,2.0,3.0,3750000.0,1,1,1,3.0
Kenitra,alliance,False,Appartement,54.0,2.0,1.0,1.0,1360000.0,1,1,1,1.0
Kenitra,centre,True,Appartement,82.0,2.0,1.0,5.0,5840000.0,1,1,1,5.0
Kenitra,val_fleury,False,Appartement,116.0,3.0,2.0,3.0,3920000.0,1,1,1,3.0
Kenitra,alliance,False,Appartement,64.0,2.0,1.0,3.0,3450000.0,1,1,1,3.0
Kenitra,autre_secteur,True,Appartement,87.0,2.0,1.0,3.0,3500000.0,1,1,1,3.0
Kenitra,bir_rami,False,Appartement,66.0,2.0,1.0,2.0,2330000.0,1,1,1,2.0
Kenitra,alliance,False,Appartement,56.0,2.0,1.0,3.0,3220000.0,1,1,1,3.0
Kenitra,bir_rami,False,Appartement,74.0,2.0,1.0,0.0,310000.0,1,1,1,0.0
Kenitra,autre_secteur,True,Appartement,60.0,4.0,1.0,1.0,1380000.0,1,1,1,1.0
Kenitra,assam,False,Appartement,55.0,2.0,2.0,4.0,4395000.0,1,1,1,4.0
Kenitra,la_ville_haute,False,Appartement,105.0,1.0,2.0,3.0,3750000.0,1,1,1,3.0
Kenitra,centre,True,Appartement,144.0,3.0,2.0,0.0,940000.0,1,1,1,0.0
Kenitra,mimosas,False,Appartement,119.0,2.0,2.0,1.0,11100000.0,1,1,1,1.0
Kenitra,bir_rami,False,Appartement,71.0,2.0,1.0,0.0,440000.0,1,1,1,0.0
Kenitra,mimosas,False,Appartement,117.0,2.0,2.0,1.0,11000000.0,1,1,1,1.0
Kenitra,mimosas,False,Appartement,117.0,2.0,2.0,0.0,1000000.0,1,1,1,0.0
Kenitra,alliance,False,Appartement,108.0,2.0,2.0,1.0,1840000.0,1,1,1,1.0
Kenitra,alliance,False,Appartement,75.0,2.0,1.0,2.0,2550000.0,1,1,1,2.0
Kenitra,autre_secteur,True,Appartement,62.0,2.0,2.0,1.0,1750000.0,1,1,1,1.0
Kenitra,el_haddada,False,Appartement,81.0,2.0,1.0,1.0,1620000.0,1,0,0,1.0
Kenitra,mimosas,False,Appartement,96.0,3.0,2.0,4.0,4850000.0,1,1,1,4.0
Kenitra,alliance,False,Appartement,70.0,2.0,0.0,1.0,1550000.0,1,1,1,1.0
Kenitra,alliance,False,Appartement,54.0,2.0,1.0,3.0,3250000.0,1,1,1,3.0
Kenitra,ouled_arfa,False,Appartement,68.0,2.0,1.0,1.0,1350000.0,1,1,1,1.0
Kenitra,val_fleury,False,Appartement,58.0,1.0,1.0,3.0,3560000.0,1,1,1,3.0
Kenitra,autre_secteur,True,Appartement,72.0,3.0,1.0,2.0,2350000.0,1,1,1,2.0
Kenitra,la_ville_haute,False,Appartement,81.0,3.0,2.0,5.0,1320000.0,1,0,1,5.0
Kenitra,val_fleury,False,Appartement,81.0,2.0,2.0,0.0,720000.0,1,0,1,0.0
Kenitra,maamora,False,Appartement,70.0,1.0,1.0,3.0,3690000.0,1,1,1,3.0
Kenitra,autre_secteur,True,Appartement,96.0,3.0,2.0,1.0,1480000.0,1,1,1,1.0
Kenitra,bir_rami,False,Appartement,100.0,2.0,1.0,0.0,600000.0,1,1,1,0.0
Kenitra,val_fleury,False,Appartement,80.0,2.0,2.0,3.0,3880000.0,1,1,1,3.0
Kenitra,saknia,False,Appartement,80.0,2.0,1.0,4.0,4915000.0,1,1,1,4.0
Kenitra,al_maghrib_al_arabi,False,Appartement,76.0,2.0,1.0,4.0,4460000.0,1,1,1,4.0
Kenitra,ouled_oujih,False,Appartement,55.0,3.0,1.0,4.0,4250000.0,1,1,1,4.0
Kenitra,el_ismailia,False,Appartement,86.0,2.0,1.0,2.0,2480000.0,1,1,1,2.0
Kenitra,ouled_arfa,False,Appartement,81.0,3.0,2.0,2.0,2750000.0,1,0,1,2.0
Kenitra,alliance,False,Appartement,54.0,2.0,1.0,3.0,3190000.0,1,1,1,3.0
Kenitra,alliance,False,Appartement,54.0,2.0,1.0,0.0,280000.0,1,1,1,0.0
Kenitra,mimosas,False,Appartement,170.0,3.0,2.0,0.0,860000.0,1,1,1,0.0
Kenitra,saknia,False,Appartement,72.0,2.0,0.0,2.0,2460000.0,1,1,1,2.0
Kenitra,alliance,False,Appartement,132.0,3.0,2.0,1.0,1790000.0,1,1,1,1.0
Kenitra,bir_rami,False,Appartement,75.0,2.0,2.0,2.0,2720000.0,1,1,1,2.0
Kenitra,maamora,False,Appartement,81.0,3.0,2.0,5.0,1200000.0,1,0,1,5.0
Kenitra,bir_rami,False,Appartement,88.0,2.0,1.0,1.0,1670000.0,1,1,1,1.0
Kenitra,al_maghrib_al_arabi,False,Appartement,92.0,2.0,1.0,0.0,470000.0,1,1,1,0.0
Kenitra,al_maghrib_al_arabi,False,Appartement,67.0,2.0,2.0,3.0,3480000.0,1,1,1,3.0
Kenitra,autre_secteur,True,Appartement,81.0,2.0,2.0,1.0,1670000.0,1,0,1,1.0
Kenitra,autre_secteur,True,Appartement,62.0,2.0,1.0,0.0,300000.0,1,1,1,0.0
Kenitra,autre_secteur,True,Appartement,68.0,2.0,2.0,3.0,3560000.0,1,1,1,3.0
Kenitra,el_haddada,False,Appartement,85.0,2.0,1.0,unknown,550000.0,0,1,1,unknown
Kenitra,la_ville_haute,False,Appartement,127.0,3.0,1.0,1.0,1890000.0,1,1,1,1.0
Kenitra,alliance,False,Appartement,71.0,2.0,1.0,3.0,3500000.0,1,1,1,3.0
Kenitra,alliance,False,Appartement,90.0,2.0,2.0,2.0,2630000.0,1,1,1,2.0
Kenitra,alliance,False,Appartement,81.0,3.0,1.0,1.0,1800000.0,1,0,0,1.0
Kenitra,bir_rami,False,Appartement,60.0,2.0,1.0,1.0,1350000.0,1,1,1,1.0
Kenitra,bir_rami,False,Appartement,63.0,2.0,1.0,1.0,1350000.0,1,1,1,1.0
Kenitra,mimosas,False,Appartement,81.0,3.0,2.0,2.0,1700000.0,1,0,1,2.0
Kenitra,la_ville_haute,False,Appartement,135.0,3.0,1.0,1.0,1890000.0,1,1,1,1.0
Kenitra,bir_rami,False,Appartement,95.0,2.0,2.0,3.0,3880000.0,1,1,1,3.0
Kenitra,autre_secteur,True,Appartement,81.0,2.0,1.0,4.0,4320000.0,1,0,1,4.0
Kenitra,centre,True,Appartement,134.0,3.0,2.0,0.0,880000.0,1,1,1,0.0
Kenitra,autre_secteur,True,Appartement,81.0,2.0,1.0,4.0,4300000.0,1,0,0,4.0
Kenitra,alliance,False,Appartement,90.0,2.0,2.0,0.0,650000.0,1,1,1,0.0
Kenitra,alliance,False,Appartement,90.0,2.0,2.0,1.0,1660000.0,1,1,1,1.0
Kenitra,centre,True,Appartement,135.0,3.0,2.0,0.0,840000.0,1,1,1,0.0
Kenitra,centre,True,Appartement,279.0,3.0,2.0,0.0,2200000.0,1,1,1,0.0
Kenitra,el_haddada,False,Appartement,125.0,3.0,2.0,3.0,3850000.0,1,1,1,3.0
Kenitra,la_ville_haute,False,Appartement,90.0,2.0,1.0,1.0,1740000.0,1,1,1,1.0
Kenitra,saknia,False,Appartement,60.0,2.0,1.0,1.0,1440000.0,1,1,1,1.0
Kenitra,centre,True,Appartement,75.0,2.0,2.0,6.0,6790000.0,1,1,1,6.0
Kenitra,ouled_oujih,False,Appartement,100.0,3.0,2.0,1.0,1720000.0,1,1,1,1.0
Kenitra,bir_rami,False,Appartement,90.0,3.0,2.0,2.0,2490000.0,1,1,1,2.0
Kenitra,alliance,False,Appartement,81.0,2.0,1.0,4.0,4180000.0,1,0,1,4.0
Kenitra,maamora,False,Appartement,138.0,3.0,2.0,1.0,11300000.0,1,1,1,1.0
Kenitra,autre_secteur,True,Appartement,64.0,2.0,2.0,0.0,430000.0,1,1,1,0.0
Kenitra,bir_rami,False,Appartement,78.0,2.0,1.0,1.0,1380000.0,1,1,1,1.0
Kenitra,seyad,False,Appartement,68.0,2.0,1.0,2.0,2530000.0,1,1,1,2.0
Kenitra,seyad,False,Appartement,126.0,2.0,1.0,0.0,650000.0,1,1,1,0.0
Kenitra,bir_rami_est,False,Appartement,100.0,3.0,2.0,1.0,1590000.0,1,1,1,1.0
Kenitra,alliance,False,Appartement,78.0,3.0,1.0,3.0,3560000.0,1,1,1,3.0
Kenitra,la_ville_haute,False,Appartement,85.0,2.0,1.0,3.0,3750000.0,1,1,1,3.0
Kenitra,val_fleury,False,Appartement,112.0,3.0,2.0,3.0,3960000.0,1,1,1,3.0
Kenitra,alliance,False,Appartement,56.0,2.0,1.0,0.0,290000.0,1,1,1,0.0
Kenitra,saknia,False,Appartement,60.0,1.0,2.0,2.0,2360000.0,1,1,1,2.0
Kenitra,kasbat_al_mahdia,False,Appartement,49.0,2.0,1.0,4.0,4200000.0,1,1,1,4.0
Kenitra,autre_secteur,True,Appartement,60.0,2.0,1.0,4.0,4480000.0,1,1,1,4.0
Kenitra,kasbat_al_mahdia,False,Appartement,49.0,2.0,1.0,4.0,4230000.0,1,1,1,4.0
Kenitra,ouled_oujih,False,Appartement,73.0,2.0,1.0,3.0,3460000.0,1,1,1,3.0
Kenitra,alliance,False,Appartement,90.0,2.0,2.0,0.0,540000.0,1,1,1,0.0
Kenitra,bir_rami,False,Appartement,64.0,2.0,1.0,2.0,2330000.0,1,1,1,2.0
Kenitra,la_ville_haute,False,Appartement,167.0,3.0,2.0,0.0,1150000.0,1,1,1,0.0
Kenitra,al_maghrib_al_arabi,False,Appartement,60.0,1.0,1.0,0.0,370000.0,1,1,1,0.0
Kenitra,centre,True,Appartement,93.0,2.0,1.0,5.0,5790000.0,1,1,1,5.0
Kenitra,el_haddada,False,Appartement,100.0,3.0,2.0,0.0,550000.0,1,1,1,0.0
Kenitra,saknia,False,Appartement,70.0,2.0,1.0,1.0,1420000.0,1,1,1,1.0
Kenitra,centre,True,Appartement,100.0,3.0,2.0,8.0,811000.0,1,1,1,8.0
Kenitra,la_ville_haute,False,Appartement,137.0,3.0,2.0,1.0,11450000.0,1,1,1,1.0
Kenitra,saknia,False,Appartement,81.0,2.0,1.0,1.0,1350000.0,1,0,1,1.0
Kenitra,alliance,False,Appartement,54.0,2.0,1.0,1.0,1220000.0,1,1,1,1.0
Kenitra,alliance,False,Appartement,54.0,2.0,1.0,3.0,3200000.0,1,1,1,3.0
Kenitra,autre_secteur,True,Appartement,81.0,2.0,1.0,1.0,1670000.0,1,0,0,1.0
Kenitra,alliance,False,Appartement,80.0,2.0,1.0,3.0,3450000.0,1,1,1,3.0
Kenitra,ouled_oujih,False,Appartement,92.0,3.0,2.0,4.0,4620000.0,1,1,1,4.0
Kenitra,el_haddada,False,Appartement,81.0,1.0,1.0,0.0,550000.0,1,0,0,0.0
Kenitra,centre,True,Appartement,102.0,3.0,2.0,3.0,3720000.0,1,1,1,3.0
Kenitra,centre,True,Appartement,58.0,2.0,2.0,0.0,610000.0,1,1,1,0.0
Kenitra,val_fleury,False,Appartement,101.0,2.0,2.0,0.0,730000.0,1,1,1,0.0
Kenitra,mimosas,False,Appartement,134.0,3.0,2.0,1.0,1950000.0,1,1,1,1.0
Kenitra,val_fleury,False,Appartement,109.0,2.0,2.0,3.0,3960000.0,1,1,1,3.0
Kenitra,alliance,False,Appartement,110.0,3.0,2.0,1.0,1800000.0,1,1,1,1.0
Kenitra,bir_rami,False,Appartement,59.0,2.0,0.0,4.0,4420000.0,1,1,1,4.0
Kenitra,taïbia,False,Appartement,70.0,2.0,2.0,1.0,1470000.0,1,1,1,1.0
Kenitra,bir_rami,False,Appartement,80.0,3.0,2.0,1.0,1590000.0,1,1,1,1.0
Kenitra,al_maghrib_al_arabi,False,Appartement,86.0,2.0,2.0,3.0,3950000.0,1,1,1,3.0
Kenitra,autre_secteur,True,Appartement,104.0,3.0,2.0,2.0,2936000.0,1,1,1,2.0
Kenitra,saknia,False,Appartement,65.0,2.0,1.0,2.0,2510000.0,1,1,1,2.0
Kenitra,alliance,False,Appartement,90.0,2.0,1.0,0.0,800000.0,1,1,1,0.0
Kenitra,alliance,False,Appartement,110.0,3.0,2.0,2.0,2800000.0,1,1,1,2.0
Kenitra,taïbia,False,Appartement,100.0,2.0,1.0,1.0,1540000.0,1,1,1,1.0
Kenitra,el_haddada,False,Appartement,96.0,3.0,2.0,4.0,4820000.0,1,1,1,4.0
Kenitra,el_haddada,False,Appartement,120.0,3.0,2.0,2.0,2960000.0,1,1,1,2.0
Kenitra,la_ville_haute,False,Appartement,150.0,3.0,1.0,1.0,11150000.0,1,1,0,1.0
Kenitra,alliance,False,Appartement,76.0,3.0,2.0,4.0,4620000.0,1,1,1,4.0
Kenitra,autre_secteur,True,Appartement,56.0,2.0,1.0,0.0,2600000.0,1,1,1,0.0
Kenitra,bir_rami,False,Appartement,64.0,2.0,1.0,4.0,4394500.0,1,1,1,4.0
Kenitra,autre_secteur,True,Appartement,68.0,2.0,1.0,2.0,2460000.0,1,1,1,2.0
Kenitra,al_maghrib_al_arabi,False,Appartement,84.0,2.0,1.0,2.0,2540000.0,1,1,1,2.0
Kenitra,mimosas,False,Appartement,81.0,3.0,2.0,2.0,1000000.0,1,0,1,2.0
Kenitra,autre_secteur,True,Appartement,60.0,2.0,2.0,0.0,3900000.0,1,1,1,0.0
Kenitra,ouled_oujih,False,Appartement,110.0,3.0,2.0,1.0,1790000.0,1,1,1,1.0
Kenitra,val_fleury,False,Appartement,144.0,3.0,2.0,0.0,940000.0,1,1,1,0.0
Kenitra,bir_rami,False,Appartement,100.0,3.0,2.0,1.0,1670000.0,1,1,1,1.0
Kenitra,al_maghrib_al_arabi,False,Appartement,94.0,2.0,2.0,2.0,2660000.0,1,1,1,2.0
Kenitra,mimosas,False,Appartement,195.0,3.0,2.0,0.0,900000.0,1,1,1,0.0
Kenitra,la_ville_haute,False,Appartement,246.0,4.0,4.0,2.0,22300000.0,1,1,1,2.0
Kenitra,alliance,False,Appartement,60.0,2.0,1.0,1.0,1520000.0,1,1,1,1.0
Kenitra,seyad,False,Appartement,69.0,2.0,2.0,2.0,2600000.0,1,1,1,2.0
Kenitra,maamora,False,Appartement,152.0,4.0,2.0,1.0,11230000.0,1,1,1,1.0
Kenitra,alliance,False,Appartement,81.0,3.0,1.0,2.0,2800000.0,1,0,0,2.0
Kenitra,al_maghrib_al_arabi,False,Appartement,112.0,2.0,2.0,2.0,2700000.0,1,1,1,2.0
Kenitra,al_maghrib_al_arabi,False,Appartement,86.0,1.0,0.0,1.0,1660000.0,1,1,1,1.0
Kenitra,alliance,False,Appartement,51.0,2.0,1.0,2.0,2280000.0,1,1,1,2.0
Kenitra,autre_secteur,True,Appartement,70.0,2.0,1.0,1.0,1570000.0,1,1,1,1.0
Kenitra,alliance,False,Appartement,84.0,3.0,2.0,3.0,3560000.0,1,1,1,3.0
Kenitra,autre_secteur,True,Appartement,80.0,2.0,1.0,4.0,4750000.0,1,1,1,4.0
Kenitra,val_fleury,False,Appartement,144.0,2.0,2.0,0.0,840000.0,1,1,1,0.0
Kenitra,autre_secteur,True,Appartement,50.0,2.0,1.0,1.0,1220000.0,1,1,1,1.0
Kenitra,bir_rami,False,Appartement,88.0,2.0,1.0,2.0,2520000.0,1,1,1,2.0
Kenitra,alliance,False,Appartement,81.0,3.0,2.0,1.0,1950000.0,1,0,1,1.0
Kenitra,ouled_oujih,False,Appartement,93.0,2.0,2.0,2.0,2780000.0,1,1,1,2.0
Kenitra,alliance,False,Appartement,56.0,2.0,1.0,0.0,230000.0,1,1,1,0.0
Kenitra,mimosas,False,Appartement,143.0,3.0,2.0,1.0,11130000.0,1,1,1,1.0
Kenitra,centre,True,Appartement,116.0,3.0,2.0,4.0,4860000.0,1,1,1,4.0
Kenitra,kasbat_al_mahdia,False,Appartement,50.0,2.0,1.0,2.0,2220000.0,1,1,1,2.0
Kenitra,la_ville_haute,False,Appartement,80.0,2.0,2.0,2.0,2690000.0,1,1,1,2.0
Kenitra,al_maghrib_al_arabi,False,Appartement,107.0,3.0,2.0,1.0,1780000.0,1,1,1,1.0
Kenitra,ouled_oujih,False,Appartement,112.0,3.0,2.0,2.0,2620000.0,1,1,1,2.0
Kenitra,centre,True,Appartement,120.0,3.0,2.0,4.0,4900000.0,1,1,1,4.0
Kenitra,al_maghrib_al_arabi,False,Appartement,75.0,3.0,2.0,2.0,2480000.0,1,1,1,2.0
Kenitra,al_maghrib_al_arabi,False,Appartement,65.0,2.0,1.0,3.0,3500000.0,1,1,1,3.0
Kenitra,mimosas,False,Appartement,143.0,3.0,3.0,0.0,1230000.0,1,1,1,0.0
Kenitra,alliance,False,Appartement,84.0,2.0,2.0,1.0,1640000.0,1,1,1,1.0
Kenitra,alliance,False,Appartement,54.0,2.0,1.0,1.0,1180000.0,1,1,1,1.0
Kenitra,el_haddada,False,Appartement,92.0,2.0,1.0,1.0,1770000.0,1,1,1,1.0
Kenitra,bir_rami,False,Appartement,90.0,2.0,1.0,0.0,570000.0,1,1,1,0.0
Kenitra,la_ville_haute,False,Appartement,220.0,4.0,4.0,1.0,12300000.0,1,1,1,1.0
Kenitra,bir_rami,False,Appartement,60.0,2.0,1.0,1.0,1320000.0,1,1,1,1.0
Kenitra,alliance,False,Appartement,60.0,2.0,1.0,1.0,1320000.0,1,1,1,1.0
Kenitra,alliance,False,Appartement,78.0,2.0,2.0,1.0,1580000.0,1,1,1,1.0
Kenitra,maamora,False,Appartement,103.0,2.0,2.0,3.0,3950000.0,1,1,1,3.0
Kenitra,centre,True,Appartement,95.0,2.0,2.0,5.0,5930000.0,1,1,1,5.0
Kenitra,bir_rami,False,Appartement,65.0,2.0,1.0,4.0,4396000.0,1,1,1,4.0
Kenitra,alliance,False,Appartement,54.0,2.0,1.0,4.0,4190000.0,1,1,1,4.0
Kenitra,maamora,False,Appartement,124.0,3.0,1.0,4.0,4800000.0,1,1,1,4.0
Kenitra,autre_secteur,True,Appartement,94.0,2.0,2.0,1.0,1620000.0,1,1,1,1.0
Kenitra,alliance,False,Appartement,96.0,3.0,1.0,unknown,760000.0,0,1,1,unknown
Kenitra,mimosas,False,Appartement,196.0,3.0,1.0,0.0,920000.0,1,1,1,0.0
Kenitra,bir_rami,False,Appartement,82.0,2.0,2.0,1.0,1360000.0,1,1,1,1.0
Kenitra,bir_rami,False,Appartement,62.0,2.0,1.0,1.0,1320000.0,1,1,1,1.0
Kenitra,bir_rami,False,Appartement,90.0,3.0,1.0,2.0,2580000.0,1,1,1,2.0
Kenitra,seyad,False,Appartement,72.0,2.0,1.0,0.0,560000.0,1,1,1,0.0
Kenitra,ouled_oujih,False,Appartement,82.0,2.0,1.0,2.0,2490000.0,1,1,1,2.0
Kenitra,bir_rami,False,Appartement,75.0,2.0,1.0,1.0,1360000.0,1,1,1,1.0
Kenitra,seyad,False,Appartement,104.0,3.0,2.0,1.0,1800000.0,1,1,1,1.0
Kenitra,seyad,False,Appartement,110.0,3.0,2.0,1.0,1930000.0,1,1,1,1.0
Kenitra,bir_rami,False,Appartement,90.0,3.0,2.0,0.0,490000.0,1,1,1,0.0
Kenitra,bir_rami,False,Appartement,80.0,2.0,2.0,0.0,350000.0,1,1,1,0.0
Kenitra,seyad,False,Appartement,90.0,2.0,1.0,0.0,590000.0,1,1,1,0.0
Kenitra,seyad,False,Appartement,94.0,2.0,2.0,3.0,3680000.0,1,1,1,3.0
Kenitra,seyad,False,Appartement,80.0,2.0,2.0,2.0,2610000.0,1,1,1,2.0
Kenitra,centre,True,Appartement,81.0,3.0,2.0,4.0,4860000.0,1,0,1,4.0
Kenitra,la_ville_haute,False,Appartement,81.0,3.0,2.0,2.0,1050000.0,1,0,1,2.0
Kenitra,autre_secteur,True,Appartement,68.0,2.0,1.0,2.0,2470000.0,1,1,1,2.0
Kenitra,alliance,False,Appartement,54.0,2.0,1.0,4.0,4220000.0,1,1,1,4.0
Kenitra,bir_rami,False,Appartement,62.0,2.0,1.0,2.0,2290000.0,1,1,1,2.0
Kenitra,val_fleury,False,Appartement,81.0,3.0,2.0,5.0,1300000.0,1,0,1,5.0
Kenitra,centre,True,Appartement,81.0,2.0,2.0,7.0,7600000.0,1,0,1,7.0
Kenitra,alliance,False,Appartement,104.0,2.0,1.0,2.0,2530000.0,1,1,1,2.0
Kenitra,al_maghrib_al_arabi,False,Appartement,81.0,3.0,2.0,3.0,3750000.0,1,0,1,3.0
Kenitra,bir_rami,False,Appartement,65.0,2.0,1.0,0.0,500000.0,1,1,1,0.0
Kenitra,bir_rami,False,Appartement,62.0,1.0,1.0,0.0,410000.0,1,1,1,0.0
Kenitra,bir_rami,False,Appartement,81.0,3.0,1.0,0.0,530000.0,1,0,0,0.0
Kenitra,centre,True,Appartement,85.0,2.0,1.0,3.0,3700000.0,1,1,1,3.0
Kenitra,bir_rami,False,Appartement,64.0,2.0,1.0,2.0,2300000.0,1,1,1,2.0
Kenitra,kénitra,False,Appartement,64.0,2.0,1.0,4.0,4200000.0,1,1,1,4.0
Kenitra,val_fleury,False,Appartement,117.0,2.0,1.0,0.0,800000.0,1,1,1,0.0
Kenitra,el_haddada,False,Appartement,88.0,3.0,2.0,2.0,2840000.0,1,1,1,2.0
Kenitra,autre_secteur,True,Appartement,110.0,2.0,1.0,1.0,1720000.0,1,1,1,1.0
Kenitra,bir_rami,False,Appartement,64.0,2.0,1.0,4.0,4395000.0,1,1,1,4.0
Kenitra,bir_rami,False,Appartement,60.0,2.0,1.0,3.0,3340000.0,1,1,1,3.0
Kenitra,alliance,False,Appartement,90.0,1.0,1.0,1.0,1600000.0,1,1,1,1.0
Kenitra,autre_secteur,True,Appartement,56.0,1.0,1.0,2.0,2750000.0,1,1,1,2.0
Kenitra,alliance,False,Appartement,66.0,2.0,1.0,2.0,2360000.0,1,1,1,2.0
Kenitra,el_haouzia,False,Appartement,72.0,2.0,1.0,0.0,460000.0,1,1,1,0.0
Kenitra,autre_secteur,True,Appartement,84.0,2.0,2.0,1.0,1650000.0,1,1,1,1.0
Kenitra,bir_rami,False,Appartement,66.0,2.0,1.0,2.0,2210000.0,1,1,1,2.0
Kenitra,autre_secteur,True,Appartement,70.0,2.0,1.0,0.0,610000.0,1,1,1,0.0
Kenitra,al_maghrib_al_arabi,False,Appartement,127.0,3.0,2.0,3.0,3870000.0,1,1,1,3.0
Kenitra,mimosas,False,Appartement,84.0,2.0,2.0,7.0,7900000.0,1,1,1,7.0
Kenitra,autre_secteur,True,Appartement,50.0,2.0,1.0,1.0,1260000.0,1,1,1,1.0
Kenitra,alliance,False,Appartement,130.0,2.0,2.0,3.0,3960000.0,1,1,1,3.0
Kenitra,val_fleury,False,Appartement,93.0,2.0,1.0,3.0,3690000.0,1,1,1,3.0
Kenitra,bir_rami,False,Appartement,95.0,3.0,2.0,1.0,1490000.0,1,1,1,1.0
Kenitra,bir_rami_est,False,Appartement,64.0,2.0,1.0,3.0,3400000.0,1,1,1,3.0
Kenitra,fouarate,False,Appartement,72.0,2.0,1.0,1.0,1400000.0,1,1,1,1.0
Kenitra,khabazat,False,Appartement,90.0,3.0,2.0,3.0,3580000.0,1,1,1,3.0
Kenitra,ouled_arfa,False,Appartement,69.0,2.0,1.0,3.0,3400000.0,1,1,1,3.0
Kenitra,assam,False,Appartement,80.0,2.0,2.0,3.0,3480000.0,1,1,1,3.0
Kenitra,val_fleury,False,Appartement,118.0,3.0,2.0,2.0,2890000.0,1,1,1,2.0
Kenitra,mimosas,False,Appartement,121.0,2.0,1.0,5.0,5740000.0,1,1,0,5.0
Kenitra,alliance,False,Appartement,60.0,2.0,2.0,2.0,2460000.0,1,1,1,2.0
Kenitra,mimosas,False,Appartement,107.0,3.0,2.0,3.0,3850000.0,1,1,1,3.0
Kenitra,al_maghrib_al_arabi,False,Appartement,100.0,2.0,1.0,0.0,600000.0,1,1,1,0.0
Kenitra,alliance,False,Appartement,165.0,2.0,0.0,1.0,1900000.0,1,1,1,1.0
Kenitra,assam,False,Appartement,80.0,2.0,2.0,2.0,2525000.0,1,1,1,2.0
Kenitra,alliance,False,Appartement,90.0,3.0,1.0,0.0,600000.0,1,1,1,0.0
Kenitra,alliance,False,Appartement,120.0,3.0,2.0,2.0,2840000.0,1,1,1,2.0
Kenitra,val_fleury,False,Appartement,87.0,2.0,1.0,4.0,4700000.0,1,1,1,4.0
Kenitra,bir_rami,False,Appartement,76.0,2.0,1.0,0.0,470000.0,1,1,1,0.0
Kenitra,al_maghrib_al_arabi,False,Appartement,72.0,3.0,1.0,3.0,3550000.0,1,1,1,3.0
Kenitra,mimosas,False,Appartement,87.0,2.0,2.0,3.0,3900000.0,1,1,1,3.0
Kenitra,bir_rami,False,Appartement,82.0,2.0,2.0,0.0,820000.0,1,1,1,0.0
Kenitra,bir_rami,False,Appartement,90.0,3.0,2.0,0.0,500000.0,1,1,1,0.0
Kenitra,bir_rami,False,Appartement,78.0,2.0,2.0,0.0,450000.0,1,1,1,0.0
Kenitra,el_haddada,False,Appartement,81.0,2.0,2.0,1.0,11200000.0,1,0,1,1.0
Kenitra,el_haddada,False,Appartement,70.0,2.0,2.0,1.0,1700000.0,1,1,1,1.0
Kenitra,alliance,False,Appartement,120.0,3.0,2.0,2.0,2850000.0,1,1,1,2.0
Kenitra,centre,True,Appartement,216.0,3.0,3.0,0.0,1600000.0,1,1,1,0.0
Kenitra,el_ismailia,False,Appartement,98.0,3.0,0.0,2.0,2670000.0,1,1,1,2.0
Kenitra,autre_secteur,True,Appartement,75.0,2.0,2.0,2.0,2800000.0,1,1,1,2.0
Kenitra,autre_secteur,True,Appartement,94.0,2.0,2.0,1.0,1650000.0,1,1,1,1.0
Kenitra,centre,True,Appartement,81.0,1.0,1.0,8.0,8640000.0,1,0,1,8.0
Kenitra,val_fleury,False,Appartement,72.0,2.0,1.0,2.0,2680000.0,1,1,1,2.0
Kenitra,bir_rami,False,Appartement,53.0,2.0,1.0,0.0,400000.0,1,1,1,0.0
Kenitra,la_ville_haute,False,Appartement,107.0,2.0,2.0,0.0,720000.0,1,1,1,0.0
Kenitra,la_ville_haute,False,Appartement,101.0,2.0,3.0,6.0,6950000.0,1,1,1,6.0
Kenitra,centre,True,Appartement,134.0,3.0,2.0,0.0,860000.0,1,1,1,0.0
Kenitra,bir_rami,False,Appartement,100.0,3.0,2.0,0.0,630000.0,1,1,1,0.0
Kenitra,ouled_oujih,False,Appartement,60.0,2.0,2.0,1.0,1560000.0,1,1,1,1.0
Kenitra,bir_rami_est,False,Appartement,70.0,2.0,1.0,3.0,3460000.0,1,1,1,3.0
Kenitra,saknia,False,Appartement,50.0,1.0,1.0,3.0,3550000.0,1,1,1,3.0
Kenitra,el_haddada,False,Appartement,63.0,2.0,1.0,2.0,2570000.0,1,1,1,2.0
Kenitra,al_maghrib_al_arabi,False,Appartement,68.0,2.0,1.0,3.0,3570000.0,1,1,1,3.0
Kenitra,val_fleury,False,Appartement,90.0,2.0,2.0,4.0,4890000.0,1,1,1,4.0
Kenitra,centre,True,Appartement,110.0,3.0,2.0,6.0,6860000.0,1,1,1,6.0
Kenitra,la_ville_haute,False,Appartement,101.0,2.0,2.0,6.0,6970000.0,1,1,1,6.0
Kenitra,ouled_arfa,False,Appartement,63.0,2.0,1.0,1.0,1270000.0,1,1,1,1.0
Kenitra,alliance,False,Appartement,166.0,2.0,1.0,1.0,1860000.0,1,1,1,1.0
Kenitra,centre,True,Appartement,228.0,3.0,3.0,0.0,16000000.0,1,1,1,0.0
Kenitra,al_maghrib_al_arabi,False,Appartement,80.0,2.0,2.0,1.0,1590000.0,1,1,1,1.0
Kenitra,al_maghrib_al_arabi,False,Appartement,100.0,3.0,2.0,0.0,640000.0,1,1,1,0.0
Kenitra,al_maghrib_al_arabi,False,Appartement,100.0,3.0,2.0,2.0,2690000.0,1,1,1,2.0
Kenitra,alliance,False,Appartement,80.0,3.0,2.0,3.0,3550000.0,1,1,1,3.0
Kenitra,ouled_oujih,False,Appartement,81.0,2.0,1.0,3.0,3540000.0,1,1,1,3.0
Kenitra,quartier_golf,False,Appartement,96.0,3.0,2.0,1.0,1480000.0,1,1,1,1.0
Kenitra,seyad,False,Appartement,70.0,2.0,1.0,0.0,480000.0,1,1,1,0.0
Kenitra,seyad,False,Appartement,80.0,2.0,2.0,1.0,1580000.0,1,1,1,1.0
Kenitra,al_maghrib_al_arabi,False,Appartement,126.0,3.0,2.0,3.0,3870000.0,1,1,1,3.0
Kenitra,al_maghrib_al_arabi,False,Appartement,81.0,2.0,1.0,2.0,2560000.0,1,0,1,2.0
Kenitra,centre,True,Appartement,51.0,2.0,1.0,2.0,2250000.0,1,1,1,2.0
Kenitra,val_fleury,False,Appartement,85.0,2.0,2.0,4.0,4870000.0,1,1,1,4.0
Kenitra,la_ville_haute,False,Appartement,84.0,2.0,1.0,3.0,3610000.0,1,1,1,3.0
Kenitra,seyad,False,Appartement,73.0,2.0,1.0,2.0,2560000.0,1,1,1,2.0
Kenitra,bir_rami,False,Appartement,70.0,2.0,1.0,2.0,2450000.0,1,1,1,2.0
Kenitra,ouled_oujih,False,Appartement,70.0,2.0,1.0,2.0,2450000.0,1,1,1,2.0
Kenitra,al_maghrib_al_arabi,False,Appartement,68.0,2.0,1.0,3.0,3540000.0,1,1,1,3.0
Kenitra,bir_rami,False,Appartement,60.0,2.0,1.0,3.0,3290000.0,1,1,1,3.0
Kenitra,mimosas,False,Appartement,144.0,3.0,1.0,5.0,510500.0,1,1,1,5.0
Kenitra,la_ville_haute,False,Appartement,80.0,3.0,2.0,4.0,4980000.0,1,1,1,4.0
Kenitra,bir_rami,False,Appartement,66.0,2.0,1.0,3.0,3300000.0,1,1,1,3.0
Kenitra,bir_rami,False,Appartement,66.0,2.0,1.0,2.0,2300000.0,1,1,1,2.0
Kenitra,bir_rami,False,Appartement,62.0,2.0,1.0,2.0,2300000.0,1,1,1,2.0
Kenitra,centre,True,Appartement,80.0,3.0,1.0,4.0,4800000.0,1,1,0,4.0
Kenitra,autre_secteur,True,Appartement,60.0,2.0,1.0,3.0,3560000.0,1,1,1,3.0
Kenitra,bir_rami,False,Appartement,70.0,2.0,1.0,1.0,1370000.0,1,1,1,1.0
Kenitra,mimosas,False,Appartement,75.0,2.0,2.0,6.0,6815000.0,1,1,1,6.0
Kenitra,mimosas,False,Appartement,86.0,2.0,1.0,2.0,2900000.0,1,1,1,2.0
Kenitra,centre,True,Appartement,121.0,3.0,2.0,1.0,11470000.0,1,1,1,1.0
Kenitra,centre,True,Appartement,81.0,2.0,2.0,4.0,1100000.0,1,0,1,4.0
Kenitra,centre,True,Appartement,40.0,1.0,1.0,3.0,3670000.0,1,1,1,3.0
Kenitra,al_maghrib_al_arabi,False,Appartement,75.0,3.0,1.0,2.0,2690000.0,1,1,1,2.0
Kenitra,al_maghrib_al_arabi,False,Appartement,82.0,2.0,1.0,4.0,455000.0,1,1,1,4.0
Kenitra,autre_secteur,True,Appartement,50.0,2.0,1.0,4.0,4185000.0,1,1,1,4.0
Kenitra,seyad,False,Appartement,68.0,2.0,1.0,2.0,2520000.0,1,1,1,2.0
Kenitra,alliance,False,Appartement,82.0,2.0,2.0,2.0,2640000.0,1,1,1,2.0
Kenitra,bir_rami,False,Appartement,68.0,2.0,1.0,2.0,2340000.0,1,1,1,2.0
Kenitra,mimosas,False,Appartement,90.0,2.0,1.0,2.0,2660000.0,1,1,1,2.0
Kenitra,bir_rami,False,Appartement,70.0,2.0,1.0,1.0,1340000.0,1,1,1,1.0
Kenitra,autre_secteur,True,Appartement,40.0,1.0,1.0,0.0,180000.0,1,1,1,0.0
Kenitra,autre_secteur,True,Appartement,68.0,2.0,1.0,2.0,2480000.0,1,1,1,2.0
Kenitra,bir_rami,False,Appartement,90.0,2.0,1.0,0.0,600000.0,1,1,1,0.0
Kenitra,mimosas,False,Appartement,109.0,2.0,1.0,2.0,2900000.0,1,1,1,2.0
Kenitra,val_fleury,False,Appartement,167.0,3.0,2.0,0.0,980000.0,1,1,1,0.0
Kenitra,bir_rami,False,Appartement,80.0,2.0,1.0,4.0,4640000.0,1,1,1,4.0
Kenitra,bir_rami,False,Appartement,69.0,2.0,0.0,1.0,1270000.0,1,1,1,1.0
Kenitra,kasbat_al_mahdia,False,Appartement,112.0,3.0,1.0,0.0,660000.0,1,1,1,0.0
Kenitra,alliance,False,Appartement,52.0,2.0,1.0,4.0,4250000.0,1,1,1,4.0
Kenitra,taïbia,False,Appartement,98.0,2.0,2.0,1.0,1710000.0,1,1,1,1.0
Kenitra,mimosas,False,Appartement,70.0,2.0,1.0,2.0,2870000.0,1,1,1,2.0
Kenitra,alliance,False,Appartement,80.0,3.0,2.0,3.0,3560000.0,1,1,1,3.0
Kenitra,bir_rami,False,Appartement,67.0,2.0,1.0,0.0,450000.0,1,1,1,0.0
Kenitra,autre_secteur,True,Appartement,81.0,3.0,0.0,4.0,4760000.0,1,0,1,4.0
Kenitra,val_fleury,False,Appartement,115.0,3.0,2.0,4.0,4950000.0,1,1,1,4.0
Kenitra,ouled_oujih,False,Appartement,69.0,2.0,1.0,4.0,4340000.0,1,1,1,4.0
Kenitra,alliance,False,Appartement,75.0,2.0,2.0,2.0,2550000.0,1,1,1,2.0
Kenitra,la_ville_haute,False,Appartement,81.0,2.0,2.0,2.0,2800000.0,1,1,1,2.0
Kenitra,autre_secteur,True,Appartement,60.0,2.0,0.0,4.0,4240000.0,1,1,1,4.0
Kenitra,bir_rami,False,Appartement,70.0,2.0,1.0,0.0,340000.0,1,1,1,0.0
Kenitra,seyad,False,Appartement,84.0,3.0,2.0,2.0,2670000.0,1,1,1,2.0
Kenitra,seyad,False,Appartement,78.0,2.0,1.0,1.0,1550000.0,1,1,1,1.0
Kenitra,seyad,False,Appartement,83.0,3.0,2.0,2.0,2670000.0,1,1,1,2.0
Kenitra,bir_rami,False,Appartement,78.0,2.0,2.0,0.0,420000.0,1,1,1,0.0
Kenitra,seyad,False,Appartement,80.0,2.0,2.0,3.0,3550000.0,1,1,1,3.0
Kenitra,seyad,False,Appartement,100.0,3.0,2.0,3.0,3870000.0,1,1,1,3.0
Kenitra,seyad,False,Appartement,140.0,2.0,2.0,1.0,1710000.0,1,1,1,1.0
Kenitra,seyad,False,Appartement,76.0,2.0,2.0,2.0,2490000.0,1,1,1,2.0
Kenitra,ouled_oujih,False,Appartement,70.0,2.0,1.0,2.0,2410000.0,1,1,1,2.0
Kenitra,seyad,False,Appartement,78.0,2.0,2.0,3.0,3600000.0,1,1,1,3.0
Kenitra,ouled_oujih,False,Appartement,80.0,2.0,2.0,1.0,1580000.0,1,1,1,1.0
Kenitra,seyad,False,Appartement,80.0,2.0,2.0,1.0,1490000.0,1,1,1,1.0
Kenitra,seyad,False,Appartement,70.0,2.0,1.0,1.0,1480000.0,1,1,1,1.0
Kenitra,seyad,False,Appartement,78.0,2.0,2.0,2.0,2600000.0,1,1,1,2.0
Kenitra,seyad,False,Appartement,74.0,2.0,2.0,1.0,1530000.0,1,1,1,1.0
Kenitra,seyad,False,Appartement,80.0,2.0,2.0,1.0,1420000.0,1,1,1,1.0
Kenitra,seyad,False,Appartement,103.0,3.0,2.0,1.0,1750000.0,1,1,1,1.0
Kenitra,seyad,False,Appartement,96.0,3.0,2.0,1.0,1670000.0,1,1,1,1.0
Kenitra,bir_rami,False,Appartement,80.0,2.0,2.0,2.0,2410000.0,1,1,1,2.0
Kenitra,bir_rami,False,Appartement,70.0,2.0,1.0,1.0,1300000.0,1,1,1,1.0
Kenitra,al_maghrib_al_arabi,False,Appartement,90.0,3.0,1.0,2.0,2495000.0,1,1,1,2.0
Kenitra,ouled_oujih,False,Appartement,160.0,4.0,1.0,0.0,1200000.0,1,1,1,0.0
Kenitra,seyad,False,Appartement,80.0,2.0,1.0,1.0,1490000.0,1,1,1,1.0
Kenitra,bir_rami,False,Appartement,70.0,2.0,2.0,2.0,2360000.0,1,1,1,2.0
Kenitra,bir_rami,False,Appartement,82.0,2.0,2.0,2.0,2390000.0,1,1,1,2.0
Kenitra,ouled_oujih,False,Appartement,80.0,2.0,2.0,1.0,1610000.0,1,1,1,1.0
Kenitra,bir_rami,False,Appartement,75.0,2.0,2.0,2.0,2390000.0,1,1,1,2.0
Kenitra,seyad,False,Appartement,80.0,2.0,2.0,2.0,2550000.0,1,1,1,2.0
Kenitra,alliance,False,Appartement,92.0,3.0,1.0,1.0,1760000.0,1,1,1,1.0
Kenitra,autre_secteur,True,Appartement,80.0,3.0,1.0,1.0,1270000.0,1,1,1,1.0
Kenitra,maamora,False,Appartement,121.0,3.0,1.0,3.0,3900000.0,1,1,1,3.0
Kenitra,la_ville_haute,False,Appartement,112.0,2.0,2.0,6.0,6860000.0,1,1,1,6.0
Kenitra,alliance,False,Appartement,135.0,3.0,2.0,4.0,4720000.0,1,1,1,4.0
Kenitra,bir_rami,False,Appartement,75.0,2.0,1.0,1.0,1410000.0,1,1,1,1.0
Kenitra,centre,True,Appartement,150.0,4.0,1.0,1.0,11400000.0,1,1,1,1.0
Kenitra,centre,True,Appartement,150.0,1.0,2.0,1.0,1650000.0,1,1,1,1.0
Kenitra,val_fleury,False,Appartement,124.0,3.0,2.0,3.0,3890000.0,1,1,1,3.0
Kenitra,mimosas,False,Appartement,187.0,3.0,2.0,1.0,11500000.0,1,1,1,1.0
Kenitra,autre_secteur,True,Appartement,64.0,3.0,4.0,2.0,2630000.0,1,1,1,2.0
Kenitra,alliance,False,Appartement,81.0,2.0,2.0,3.0,3220000.0,1,0,1,3.0
Kenitra,bir_rami,False,Appartement,70.0,2.0,1.0,2.0,2360000.0,1,1,1,2.0
Kenitra,ouled_oujih,False,Appartement,70.0,2.0,1.0,4.0,4380000.0,1,1,1,4.0
Kenitra,autre_secteur,True,Appartement,94.0,2.0,2.0,1.0,1660000.0,1,1,1,1.0
Kenitra,alliance,False,Appartement,90.0,2.0,1.0,2.0,2530000.0,1,1,1,2.0
Kenitra,alliance,False,Appartement,70.0,3.0,2.0,3.0,3560000.0,1,1,1,3.0
Kenitra,la_ville_haute,False,Appartement,75.0,2.0,1.0,4.0,4710000.0,1,1,1,4.0
Kenitra,bir_rami,False,Appartement,52.0,2.0,0.0,1.0,1430000.0,1,1,1,1.0
Kenitra,alliance,False,Appartement,75.0,2.0,2.0,2.0,2580000.0,1,1,1,2.0
Kenitra,seyad,False,Appartement,81.0,2.0,2.0,3.0,3340000.0,1,0,1,3.0
Kenitra,alliance,False,Appartement,55.0,2.0,2.0,2.0,2330000.0,1,1,1,2.0
Kenitra,seyad,False,Appartement,72.0,2.0,2.0,3.0,3680000.0,1,1,1,3.0
Kenitra,seyad,False,Appartement,134.0,3.0,3.0,0.0,670000.0,1,1,1,0.0
Kenitra,al_maghrib_al_arabi,False,Appartement,70.0,2.0,2.0,2.0,2550000.0,1,1,1,2.0
Kenitra,autre_secteur,True,Appartement,81.0,3.0,1.0,1.0,1340000.0,1,0,0,1.0
Kenitra,el_haddada,False,Appartement,80.0,2.0,1.0,2.0,2620000.0,1,1,1,2.0
Kenitra,bab_fès,False,Appartement,54.0,2.0,1.0,4.0,4370000.0,1,1,1,4.0
Kenitra,el_haddada,False,Appartement,78.0,2.0,2.0,0.0,740000.0,1,1,1,0.0
Kenitra,el_haddada,False,Appartement,92.0,3.0,2.0,4.0,4920000.0,1,1,1,4.0
Kenitra,autre_secteur,True,Appartement,116.0,2.0,1.0,0.0,540000.0,1,1,1,0.0
Kenitra,la_ville_haute,False,Appartement,148.0,3.0,1.0,6.0,6940000.0,1,1,1,6.0
Kenitra,bir_rami,False,Appartement,68.0,2.0,2.0,1.0,1570000.0,1,1,1,1.0
Kenitra,la_ville_haute,False,Appartement,118.0,3.0,2.0,1.0,11220000.0,1,1,1,1.0
Kenitra,seyad,False,Appartement,134.0,3.0,3.0,1.0,1670000.0,1,1,1,1.0
Kenitra,kasbat_al_mahdia,False,Appartement,112.0,3.0,1.0,unknown,660000.0,0,1,1,unknown
Kenitra,mimosas,False,Appartement,72.0,2.0,2.0,2.0,2800000.0,1,1,1,2.0
Kenitra,alliance,False,Appartement,74.0,2.0,2.0,1.0,1450000.0,1,1,1,1.0
Kenitra,alliance,False,Appartement,76.0,2.0,2.0,1.0,1460000.0,1,1,1,1.0
Kenitra,kasbat_al_mahdia,False,Appartement,50.0,1.0,0.0,0.0,630000.0,1,1,1,0.0
Kenitra,bir_rami,False,Appartement,100.0,3.0,2.0,0.0,650000.0,1,1,1,0.0
Kenitra,centre,True,Appartement,125.0,2.0,2.0,1.0,11200000.0,1,1,1,1.0
Kenitra,alliance,False,Appartement,70.0,2.0,2.0,2.0,2500000.0,1,1,1,2.0
Kenitra,ouled_oujih,False,Appartement,76.0,2.0,1.0,4.0,4650000.0,1,1,1,4.0
Kenitra,alliance,False,Appartement,65.0,2.0,2.0,4.0,4480000.0,1,1,1,4.0
Kenitra,maamora,False,Appartement,120.0,2.0,2.0,5.0,5850000.0,1,1,1,5.0
Kenitra,seyad,False,Appartement,90.0,2.0,2.0,1.0,1580000.0,1,1,1,1.0
Kenitra,alliance,False,Appartement,72.0,3.0,1.0,1.0,1560000.0,1,1,1,1.0
Kenitra,alliance,False,Appartement,78.0,2.0,2.0,1.0,1470000.0,1,1,1,1.0
Kenitra,alliance,False,Appartement,54.0,2.0,1.0,4.0,4175000.0,1,1,1,4.0
Kenitra,al_maghrib_al_arabi,False,Appartement,80.0,3.0,2.0,4.0,4520000.0,1,1,1,4.0
Kenitra,autre_secteur,True,Appartement,129.0,3.0,2.0,2.0,2840000.0,1,1,1,2.0
Kenitra,alliance,False,Appartement,60.0,2.0,1.0,4.0,4250000.0,1,1,1,4.0
Kenitra,centre,True,Appartement,120.0,2.0,1.0,5.0,5850000.0,1,1,1,5.0
Kenitra,maamora,False,Appartement,81.0,3.0,1.0,5.0,1240000.0,1,0,0,5.0
Kenitra,el_haddada,False,Appartement,81.0,3.0,1.0,0.0,600000.0,1,1,1,0.0
Kenitra,autre_secteur,True,Appartement,45.0,1.0,1.0,0.0,180000.0,1,1,1,0.0
Kenitra,val_fleury,False,Appartement,84.0,2.0,1.0,5.0,5870000.0,1,1,1,5.0
Kenitra,bir_rami,False,Appartement,97.0,3.0,1.0,1.0,1460000.0,1,1,1,1.0
Kenitra,ouled_oujih,False,Appartement,90.0,2.0,2.0,1.0,1680000.0,1,1,1,1.0
Kenitra,taïbia,False,Appartement,81.0,2.0,1.0,1.0,1360000.0,1,0,1,1.0
Kenitra,seyad,False,Appartement,90.0,2.0,1.0,3.0,3590000.0,1,1,1,3.0
Kenitra,la_ville_haute,False,Appartement,81.0,3.0,1.0,5.0,5900000.0,1,0,0,5.0
Kenitra,la_ville_haute,False,Appartement,81.0,3.0,2.0,5.0,5900000.0,1,0,1,5.0
Kenitra,autre_secteur,True,Appartement,140.0,3.0,2.0,1.0,11100000.0,1,1,1,1.0
Kenitra,el_haddada,False,Appartement,60.0,2.0,1.0,4.0,4550000.0,1,1,1,4.0
Kenitra,mimosas,False,Appartement,134.0,3.0,2.0,1.0,11490000.0,1,1,1,1.0
Kenitra,al_maghrib_al_arabi,False,Appartement,81.0,2.0,1.0,2.0,2650000.0,1,0,1,2.0
Kenitra,alliance,False,Appartement,53.0,2.0,1.0,0.0,290000.0,1,1,1,0.0
Kenitra,alliance,False,Appartement,67.0,2.0,1.0,1.0,1380000.0,1,1,1,1.0
Kenitra,alliance,False,Appartement,60.0,1.0,1.0,1.0,1280000.0,1,1,1,1.0
Kenitra,al_maghrib_al_arabi,False,Appartement,90.0,2.0,1.0,0.0,530000.0,1,1,1,0.0
Kenitra,alliance,False,Appartement,66.0,2.0,1.0,1.0,1380000.0,1,1,1,1.0
Kenitra,la_ville_haute,False,Appartement,136.0,2.0,2.0,1.0,1800000.0,1,1,1,1.0
Kenitra,bab_fès,False,Appartement,70.0,2.0,2.0,1.0,1480000.0,1,1,1,1.0
Kenitra,bab_fès,False,Appartement,82.0,2.0,2.0,4.0,4450000.0,1,1,1,4.0
Kenitra,mimosas,False,Appartement,139.0,2.0,2.0,0.0,1390000.0,1,1,1,0.0
Kenitra,mimosas,False,Appartement,81.0,3.0,2.0,3.0,1480000.0,1,0,1,3.0
Kenitra,bir_rami,False,Appartement,70.0,2.0,1.0,2.0,2350000.0,1,1,1,2.0
Kenitra,fouarate,False,Appartement,77.0,2.0,1.0,3.0,3480000.0,1,1,1,3.0
Kenitra,mimosas,False,Appartement,95.0,2.0,2.0,7.0,7660000.0,1,1,1,7.0
Kenitra,mimosas,False,Appartement,190.0,3.0,3.0,1.0,11490000.0,1,1,1,1.0
Kenitra,alliance,False,Appartement,60.0,2.0,1.0,0.0,300000.0,1,1,1,0.0
Kenitra,val_fleury,False,Appartement,103.0,2.0,2.0,1.0,1900000.0,1,1,1,1.0
Kenitra,bab_fès,False,Appartement,54.0,2.0,1.0,3.0,3340000.0,1,1,1,3.0
Kenitra,autre_secteur,True,Appartement,48.0,2.0,1.0,0.0,210000.0,1,1,1,0.0
Kenitra,bir_rami,False,Appartement,58.0,1.0,1.0,2.0,2780000.0,1,1,1,2.0
Kenitra,centre,True,Appartement,81.0,2.0,1.0,4.0,4580000.0,1,0,1,4.0
Kenitra,al_maghrib_al_arabi,False,Appartement,70.0,2.0,1.0,0.0,560000.0,1,1,1,0.0
Kenitra,el_haddada,False,Appartement,72.0,2.0,1.0,0.0,500000.0,1,1,1,0.0
Kenitra,la_ville_haute,False,Appartement,180.0,3.0,2.0,1.0,11800000.0,1,1,1,1.0
Kenitra,bir_rami,False,Appartement,55.0,2.0,1.0,3.0,3400000.0,1,1,1,3.0
Kenitra,mimosas,False,Appartement,84.0,2.0,2.0,3.0,3720000.0,1,1,1,3.0
Kenitra,al_maghrib_al_arabi,False,Appartement,67.0,2.0,1.0,4.0,4360000.0,1,1,1,4.0
Kenitra,alliance,False,Appartement,54.0,2.0,1.0,1.0,1270000.0,1,1,1,1.0
Kenitra,alliance,False,Appartement,90.0,2.0,2.0,2.0,2680000.0,1,1,1,2.0
Kenitra,autre_secteur,True,Appartement,100.0,2.0,2.0,1.0,1650000.0,1,1,1,1.0
Kenitra,mellah,False,Appartement,90.0,3.0,1.0,0.0,360000.0,1,1,1,0.0
Kenitra,bir_rami,False,Appartement,70.0,2.0,1.0,3.0,3450000.0,1,1,1,3.0
Kenitra,maamora,False,Appartement,110.0,3.0,2.0,4.0,4850000.0,1,1,1,4.0
Kenitra,maamora,False,Appartement,98.0,3.0,2.0,6.0,6880000.0,1,1,1,6.0
Kenitra,centre,True,Appartement,69.0,2.0,1.0,1.0,1600000.0,1,1,1,1.0
Kenitra,mimosas,False,Appartement,101.0,2.0,2.0,1.0,1940000.0,1,1,1,1.0
Kenitra,al_maghrib_al_arabi,False,Appartement,110.0,3.0,1.0,2.0,2600000.0,1,1,1,2.0
Kenitra,el_haouzia,False,Appartement,71.0,2.0,1.0,1.0,1620000.0,1,1,1,1.0
Kenitra,la_ville_haute,False,Appartement,81.0,2.0,2.0,1.0,1810000.0,1,1,1,1.0
Kenitra,alliance,False,Appartement,120.0,3.0,2.0,2.0,2750000.0,1,1,1,2.0
Kenitra,autre_secteur,True,Appartement,88.0,2.0,1.0,2.0,2470000.0,1,1,1,2.0
Kenitra,centre,True,Appartement,81.0,2.0,1.0,3.0,3640000.0,1,0,1,3.0
Kenitra,mimosas,False,Appartement,97.0,3.0,2.0,5.0,5900000.0,1,1,1,5.0
Kenitra,mimosas,False,Appartement,92.0,3.0,2.0,1.0,1980000.0,1,1,1,1.0
Kenitra,centre,True,Appartement,115.0,3.0,2.0,0.0,770000.0,1,1,1,0.0
Kenitra,autre_secteur,True,Appartement,80.0,2.0,1.0,1.0,1250000.0,1,1,1,1.0
Kenitra,ouled_arfa,False,Appartement,64.0,2.0,1.0,1.0,1350000.0,1,1,1,1.0
Kenitra,bir_rami,False,Appartement,84.0,2.0,1.0,1.0,1400000.0,1,1,1,1.0
Kenitra,mimosas,False,Appartement,100.0,3.0,2.0,1.0,1945000.0,1,1,1,1.0
Kenitra,mimosas,False,Appartement,100.0,2.0,2.0,5.0,5950000.0,1,1,1,5.0
Kenitra,el_haouzia,False,Appartement,60.0,2.0,1.0,1.0,1530000.0,1,1,1,1.0
Kenitra,la_ville_haute,False,Appartement,81.0,3.0,2.0,3.0,3960000.0,1,0,1,3.0
Kenitra,autre_secteur,True,Appartement,75.0,2.0,2.0,3.0,3640000.0,1,1,1,3.0
Kenitra,val_fleury,False,Appartement,92.0,3.0,2.0,1.0,1670000.0,1,1,1,1.0
Kenitra,bab_fès,False,Appartement,86.0,2.0,2.0,4.0,4450000.0,1,1,1,4.0
Kenitra,maamora,False,Appartement,107.0,2.0,2.0,1.0,1900000.0,1,1,1,1.0
Kenitra,bir_rami,False,Appartement,98.0,2.0,1.0,1.0,1670000.0,1,1,1,1.0
Kenitra,al_maghrib_al_arabi,False,Appartement,91.0,2.0,2.0,3.0,3640000.0,1,1,1,3.0
Kenitra,autre_secteur,True,Appartement,100.0,3.0,1.0,5.0,5680000.0,1,1,1,5.0
Kenitra,centre,True,Appartement,120.0,3.0,1.0,6.0,6950000.0,1,1,1,6.0
Kenitra,alliance,False,Appartement,54.0,2.0,1.0,3.0,3180000.0,1,1,1,3.0
Kenitra,bir_rami_est,False,Appartement,81.0,2.0,1.0,2.0,2500000.0,1,0,1,2.0
Kenitra,maamora,False,Appartement,82.0,2.0,2.0,1.0,1960000.0,1,1,1,1.0
Kenitra,saknia,False,Appartement,65.0,2.0,1.0,1.0,1500000.0,1,1,1,1.0
Kenitra,el_assam,False,Appartement,68.0,2.0,1.0,1.0,1420000.0,1,1,1,1.0
Kenitra,maamora,False,Appartement,67.0,2.0,1.0,2.0,2680000.0,1,1,1,2.0
Kenitra,la_ville_haute,False,Appartement,114.0,2.0,2.0,4.0,4969000.0,1,1,1,4.0
Kenitra,autre_secteur,True,Appartement,65.0,2.0,1.0,2.0,2480000.0,1,1,1,2.0
Kenitra,la_ville_haute,False,Appartement,81.0,4.0,3.0,0.0,1800000.0,1,0,1,0.0
Kenitra,bir_rami,False,Appartement,62.0,2.0,1.0,0.0,380000.0,1,1,1,0.0
Kenitra,centre,True,Appartement,107.0,2.0,2.0,1.0,1890000.0,1,1,1,1.0
Kenitra,alliance,False,Appartement,45.0,1.0,1.0,0.0,165000.0,1,1,1,0.0
Kenitra,bir_rami,False,Appartement,90.0,3.0,1.0,2.0,2440000.0,1,1,1,2.0
Kenitra,bir_rami,False,Appartement,55.0,2.0,1.0,4.0,4400000.0,1,1,1,4.0
Kenitra,bir_rami,False,Appartement,85.0,3.0,2.0,1.0,1650000.0,1,1,1,1.0
Kenitra,maamora,False,Appartement,157.0,4.0,1.0,2.0,2950000.0,1,1,1,2.0
Kenitra,maamora,False,Appartement,106.0,3.0,1.0,4.0,4580000.0,1,1,1,4.0
Kenitra,mimosas,False,Appartement,90.0,3.0,2.0,1.0,1990000.0,1,1,1,1.0
Kenitra,autre_secteur,True,Appartement,107.0,3.0,0.0,3.0,3980000.0,1,1,1,3.0
Kenitra,alliance,False,Appartement,55.0,2.0,1.0,4.0,4220000.0,1,1,1,4.0
Kenitra,val_fleury,False,Appartement,77.0,2.0,2.0,0.0,590000.0,1,1,1,0.0
Kenitra,alliance,False,Appartement,100.0,3.0,1.0,1.0,1780000.0,1,1,1,1.0
Kenitra,la_ville_haute,False,Appartement,118.0,3.0,2.0,1.0,1970000.0,1,1,1,1.0
Kenitra,ouled_oujih,False,Appartement,81.0,3.0,1.0,3.0,3650000.0,1,1,1,3.0
Kenitra,quartier_golf,False,Appartement,81.0,2.0,1.0,1.0,1220000.0,1,0,1,1.0
Kenitra,maamora,False,Appartement,81.0,3.0,2.0,1.0,11080000.0,1,0,1,1.0
Kenitra,autre_secteur,True,Appartement,54.0,2.0,1.0,4.0,4240000.0,1,1,1,4.0
Kenitra,bir_rami,False,Appartement,81.0,3.0,2.0,1.0,1650000.0,1,0,1,1.0
Kenitra,autre_secteur,True,Appartement,48.0,1.0,1.0,3.0,3480000.0,1,1,1,3.0
Kenitra,alliance,False,Appartement,80.0,2.0,2.0,0.0,600000.0,1,1,1,0.0
Kenitra,mimosas,False,Appartement,130.0,2.0,2.0,0.0,1100000.0,1,1,1,0.0
Kenitra,bir_rami_industriel,False,Appartement,63.0,2.0,1.0,1.0,1360000.0,1,1,1,1.0
Kenitra,maamora,False,Appartement,73.0,2.0,1.0,2.0,2650000.0,1,1,1,2.0
Kenitra,bir_rami,False,Appartement,85.0,2.0,1.0,1.0,1450000.0,1,1,1,1.0
Kenitra,bir_rami_ouest,False,Appartement,88.0,2.0,2.0,4.0,4430000.0,1,1,1,4.0
Kenitra,centre,True,Appartement,81.0,2.0,2.0,1.0,1650000.0,1,0,1,1.0
Kenitra,bir_rami,False,Appartement,81.0,2.0,2.0,2.0,2490000.0,1,0,1,2.0
Kenitra,la_ville_haute,False,Appartement,103.0,2.0,2.0,2.0,2900000.0,1,1,1,2.0
Kenitra,el_haddada,False,Appartement,79.0,2.0,2.0,1.0,1100000.0,1,1,1,1.0
Kenitra,el_haddada,False,Appartement,73.0,2.0,2.0,1.0,1950000.0,1,1,1,1.0
Kenitra,alliance,False,Appartement,78.0,2.0,2.0,3.0,3432000.0,1,1,1,3.0
Kenitra,mimosas,False,Appartement,81.0,3.0,1.0,5.0,5980000.0,1,0,0,5.0
Kenitra,bir_rami_est,False,Appartement,50.0,2.0,1.0,1.0,1390000.0,1,1,1,1.0
Kenitra,bir_rami,False,Appartement,78.0,2.0,2.0,1.0,1470000.0,1,1,1,1.0
Kenitra,la_ville_haute,False,Appartement,135.0,2.0,1.0,5.0,5900000.0,1,1,1,5.0
Kenitra,mimosas,False,Appartement,90.0,2.0,2.0,1.0,1900000.0,1,1,1,1.0
Kenitra,kasbat_al_mahdia,False,Appartement,80.0,2.0,2.0,1.0,1270000.0,1,1,1,1.0
Kenitra,mimosas,False,Appartement,130.0,3.0,2.0,0.0,800000.0,1,1,1,0.0
Kenitra,el_haddada,False,Appartement,87.0,2.0,2.0,2.0,2650000.0,1,1,1,2.0
Kenitra,alliance,False,Appartement,83.0,2.0,2.0,0.0,670000.0,1,1,1,0.0
Kenitra,bir_rami,False,Appartement,110.0,3.0,2.0,3.0,3850000.0,1,1,1,3.0
Kenitra,alliance,False,Appartement,102.0,3.0,2.0,1.0,1870000.0,1,1,1,1.0
Kenitra,seyad,False,Appartement,90.0,3.0,2.0,1.0,1620000.0,1,1,1,1.0
Kenitra,seyad,False,Appartement,75.0,2.0,2.0,1.0,1520000.0,1,1,1,1.0
Kenitra,mimosas,False,Appartement,99.0,3.0,0.0,4.0,4540000.0,1,1,1,4.0
Kenitra,maamora,False,Appartement,130.0,3.0,2.0,1.0,1950000.0,1,1,1,1.0
Kenitra,autre_secteur,True,Appartement,90.0,2.0,1.0,3.0,3800000.0,1,1,1,3.0
Kenitra,alliance,False,Appartement,48.0,1.0,1.0,0.0,165000.0,1,1,1,0.0
Kenitra,bir_rami,False,Appartement,70.0,2.0,1.0,2.0,2330000.0,1,1,1,2.0
Tetouan,taboula,False,Appartement,65.0,2.0,1.0,1.0,1450000.0,1,1,1,1.0
Tetouan,autre_secteur,True,Appartement,78.0,3.0,1.0,3.0,3800000.0,1,1,1,3.0
Tetouan,saniat_rmal,False,Appartement,70.0,2.0,1.0,2.0,2600000.0,1,1,1,2.0
Tetouan,autre_secteur,True,Appartement,85.0,2.0,1.0,0.0,550000.0,1,1,1,0.0
Tetouan,kouilma,False,Appartement,60.0,3.0,1.0,2.0,2400000.0,1,1,1,2.0
Tetouan,autre_secteur,True,Appartement,120.0,3.0,1.0,3.0,3830000.0,1,1,1,3.0
Tetouan,kouilma,False,Appartement,64.0,2.0,1.0,1.0,1670000.0,1,1,1,1.0
Tetouan,safir,False,Appartement,100.0,3.0,1.0,2.0,2500000.0,1,1,1,2.0
Tetouan,sidi_al_mandri,False,Appartement,60.0,2.0,1.0,2.0,2600000.0,1,1,1,2.0
Tetouan,autre_secteur,True,Appartement,80.0,2.0,0.0,0.0,800000.0,1,1,1,0.0
Tetouan,safir,False,Appartement,87.0,2.0,1.0,4.0,4450000.0,1,1,1,4.0
Tetouan,wilaya,False,Appartement,79.0,3.0,2.0,4.0,2150000.0,1,0,1,4.0
Tetouan,autre_secteur,True,Appartement,60.0,2.0,1.0,3.0,3280000.0,1,1,1,3.0
Tetouan,autre_secteur,True,Appartement,70.0,2.0,1.0,1.0,1450000.0,1,1,1,1.0
Tetouan,autre_secteur,True,Appartement,150.0,3.0,1.0,3.0,3680000.0,1,1,1,3.0
Tetouan,touilaa,False,Appartement,96.0,2.0,1.0,1.0,1620000.0,1,1,1,1.0
Tetouan,kouilma,False,Appartement,76.0,3.0,2.0,1.0,1740000.0,1,1,1,1.0
Tetouan,autre_secteur,True,Appartement,79.0,2.0,2.0,3.0,3780000.0,1,1,1,3.0
Tetouan,el_matar,False,Appartement,79.0,2.0,1.0,4.0,4440000.0,1,0,1,4.0
Tetouan,mhannech,False,Appartement,79.0,2.0,2.0,4.0,1200000.0,1,0,1,4.0
Tetouan,kouilma,False,Appartement,67.0,2.0,1.0,4.0,4420000.0,1,1,1,4.0
Tetouan,centre_ville,True,Appartement,151.0,3.0,2.0,3.0,3800000.0,1,1,1,3.0
Tetouan,wilaya,False,Appartement,62.0,2.0,1.0,1.0,1500000.0,1,1,1,1.0
Tetouan,route_de_ceuta,False,Appartement,46.0,2.0,1.0,4.0,4350000.0,1,1,1,4.0
Tetouan,inara,False,Appartement,80.0,2.0,1.0,unknown,720000.0,0,1,1,unknown
Tetouan,autre_secteur,True,Appartement,80.0,2.0,1.0,1.0,1420000.0,1,1,1,1.0
Tetouan,mhannech,False,Appartement,89.0,3.0,1.0,2.0,2900000.0,1,1,1,2.0
Tetouan,autre_secteur,True,Appartement,98.0,3.0,1.0,1.0,1810000.0,1,1,1,1.0
Tetouan,el_ensanche,False,Appartement,50.0,1.0,1.0,1.0,1470000.0,1,1,1,1.0
Tetouan,autre_secteur,True,Appartement,90.0,2.0,1.0,2.0,2450000.0,1,1,1,2.0
Tetouan,autre_secteur,True,Appartement,190.0,3.0,2.0,1.0,1750000.0,1,1,1,1.0
Tetouan,kouilma,False,Appartement,56.0,2.0,1.0,3.0,3400000.0,1,1,1,3.0
Tetouan,autre_secteur,True,Appartement,53.0,2.0,1.0,4.0,4440000.0,1,1,1,4.0
Tetouan,centre_ville,True,Appartement,85.0,3.0,2.0,4.0,4770000.0,1,1,1,4.0
Tetouan,autre_secteur,True,Appartement,79.0,3.0,1.0,0.0,550000.0,1,0,0,0.0
Tetouan,route_de_ceuta,False,Appartement,79.0,2.0,1.0,4.0,4450000.0,1,0,1,4.0
Tetouan,centre_ville,True,Appartement,85.0,3.0,1.0,2.0,2520000.0,1,1,1,2.0
Tetouan,autre_secteur,True,Appartement,59.0,2.0,1.0,2.0,2480000.0,1,1,1,2.0
Tetouan,wilaya,False,Appartement,79.0,3.0,1.0,3.0,3900000.0,1,0,1,3.0
Tetouan,kouilma,False,Appartement,76.0,3.0,1.0,2.0,2760000.0,1,1,1,2.0
Tetouan,wilaya,False,Appartement,87.0,3.0,0.0,3.0,3930000.0,1,1,1,3.0
Tetouan,kouilma,False,Appartement,72.0,3.0,1.0,2.0,2450000.0,1,1,1,2.0
Tetouan,autre_secteur,True,Appartement,66.0,3.0,1.0,3.0,3600000.0,1,1,1,3.0
Tetouan,wilaya,False,Appartement,160.0,3.0,2.0,4.0,4940000.0,1,1,1,4.0
Tetouan,autre_secteur,True,Appartement,100.0,2.0,2.0,1.0,1580000.0,1,1,1,1.0
Tetouan,autre_secteur,True,Appartement,95.0,2.0,1.0,6.0,6800000.0,1,1,1,6.0
Tetouan,autre_secteur,True,Appartement,79.0,3.0,1.0,3.0,1150000.0,1,0,1,3.0
Tetouan,kouilma,False,Appartement,63.0,2.0,1.0,1.0,1570000.0,1,1,1,1.0
Tetouan,autre_secteur,True,Appartement,117.0,2.0,2.0,1.0,1480000.0,1,1,1,1.0
Tetouan,safir,False,Appartement,79.0,2.0,1.0,3.0,3560000.0,1,0,1,3.0
Tetouan,tétouan,False,Appartement,91.0,2.0,1.0,2.0,2860000.0,1,1,1,2.0
Tetouan,autre_secteur,True,Appartement,79.0,3.0,1.0,1.0,1700000.0,1,0,1,1.0
Tetouan,route_de_ceuta,False,Appartement,64.0,2.0,2.0,0.0,650000.0,1,1,1,0.0
Tetouan,wilaya,False,Appartement,210.0,3.0,2.0,0.0,1300000.0,1,1,1,0.0
Tetouan,autre_secteur,True,Appartement,70.0,2.0,1.0,2.0,2530000.0,1,1,1,2.0
Tetouan,kouilma,False,Appartement,65.0,2.0,1.0,1.0,1570000.0,1,1,1,1.0
Tetouan,autre_secteur,True,Appartement,115.0,2.0,1.0,2.0,2970000.0,1,1,1,2.0
Tetouan,mhannech,False,Appartement,79.0,2.0,1.0,2.0,2730000.0,1,0,1,2.0
Tetouan,safir,False,Appartement,110.0,3.0,2.0,2.0,2980000.0,1,1,1,2.0
Tetouan,centre_ville,True,Appartement,79.0,3.0,1.0,3.0,3750000.0,1,0,0,3.0
Tetouan,centre_ville,True,Appartement,100.0,2.0,1.0,3.0,3900000.0,1,1,1,3.0
Tetouan,centre_ville,True,Appartement,100.0,3.0,1.0,3.0,3650000.0,1,1,1,3.0
Tetouan,autre_secteur,True,Appartement,87.0,3.0,2.0,0.0,670000.0,1,1,1,0.0
Tetouan,el_matar,False,Appartement,53.0,2.0,1.0,4.0,4450000.0,1,1,1,4.0
Tetouan,touilaa,False,Appartement,79.0,2.0,1.0,0.0,380000.0,1,0,1,0.0
Tetouan,el_matar,False,Appartement,53.0,2.0,1.0,4.0,4400000.0,1,1,1,4.0
Tetouan,tétouan,False,Appartement,75.0,2.0,1.0,4.0,4470000.0,1,1,1,4.0
Tetouan,tamouda,False,Appartement,113.0,3.0,1.0,2.0,2750000.0,1,1,1,2.0
Tetouan,wilaya,False,Appartement,79.0,3.0,2.0,3.0,1050000.0,1,0,1,3.0
Tetouan,autre_secteur,True,Appartement,53.0,1.0,1.0,0.0,820000.0,1,1,1,0.0
Tetouan,autre_secteur,True,Appartement,54.0,1.0,1.0,1.0,1540000.0,1,1,1,1.0
Tetouan,autre_secteur,True,Appartement,79.0,3.0,1.0,1.0,1480000.0,1,0,0,1.0
Tetouan,autre_secteur,True,Appartement,79.0,2.0,1.0,1.0,1410000.0,1,0,1,1.0
Tetouan,taboula,False,Appartement,60.0,2.0,1.0,1.0,1340000.0,1,1,1,1.0
Tetouan,wilaya,False,Appartement,90.0,2.0,1.0,0.0,550000.0,1,1,1,0.0
Tetouan,route_de_ceuta,False,Appartement,57.0,2.0,1.0,0.0,340000.0,1,1,1,0.0
Tetouan,touabel,False,Appartement,114.0,3.0,2.0,5.0,5910000.0,1,1,1,5.0
Tetouan,borj,False,Appartement,71.0,3.0,1.0,4.0,4350000.0,1,1,1,4.0
Tetouan,safir,False,Appartement,110.0,3.0,2.0,1.0,1650000.0,1,1,1,1.0
Tetouan,autre_secteur,True,Appartement,79.0,3.0,1.0,4.0,4650000.0,1,0,1,4.0
Tetouan,autre_secteur,True,Appartement,91.0,3.0,1.0,3.0,3810000.0,1,1,1,3.0
Tetouan,tétouan,False,Appartement,153.0,3.0,2.0,8.0,811300.0,1,1,1,8.0
Tetouan,kouilma,False,Appartement,79.0,2.0,1.0,2.0,2570000.0,1,0,1,2.0
Tetouan,tétouan,False,Appartement,148.0,4.0,2.0,4.0,4980000.0,1,1,1,4.0
Tetouan,inara,False,Appartement,67.0,2.0,1.0,0.0,720000.0,1,1,1,0.0
Tetouan,saniat_rmal,False,Appartement,40.0,1.0,1.0,0.0,250000.0,1,1,1,0.0
Tetouan,autre_secteur,True,Appartement,80.0,3.0,1.0,4.0,4620000.0,1,1,1,4.0
Tetouan,kouilma,False,Appartement,59.0,2.0,1.0,4.0,4500000.0,1,1,1,4.0
Tetouan,rbat_asfaa,False,Appartement,75.0,3.0,1.0,3.0,3680000.0,1,1,1,3.0
Tetouan,safir,False,Appartement,85.0,2.0,1.0,3.0,3560000.0,1,1,1,3.0
Tetouan,autre_secteur,True,Appartement,79.0,2.0,1.0,2.0,2650000.0,1,0,1,2.0
Tetouan,rbat_aala,False,Appartement,60.0,2.0,1.0,1.0,1290000.0,1,1,1,1.0
Tetouan,centre_ville,True,Appartement,79.0,3.0,1.0,1.0,1830000.0,1,0,1,1.0
Tetouan,kouilma,False,Appartement,59.0,2.0,1.0,4.0,4510000.0,1,1,1,4.0
Tetouan,sidi_al_mandri,False,Appartement,87.0,2.0,1.0,4.0,4360000.0,1,1,1,4.0
Tetouan,tétouan,False,Appartement,63.0,2.0,1.0,1.0,1570000.0,1,1,1,1.0
Tetouan,centre_ville,True,Appartement,60.0,2.0,1.0,0.0,620000.0,1,1,1,0.0
Tetouan,centre_ville,True,Appartement,85.0,3.0,1.0,1.0,1860000.0,1,1,1,1.0
Tetouan,kouilma,False,Appartement,54.0,2.0,0.0,0.0,320000.0,1,1,1,0.0
Tetouan,autre_secteur,True,Appartement,50.0,2.0,1.0,0.0,550000.0,1,1,1,0.0
Tetouan,safir,False,Appartement,70.0,2.0,2.0,2.0,2650000.0,1,1,1,2.0
Tetouan,autre_secteur,True,Appartement,78.0,2.0,1.0,3.0,3800000.0,1,1,1,3.0
Tetouan,safir,False,Appartement,80.0,3.0,1.0,4.0,4670000.0,1,1,1,4.0
Tetouan,saniat_rmal,False,Appartement,130.0,3.0,2.0,3.0,3950000.0,1,1,1,3.0
Tetouan,centre_ville,True,Appartement,70.0,2.0,1.0,2.0,2650000.0,1,1,1,2.0
Tetouan,autre_secteur,True,Appartement,78.0,3.0,1.0,1.0,1700000.0,1,1,1,1.0
Tetouan,autre_secteur,True,Appartement,100.0,2.0,1.0,1.0,1450000.0,1,1,1,1.0
Tetouan,tétouan,False,Appartement,79.0,3.0,1.0,4.0,2400000.0,1,0,0,4.0
Tetouan,tétouan,False,Appartement,75.0,2.0,1.0,0.0,490000.0,1,1,1,0.0
Tetouan,centre_ville,True,Appartement,114.0,3.0,2.0,7.0,720000.0,1,1,1,7.0
Tetouan,safir,False,Appartement,79.0,3.0,1.0,3.0,3650000.0,1,0,1,3.0
Tetouan,tétouan,False,Appartement,79.0,2.0,1.0,1.0,1590000.0,1,0,1,1.0
Tetouan,al_azhar,False,Appartement,70.0,2.0,1.0,1.0,1520000.0,1,1,1,1.0
Tetouan,saniat_rmal,False,Appartement,82.0,2.0,1.0,4.0,4460000.0,1,1,1,4.0
Tetouan,autre_secteur,True,Appartement,56.0,2.0,1.0,3.0,3360000.0,1,1,1,3.0
Tetouan,tétouan,False,Appartement,79.0,2.0,1.0,1.0,1800000.0,1,0,1,1.0
Tetouan,centre_ville,True,Appartement,94.0,3.0,2.0,1.0,1850000.0,1,1,1,1.0
Tetouan,autre_secteur,True,Appartement,88.0,3.0,1.0,2.0,2500000.0,1,1,1,2.0
Tetouan,autre_secteur,True,Appartement,78.0,3.0,1.0,2.0,2600000.0,1,1,1,2.0
Tetouan,centre_ville,True,Appartement,55.0,2.0,1.0,4.0,4490000.0,1,1,1,4.0
Tetouan,centre_ville,True,Appartement,79.0,3.0,1.0,0.0,470000.0,1,0,0,0.0
Tetouan,taboula,False,Appartement,60.0,2.0,1.0,1.0,1450000.0,1,1,1,1.0
Tetouan,autre_secteur,True,Appartement,60.0,2.0,1.0,2.0,2350000.0,1,1,1,2.0
Tetouan,autre_secteur,True,Appartement,79.0,3.0,2.0,0.0,1400000.0,1,0,1,0.0
Tetouan,touilaa,False,Appartement,60.0,2.0,1.0,2.0,2470000.0,1,1,1,2.0
Tetouan,safir,False,Appartement,86.0,3.0,1.0,4.0,4690000.0,1,1,1,4.0
Tetouan,autre_secteur,True,Appartement,90.0,2.0,1.0,2.0,2650000.0,1,1,1,2.0
Tetouan,autre_secteur,True,Appartement,68.0,2.0,1.0,4.0,439999.0,1,1,1,4.0
Tetouan,centre_ville,True,Appartement,63.0,1.0,0.0,0.0,520000.0,1,1,1,0.0
Tetouan,kouilma,False,Appartement,55.0,3.0,1.0,0.0,590000.0,1,1,0,0.0
Tetouan,autre_secteur,True,Appartement,68.0,2.0,1.0,0.0,570000.0,1,1,1,0.0
Tetouan,tamouda,False,Appartement,58.0,2.0,1.0,1.0,1380000.0,1,1,1,1.0
Tetouan,autre_secteur,True,Appartement,116.0,3.0,1.0,4.0,4650000.0,1,1,1,4.0
Tetouan,autre_secteur,True,Appartement,78.0,3.0,1.0,4.0,4700000.0,1,1,1,4.0
Tetouan,centre_ville,True,Appartement,106.0,2.0,2.0,4.0,4900000.0,1,1,1,4.0
Tetouan,autre_secteur,True,Appartement,60.0,1.0,1.0,4.0,4380000.0,1,1,1,4.0
Tetouan,tamouda,False,Appartement,73.0,2.0,1.0,2.0,2580000.0,1,1,1,2.0
Tetouan,autre_secteur,True,Appartement,79.0,2.0,1.0,6.0,6500000.0,1,0,1,6.0
Tetouan,autre_secteur,True,Appartement,112.0,2.0,1.0,0.0,350000.0,1,1,1,0.0
Tetouan,centre_ville,True,Appartement,70.0,2.0,1.0,1.0,1550000.0,1,1,1,1.0
Tetouan,al_azhar,False,Appartement,75.0,2.0,1.0,1.0,1440000.0,1,1,1,1.0
Tetouan,route_de_ceuta,False,Appartement,55.0,2.0,1.0,4.0,4420000.0,1,1,1,4.0
Tetouan,safir,False,Appartement,79.0,3.0,1.0,3.0,3910000.0,1,0,1,3.0
Tetouan,wilaya,False,Appartement,127.0,3.0,2.0,1.0,1970000.0,1,1,1,1.0
Tetouan,centre_ville,True,Appartement,80.0,2.0,1.0,2.0,210000.0,1,1,1,2.0
Tetouan,sidi_talha,False,Appartement,79.0,2.0,1.0,1.0,1500000.0,1,0,1,1.0
Tetouan,centre_ville,True,Appartement,75.0,2.0,2.0,1.0,1650000.0,1,1,1,1.0
Tetouan,wilaya,False,Appartement,130.0,3.0,2.0,1.0,1980000.0,1,1,1,1.0
Tetouan,centre_ville,True,Appartement,84.0,2.0,1.0,6.0,6840000.0,1,1,1,6.0
Tetouan,mhannech,False,Appartement,70.0,2.0,1.0,4.0,4695000.0,1,1,1,4.0
Tetouan,torrota,False,Appartement,71.0,2.0,1.0,3.0,3330000.0,1,1,1,3.0
Tetouan,torrota,False,Appartement,60.0,1.0,1.0,0.0,330000.0,1,1,1,0.0
Tetouan,autre_secteur,True,Appartement,80.0,3.0,1.0,3.0,3705500.0,1,1,1,3.0
Tetouan,autre_secteur,True,Appartement,79.0,2.0,1.0,3.0,1300000.0,1,0,1,3.0
Tetouan,autre_secteur,True,Appartement,55.0,2.0,1.0,1.0,1412500.0,1,1,1,1.0
Tetouan,autre_secteur,True,Appartement,70.0,2.0,1.0,1.0,1525000.0,1,1,1,1.0
Tetouan,autre_secteur,True,Appartement,58.0,1.0,1.0,1.0,1435000.0,1,1,1,1.0
Tetouan,autre_secteur,True,Appartement,79.0,3.0,2.0,4.0,1400000.0,1,0,1,4.0
Tetouan,safir,False,Appartement,94.0,3.0,2.0,2.0,2820000.0,1,1,1,2.0
Tetouan,centre_ville,True,Appartement,75.0,2.0,1.0,3.0,3540000.0,1,1,1,3.0
Tetouan,tétouan,False,Appartement,80.0,3.0,0.0,3.0,3630000.0,1,1,1,3.0
Tetouan,autre_secteur,True,Appartement,75.0,2.0,1.0,1.0,1670000.0,1,1,1,1.0
Tetouan,saniat_rmal,False,Appartement,70.0,2.0,1.0,0.0,480000.0,1,1,1,0.0
Tetouan,autre_secteur,True,Appartement,140.0,2.0,2.0,1.0,1820000.0,1,1,1,1.0
Tetouan,autre_secteur,True,Appartement,48.0,1.0,1.0,2.0,2360000.0,1,1,1,2.0
Tetouan,el_matar,False,Appartement,70.0,2.0,1.0,3.0,3570000.0,1,1,1,3.0
Tetouan,centre_ville,True,Appartement,80.0,2.0,1.0,5.0,5720000.0,1,1,1,5.0
Tetouan,safir,False,Appartement,58.0,2.0,2.0,1.0,1710000.0,1,1,1,1.0
Tetouan,touilaa,False,Appartement,196.0,4.0,2.0,4.0,4930000.0,1,1,1,4.0
Tetouan,autre_secteur,True,Appartement,79.0,3.0,1.0,3.0,3700000.0,1,0,0,3.0
Tetouan,boujdade,False,Appartement,114.0,3.0,2.0,0.0,750000.0,1,1,1,0.0
Tetouan,medina,False,Appartement,80.0,3.0,2.0,2.0,210000.0,1,1,1,2.0
Tetouan,autre_secteur,True,Appartement,120.0,2.0,2.0,0.0,4000000.0,1,1,1,0.0
Tetouan,autre_secteur,True,Appartement,90.0,3.0,1.0,3.0,3850000.0,1,1,1,3.0
Tetouan,autre_secteur,True,Appartement,126.0,2.0,2.0,1.0,11010000.0,1,1,1,1.0
Tetouan,autre_secteur,True,Appartement,79.0,2.0,1.0,2.0,2930000.0,1,0,0,2.0
Tetouan,autre_secteur,True,Appartement,117.0,2.0,1.0,4.0,4880000.0,1,1,1,4.0
Tetouan,autre_secteur,True,Appartement,120.0,2.0,1.0,1.0,1550000.0,1,1,1,1.0
Tetouan,autre_secteur,True,Appartement,105.0,3.0,1.0,4.0,4490000.0,1,1,1,4.0
Tetouan,centre_ville,True,Appartement,95.0,2.0,1.0,1.0,1800000.0,1,1,1,1.0
Tetouan,autre_secteur,True,Appartement,72.0,3.0,1.0,4.0,4760000.0,1,1,1,4.0
Tetouan,slaoui,False,Appartement,60.0,2.0,1.0,2.0,2450000.0,1,1,1,2.0
Tetouan,autre_secteur,True,Appartement,79.0,2.0,2.0,1.0,1650000.0,1,0,1,1.0
Tetouan,taboula,False,Appartement,340.0,2.0,1.0,0.0,700000.0,1,1,1,0.0
Tetouan,tétouan,False,Appartement,60.0,2.0,0.0,3.0,3400000.0,1,1,1,3.0
Tetouan,safir,False,Appartement,70.0,2.0,1.0,1.0,1650000.0,1,1,1,1.0
Tetouan,autre_secteur,True,Appartement,78.0,3.0,1.0,3.0,3700000.0,1,1,1,3.0
Tetouan,slaoui,False,Appartement,82.0,2.0,2.0,3.0,3870000.0,1,1,1,3.0
Tetouan,autre_secteur,True,Appartement,80.0,3.0,1.0,3.0,3500000.0,1,1,1,3.0
Tetouan,kouilma,False,Appartement,120.0,2.0,1.0,1.0,1580000.0,1,1,1,1.0
Tetouan,centre_ville,True,Appartement,85.0,3.0,1.0,2.0,2470000.0,1,1,1,2.0
Tetouan,centre_ville,True,Appartement,260.0,3.0,2.0,2.0,21250000.0,1,1,1,2.0
Tetouan,autre_secteur,True,Appartement,83.0,2.0,1.0,1.0,1620000.0,1,1,1,1.0
Tetouan,centre_ville,True,Appartement,168.0,2.0,1.0,2.0,2900000.0,1,1,1,2.0
Tetouan,autre_secteur,True,Appartement,120.0,2.0,1.0,7.0,7870000.0,1,1,1,7.0
Tetouan,autre_secteur,True,Appartement,88.0,3.0,1.0,1.0,1550000.0,1,1,1,1.0
Tetouan,centre_ville,True,Appartement,63.0,2.0,1.0,1.0,1580000.0,1,1,1,1.0
Tetouan,autre_secteur,True,Appartement,108.0,3.0,1.0,4.0,4490000.0,1,1,1,4.0
Tetouan,autre_secteur,True,Appartement,80.0,2.0,1.0,1.0,1400000.0,1,1,1,1.0
Tetouan,autre_secteur,True,Appartement,136.0,2.0,2.0,1.0,1850000.0,1,1,1,1.0
Tetouan,autre_secteur,True,Appartement,99.0,2.0,1.0,1.0,1600000.0,1,1,1,1.0
Tetouan,medina,False,Appartement,139.0,2.0,2.0,1.0,11550000.0,1,1,1,1.0
Tetouan,route_de_ceuta,False,Appartement,79.0,1.0,2.0,2.0,2450000.0,1,0,1,2.0
Tetouan,taboula,False,Appartement,60.0,2.0,1.0,0.0,350000.0,1,1,1,0.0
Tetouan,kouilma,False,Appartement,60.0,2.0,1.0,1.0,1260000.0,1,1,1,1.0
Tetouan,route_de_ceuta,False,Appartement,65.0,2.0,1.0,3.0,3380000.0,1,1,1,3.0
Tetouan,centre_ville,True,Appartement,92.0,3.0,2.0,2.0,2520000.0,1,1,1,2.0
Tetouan,centre_ville,True,Appartement,80.0,2.0,1.0,1.0,1650000.0,1,1,1,1.0
Tetouan,autre_secteur,True,Appartement,50.0,2.0,1.0,0.0,140000.0,1,1,1,0.0
Tetouan,medina,False,Appartement,81.0,3.0,1.0,1.0,1720000.0,1,1,1,1.0
Tetouan,el_mdrassi,False,Appartement,60.0,2.0,1.0,4.0,4450000.0,1,1,1,4.0
Tetouan,al_mallalienne,False,Appartement,87.0,2.0,1.0,1.0,1600000.0,1,1,1,1.0
Tetouan,autre_secteur,True,Appartement,82.0,3.0,2.0,4.0,4780000.0,1,1,1,4.0
Tetouan,centre_ville,True,Appartement,79.0,2.0,1.0,2.0,2460000.0,1,0,1,2.0
Tetouan,kouilma,False,Appartement,80.0,2.0,1.0,0.0,480000.0,1,1,1,0.0
Tetouan,mhannech,False,Appartement,84.0,2.0,1.0,3.0,3714000.0,1,1,1,3.0
Tetouan,autre_secteur,True,Appartement,79.0,3.0,1.0,3.0,3790000.0,1,0,1,3.0
Tetouan,centre_ville,True,Appartement,130.0,3.0,1.0,4.0,4650000.0,1,1,1,4.0
Tetouan,autre_secteur,True,Appartement,93.0,2.0,2.0,1.0,1976500.0,1,1,1,1.0
Tetouan,centre_ville,True,Appartement,56.0,2.0,1.0,2.0,2510000.0,1,1,1,2.0
Tetouan,autre_secteur,True,Appartement,92.0,2.0,0.0,1.0,1850000.0,1,1,1,1.0
Tetouan,centre_ville,True,Appartement,79.0,3.0,2.0,3.0,1200000.0,1,0,1,3.0
Tetouan,centre_ville,True,Appartement,103.0,3.0,2.0,2.0,2780000.0,1,1,1,2.0
Tetouan,wilaya,False,Appartement,85.0,3.0,1.0,1.0,1900000.0,1,1,1,1.0
Tetouan,centre_ville,True,Appartement,80.0,3.0,2.0,1.0,1720000.0,1,1,1,1.0
Tetouan,autre_secteur,True,Appartement,100.0,3.0,2.0,1.0,1850000.0,1,1,1,1.0
Tetouan,autre_secteur,True,Appartement,90.0,3.0,1.0,3.0,3800000.0,1,1,1,3.0
Tetouan,autre_secteur,True,Appartement,100.0,2.0,1.0,1.0,1600000.0,1,1,1,1.0
Tetouan,touabel,False,Appartement,84.0,2.0,1.0,1.0,1590000.0,1,1,1,1.0
Tetouan,autre_secteur,True,Appartement,178.0,2.0,1.0,2.0,2900000.0,1,1,1,2.0
Tetouan,centre_ville,True,Appartement,90.0,2.0,1.0,1.0,1480000.0,1,1,1,1.0
Tetouan,slaoui,False,Appartement,76.0,3.0,1.0,4.0,4450000.0,1,1,1,4.0
Tetouan,autre_secteur,True,Appartement,117.0,3.0,1.0,4.0,4650000.0,1,1,1,4.0
Tetouan,dersa,False,Appartement,120.0,3.0,2.0,2.0,2380000.0,1,1,1,2.0
Tetouan,autre_secteur,True,Appartement,57.0,2.0,2.0,1.0,1798000.0,1,1,1,1.0
Tetouan,rbat_asfaa,False,Appartement,100.0,3.0,1.0,1.0,1730000.0,1,1,1,1.0
Tetouan,el_matar,False,Appartement,82.0,3.0,2.0,1.0,1950000.0,1,1,1,1.0
Tetouan,wilaya,False,Appartement,79.0,2.0,1.0,1.0,1980000.0,1,0,1,1.0
Tetouan,autre_secteur,True,Appartement,50.0,1.0,1.0,1.0,1680000.0,1,1,1,1.0
Tetouan,centre_ville,True,Appartement,120.0,3.0,2.0,4.0,4620000.0,1,1,1,4.0
Tetouan,centre_ville,True,Appartement,95.0,2.0,1.0,3.0,3480000.0,1,1,1,3.0
Tetouan,safir,False,Appartement,135.0,2.0,1.0,3.0,3800000.0,1,1,1,3.0
Tetouan,autre_secteur,True,Appartement,75.0,2.0,2.0,2.0,2950000.0,1,1,1,2.0
Tetouan,kouilma,False,Appartement,60.0,3.0,1.0,4.0,4250000.0,1,1,1,4.0
Tetouan,autre_secteur,True,Appartement,76.0,3.0,1.0,2.0,2480000.0,1,1,1,2.0
Tetouan,autre_secteur,True,Appartement,120.0,3.0,1.0,4.0,4610000.0,1,1,1,4.0
Tetouan,centre_ville,True,Appartement,50.0,2.0,1.0,1.0,1450000.0,1,1,1,1.0
Tetouan,saniat_rmal,False,Appartement,160.0,3.0,2.0,1.0,1950000.0,1,1,1,1.0
Tetouan,kouilma,False,Appartement,70.0,3.0,2.0,1.0,1550000.0,1,1,1,1.0
Tetouan,kouilma,False,Appartement,79.0,2.0,1.0,2.0,2490000.0,1,0,1,2.0
Tetouan,ziana,False,Appartement,144.0,3.0,2.0,2.0,2950000.0,1,1,1,2.0
Tetouan,mhannech,False,Appartement,78.0,2.0,1.0,3.0,3820000.0,1,1,1,3.0
Tetouan,route_de_ceuta,False,Appartement,120.0,2.0,1.0,6.0,6850000.0,1,1,1,6.0
Tetouan,el_matar,False,Appartement,70.0,2.0,1.0,1.0,1380000.0,1,1,1,1.0
Tetouan,rbat_asfaa,False,Appartement,89.0,3.0,1.0,2.0,2900000.0,1,1,1,2.0
Tetouan,autre_secteur,True,Appartement,89.0,3.0,1.0,2.0,2900000.0,1,1,1,2.0
Tetouan,autre_secteur,True,Appartement,79.0,2.0,1.0,4.0,4550000.0,1,0,1,4.0
Tetouan,centre_ville,True,Appartement,85.0,3.0,1.0,1.0,1850000.0,1,1,1,1.0
Tetouan,medina,False,Appartement,101.0,3.0,2.0,2.0,2800000.0,1,1,1,2.0
Tetouan,autre_secteur,True,Appartement,79.0,2.0,1.0,1.0,1460000.0,1,0,1,1.0
Tetouan,saniat_rmal,False,Appartement,81.0,2.0,1.0,4.0,4450000.0,1,1,1,4.0
Tetouan,safir,False,Appartement,90.0,3.0,1.0,3.0,3500000.0,1,1,1,3.0
Tetouan,saniat_rmal,False,Appartement,79.0,2.0,1.0,0.0,490000.0,1,0,1,0.0
Tetouan,centre_ville,True,Appartement,60.0,1.0,1.0,3.0,3360000.0,1,1,1,3.0
Tetouan,al_azhar,False,Appartement,93.0,2.0,1.0,1.0,1700000.0,1,1,1,1.0
Tetouan,kouilma,False,Appartement,80.0,3.0,2.0,2.0,2550000.0,1,1,1,2.0
Tetouan,autre_secteur,True,Appartement,136.0,3.0,2.0,0.0,2000000.0,1,1,1,0.0
Tetouan,al_mallalienne,False,Appartement,80.0,3.0,1.0,1.0,1450000.0,1,1,1,1.0
Tetouan,autre_secteur,True,Appartement,75.0,2.0,2.0,4.0,4480000.0,1,1,1,4.0
Tetouan,kouilma,False,Appartement,80.0,3.0,2.0,1.0,1630000.0,1,1,1,1.0
Tetouan,centre_ville,True,Appartement,95.0,3.0,1.0,1.0,1460000.0,1,1,1,1.0
Tetouan,centre_ville,True,Appartement,113.0,3.0,2.0,1.0,1850000.0,1,1,1,1.0
Tetouan,autre_secteur,True,Appartement,78.0,2.0,1.0,3.0,3350000.0,1,1,1,3.0
Tetouan,wilaya,False,Appartement,130.0,3.0,1.0,2.0,2890000.0,1,1,1,2.0
Tetouan,autre_secteur,True,Appartement,88.0,2.0,1.0,3.0,3520000.0,1,1,1,3.0
Tetouan,el_matar,False,Appartement,89.0,2.0,1.0,1.0,1760000.0,1,1,1,1.0
Tetouan,wilaya,False,Appartement,87.0,2.0,1.0,3.0,3950000.0,1,1,1,3.0
Tetouan,autre_secteur,True,Appartement,81.0,3.0,1.0,1.0,1720000.0,1,1,1,1.0
Tetouan,centre_ville,True,Appartement,60.0,3.0,1.0,0.0,380000.0,1,1,1,0.0
Tetouan,autre_secteur,True,Appartement,79.0,2.0,1.0,4.0,4420000.0,1,0,1,4.0
Tetouan,centre_ville,True,Appartement,165.0,2.0,1.0,2.0,2950000.0,1,1,1,2.0
Tetouan,taboula,False,Appartement,70.0,3.0,1.0,2.0,2380000.0,1,1,1,2.0
Tetouan,autre_secteur,True,Appartement,56.0,2.0,1.0,0.0,350000.0,1,1,1,0.0
Tetouan,el_matar,False,Appartement,125.0,3.0,2.0,1.0,1900000.0,1,1,1,1.0
Tetouan,autre_secteur,True,Appartement,79.0,3.0,1.0,3.0,3820000.0,1,0,1,3.0
Tetouan,autre_secteur,True,Appartement,79.0,3.0,1.0,1.0,1880000.0,1,0,1,1.0
Tetouan,autre_secteur,True,Appartement,89.0,2.0,1.0,3.0,3970000.0,1,1,1,3.0
Tetouan,autre_secteur,True,Appartement,92.0,3.0,1.0,3.0,3690000.0,1,1,1,3.0
Tetouan,route_de_ceuta,False,Appartement,70.0,2.0,1.0,3.0,3350000.0,1,1,1,3.0
Tetouan,centre_ville,True,Appartement,88.0,2.0,1.0,3.0,3500000.0,1,1,1,3.0
Tetouan,autre_secteur,True,Appartement,60.0,3.0,1.0,2.0,2400000.0,1,1,1,2.0
Tetouan,touilaa,False,Appartement,40.0,1.0,1.0,0.0,260000.0,1,1,1,0.0
Tetouan,touilaa,False,Appartement,110.0,3.0,1.0,4.0,4480000.0,1,1,1,4.0
Tetouan,wilaya,False,Appartement,130.0,2.0,1.0,0.0,820000.0,1,1,1,0.0
Tetouan,autre_secteur,True,Appartement,77.0,2.0,1.0,0.0,490000.0,1,1,1,0.0
Tetouan,autre_secteur,True,Appartement,92.0,3.0,1.0,3.0,3700000.0,1,1,1,3.0
Tetouan,centre_ville,True,Appartement,70.0,3.0,2.0,2.0,2640000.0,1,1,1,2.0
Tetouan,el_matar,False,Appartement,47.0,2.0,1.0,4.0,4350000.0,1,1,1,4.0
Tetouan,sidi_talha,False,Appartement,100.0,1.0,1.0,1.0,1150000.0,1,1,1,1.0
Tetouan,el_matar,False,Appartement,70.0,2.0,1.0,3.0,3560000.0,1,1,1,3.0
Tetouan,dersa,False,Appartement,36.0,2.0,2.0,1.0,1460000.0,1,1,1,1.0
Tetouan,autre_secteur,True,Appartement,98.0,2.0,1.0,1.0,1720000.0,1,1,1,1.0
Tetouan,bled,False,Appartement,79.0,4.0,4.0,2.0,2700000.0,1,0,1,2.0
Tetouan,al_mallalienne,False,Appartement,60.0,2.0,1.0,0.0,375000.0,1,1,1,0.0
Tetouan,autre_secteur,True,Appartement,107.0,3.0,1.0,3.0,3850000.0,1,1,1,3.0
Tetouan,autre_secteur,True,Appartement,85.0,3.0,1.0,2.0,2670000.0,1,1,1,2.0
Tetouan,safir,False,Appartement,79.0,2.0,2.0,4.0,1300000.0,1,0,1,4.0
Tetouan,centre_ville,True,Appartement,124.0,3.0,1.0,4.0,4720000.0,1,1,1,4.0
Tetouan,autre_secteur,True,Appartement,79.0,2.0,1.0,3.0,3680000.0,1,0,1,3.0
Tetouan,saniat_rmal,False,Appartement,106.0,2.0,1.0,3.0,3800000.0,1,1,1,3.0
Tetouan,wilaya,False,Appartement,80.0,2.0,1.0,4.0,4650000.0,1,1,1,4.0
Tetouan,autre_secteur,True,Appartement,88.0,2.0,1.0,2.0,2450000.0,1,1,1,2.0
Tetouan,centre_ville,True,Appartement,68.0,2.0,1.0,0.0,330000.0,1,1,1,0.0
Tetouan,wilaya,False,Appartement,120.0,3.0,2.0,1.0,11200000.0,1,1,1,1.0
Tetouan,autre_secteur,True,Appartement,56.0,2.0,1.0,4.0,4330000.0,1,1,1,4.0
Tetouan,wilaya,False,Appartement,46.0,2.0,1.0,1.0,1400000.0,1,1,1,1.0
Tetouan,autre_secteur,True,Appartement,125.0,2.0,1.0,1.0,1580000.0,1,1,0,1.0
Tetouan,autre_secteur,True,Appartement,87.0,3.0,1.0,3.0,3750000.0,1,1,1,3.0
Tetouan,autre_secteur,True,Appartement,106.0,2.0,1.0,1.0,1650000.0,1,1,1,1.0
Tetouan,centre_ville,True,Appartement,155.0,3.0,2.0,1.0,1570000.0,1,1,1,1.0
Tetouan,autre_secteur,True,Appartement,153.0,2.0,1.0,4.0,4750000.0,1,1,0,4.0
Tetouan,autre_secteur,True,Appartement,81.0,2.0,1.0,4.0,4750000.0,1,1,1,4.0
Tetouan,centre_ville,True,Appartement,250.0,6.0,3.0,1.0,12200000.0,1,1,1,1.0
Tetouan,centre_ville,True,Appartement,77.0,2.0,1.0,4.0,4540000.0,1,1,1,4.0
Tetouan,centre_ville,True,Appartement,260.0,4.0,3.0,2.0,21200000.0,1,1,1,2.0
Tetouan,kouilma,False,Appartement,65.0,2.0,1.0,2.0,2350000.0,1,1,1,2.0
Tetouan,autre_secteur,True,Appartement,77.0,2.0,1.0,4.0,4540000.0,1,1,1,4.0
Tetouan,autre_secteur,True,Appartement,140.0,3.0,2.0,4.0,4900000.0,1,1,1,4.0
Tetouan,autre_secteur,True,Appartement,80.0,3.0,1.0,1.0,1800000.0,1,1,1,1.0
Tetouan,autre_secteur,True,Appartement,93.0,2.0,1.0,3.0,3730000.0,1,1,1,3.0
Tetouan,saniat_rmal,False,Appartement,79.0,2.0,1.0,3.0,3600000.0,1,1,1,3.0
Tetouan,mhannech,False,Appartement,123.0,3.0,2.0,3.0,3900000.0,1,1,1,3.0
Tetouan,autre_secteur,True,Appartement,62.0,2.0,1.0,4.0,4250000.0,1,1,1,4.0
Tetouan,autre_secteur,True,Appartement,70.0,2.0,2.0,1.0,1680000.0,1,1,1,1.0
Tetouan,touabel,False,Appartement,124.0,2.0,1.0,1.0,11700000.0,1,1,1,1.0
Tetouan,martil,False,Appartement,79.0,3.0,3.0,4.0,2700000.0,1,0,1,4.0
Tetouan,mdiq,False,Appartement,67.0,3.0,1.0,2.0,2410000.0,1,1,1,2.0
Tetouan,martil,False,Appartement,79.0,2.0,2.0,1.0,157000.0,1,0,1,1.0
Tetouan,martil,False,Appartement,69.0,2.0,1.0,4.0,4420000.0,1,1,1,4.0
Tetouan,fnideq,False,Appartement,57.0,1.0,1.0,3.0,3750000.0,1,1,1,3.0
Tetouan,martil,False,Appartement,40.0,1.0,1.0,2.0,2200000.0,1,1,1,2.0
Tetouan,martil,False,Appartement,59.0,2.0,0.0,0.0,370000.0,1,1,1,0.0
Tetouan,martil,False,Appartement,70.0,2.0,1.0,0.0,650000.0,1,1,1,0.0
Tetouan,martil,False,Appartement,60.0,2.0,1.0,1.0,1380000.0,1,1,1,1.0
Tetouan,martil,False,Appartement,50.0,2.0,1.0,0.0,700000.0,1,1,1,0.0
Tetouan,martil,False,Appartement,79.0,1.0,1.0,0.0,410000.0,1,0,1,0.0
Tetouan,martil,False,Appartement,80.0,2.0,1.0,2.0,2650000.0,1,1,1,2.0
Tetouan,martil,False,Appartement,55.0,2.0,1.0,1.0,1390000.0,1,1,1,1.0
Tetouan,martil,False,Appartement,79.0,1.0,1.0,4.0,4450000.0,1,0,1,4.0
Tetouan,martil,False,Appartement,54.0,2.0,1.0,2.0,2400000.0,1,1,1,2.0
Tetouan,mdiq,False,Appartement,100.0,2.0,2.0,2.0,2830000.0,1,1,1,2.0
Tetouan,martil,False,Appartement,54.0,2.0,1.0,2.0,2450000.0,1,1,1,2.0
Tetouan,ouazzane,False,Appartement,120.0,2.0,1.0,2.0,2690000.0,1,1,1,2.0
Tetouan,martil,False,Appartement,50.0,2.0,1.0,4.0,428000.0,1,1,1,4.0
Tetouan,martil,False,Appartement,55.0,2.0,1.0,2.0,238000.0,1,1,1,2.0
Tetouan,martil,False,Appartement,55.0,2.0,0.0,2.0,238000.0,1,1,1,2.0
Tetouan,martil,False,Appartement,79.0,2.0,1.0,1.0,1460000.0,1,0,0,1.0
Tetouan,martil,False,Appartement,78.0,3.0,1.0,3.0,373000.0,1,1,1,3.0
Tetouan,martil,False,Appartement,50.0,2.0,1.0,4.0,431000.0,1,1,1,4.0
Tetouan,martil,False,Appartement,78.0,3.0,1.0,3.0,375000.0,1,1,1,3.0
Tetouan,mdiq,False,Appartement,79.0,2.0,1.0,4.0,4690000.0,1,0,1,4.0
Tetouan,al_hoceima,False,Appartement,79.0,3.0,1.0,2.0,2920000.0,1,0,1,2.0
Tetouan,martil,False,Appartement,69.0,2.0,1.0,4.0,4700000.0,1,1,1,4.0
Tetouan,martil,False,Appartement,110.0,3.0,2.0,3.0,3860000.0,1,1,1,3.0
Tetouan,martil,False,Appartement,54.0,2.0,1.0,1.0,1495000.0,1,1,1,1.0
Tetouan,martil,False,Appartement,54.0,2.0,1.0,3.0,3330000.0,1,1,1,3.0
Tetouan,martil,False,Appartement,51.0,2.0,1.0,3.0,3490000.0,1,1,1,3.0
Tetouan,martil,False,Appartement,100.0,3.0,1.0,3.0,3900000.0,1,1,1,3.0
Tetouan,martil,False,Appartement,77.0,2.0,2.0,2.0,2690000.0,1,1,1,2.0
Tetouan,martil,False,Appartement,75.0,2.0,1.0,2.0,2540000.0,1,1,1,2.0
Tetouan,martil,False,Appartement,79.0,2.0,1.0,1.0,1380000.0,1,0,0,1.0
Tetouan,martil,False,Appartement,56.0,2.0,1.0,3.0,3450000.0,1,1,1,3.0
Tetouan,martil,False,Appartement,60.0,1.0,1.0,3.0,3360000.0,1,1,1,3.0
Tetouan,mdiq,False,Appartement,79.0,1.0,1.0,0.0,750000.0,1,0,1,0.0
Tetouan,martil,False,Appartement,60.0,2.0,1.0,0.0,400000.0,1,1,1,0.0
Tetouan,martil,False,Appartement,70.0,2.0,1.0,3.0,3650000.0,1,1,1,3.0
Tetouan,mdiq,False,Appartement,79.0,2.0,1.0,4.0,4360000.0,1,0,1,4.0
Tetouan,martil,False,Appartement,180.0,2.0,1.0,2.0,2800000.0,1,1,1,2.0
Tetouan,martil,False,Appartement,63.0,2.0,1.0,0.0,370000.0,1,1,1,0.0
Tetouan,martil,False,Appartement,58.0,2.0,1.0,1.0,1600000.0,1,1,1,1.0
Tetouan,martil,False,Appartement,79.0,1.0,1.0,0.0,470000.0,1,0,1,0.0
Tetouan,martil,False,Appartement,60.0,2.0,2.0,2.0,2350000.0,1,1,1,2.0
Tetouan,martil,False,Appartement,50.0,2.0,1.0,1.0,133000.0,1,1,1,1.0
Tetouan,martil,False,Appartement,86.0,2.0,1.0,1.0,175000.0,1,1,1,1.0
Tetouan,martil,False,Appartement,60.0,2.0,1.0,0.0,450000.0,1,1,1,0.0
Tetouan,martil,False,Appartement,53.0,1.0,1.0,0.0,410000.0,1,1,1,0.0
Tetouan,martil,False,Appartement,65.0,2.0,1.0,0.0,660000.0,1,1,1,0.0
Tetouan,martil,False,Appartement,79.0,3.0,2.0,3.0,3520000.0,1,1,1,3.0
Tetouan,larache,False,Appartement,92.0,3.0,1.0,6.0,6440000.0,1,1,1,6.0
Tetouan,larache,False,Appartement,67.0,2.0,1.0,3.0,3420000.0,1,1,1,3.0
Tetouan,martil,False,Appartement,68.0,2.0,1.0,3.0,345000.0,1,1,1,3.0
Tetouan,martil,False,Appartement,65.0,2.0,1.0,3.0,3500000.0,1,1,1,3.0
Tetouan,martil,False,Appartement,60.0,2.0,0.0,1.0,1410000.0,1,1,1,1.0
Tetouan,martil,False,Appartement,53.0,2.0,1.0,2.0,2350000.0,1,1,1,2.0
Tetouan,martil,False,Appartement,45.0,2.0,1.0,3.0,3500000.0,1,1,1,3.0
Tetouan,mdiq,False,Appartement,80.0,3.0,1.0,2.0,2900000.0,1,1,1,2.0
Tetouan,martil,False,Appartement,50.0,2.0,1.0,0.0,450000.0,1,1,1,0.0
Tetouan,martil,False,Appartement,60.0,2.0,1.0,2.0,2630000.0,1,1,1,2.0
Tetouan,martil,False,Appartement,50.0,2.0,1.0,1.0,1380000.0,1,1,1,1.0
Tetouan,martil,False,Appartement,50.0,1.0,1.0,1.0,1950000.0,1,1,1,1.0
Tetouan,fnideq,False,Appartement,79.0,3.0,1.0,5.0,5990000.0,1,0,0,5.0
Tetouan,martil,False,Appartement,80.0,2.0,1.0,1.0,1700000.0,1,1,1,1.0
Tetouan,martil,False,Appartement,60.0,2.0,1.0,4.0,4300000.0,1,1,1,4.0
Tetouan,martil,False,Appartement,50.0,2.0,1.0,2.0,2450000.0,1,1,1,2.0
Tetouan,martil,False,Appartement,68.0,2.0,1.0,2.0,258000.0,1,1,1,2.0
Tetouan,martil,False,Appartement,75.0,2.0,1.0,4.0,4590000.0,1,1,1,4.0
Tetouan,martil,False,Appartement,70.0,2.0,0.0,4.0,4620000.0,1,1,1,4.0
Tetouan,martil,False,Appartement,56.0,2.0,1.0,2.0,2350000.0,1,1,1,2.0
Tetouan,larache,False,Appartement,227.0,4.0,2.0,1.0,11100000.0,1,1,1,1.0
Tetouan,martil,False,Appartement,79.0,2.0,2.0,4.0,470000.0,1,0,1,4.0
Tetouan,fnideq,False,Appartement,84.0,2.0,2.0,2.0,2760000.0,1,1,1,2.0
Tetouan,martil,False,Appartement,68.0,2.0,1.0,1.0,185000.0,1,1,1,1.0
Tetouan,ksar_el_kebir,False,Appartement,65.0,2.0,1.0,2.0,2280000.0,1,1,1,2.0
Tetouan,martil,False,Appartement,85.0,3.0,2.0,1.0,1750000.0,1,1,1,1.0
Tetouan,martil,False,Appartement,82.0,3.0,2.0,2.0,2750000.0,1,1,1,2.0
Tetouan,mdiq,False,Appartement,60.0,1.0,1.0,0.0,860000.0,1,1,1,0.0
Essaouira,ghazoua,False,Appartement,111.0,3.0,0.0,3.0,3970000.0,1,1,1,3.0
Essaouira,tafoukt,False,Appartement,48.0,1.0,1.0,3.0,3900000.0,1,1,1,3.0
Essaouira,centre_ville,True,Appartement,56.0,2.0,1.0,1.0,1450000.0,1,1,1,1.0
Essaouira,ghazoua,False,Appartement,56.0,2.0,1.0,1.0,1420000.0,1,0,1,1.0
Essaouira,centre_ville,True,Appartement,48.0,1.0,1.0,3.0,3900000.0,1,1,1,3.0
Essaouira,le_boulevard_mohammed_v,False,Appartement,88.0,2.0,2.0,1.0,1250000.0,1,1,1,1.0
Essaouira,ghazoua,False,Appartement,56.0,2.0,1.0,1.0,1440000.0,1,0,1,1.0
Essaouira,argana,False,Appartement,89.0,2.0,2.0,1.0,1250000.0,1,1,1,1.0
Essaouira,centre_ville,True,Appartement,63.0,2.0,1.0,0.0,2000000.0,1,1,1,0.0
Essaouira,le_boulevard_mohammed_v,False,Appartement,80.0,2.0,2.0,1.0,1250000.0,1,1,1,1.0
Essaouira,le_boulevard_mohammed_v,False,Appartement,80.0,2.0,2.0,1.0,1270000.0,1,1,1,1.0
Essaouira,raounak,False,Appartement,56.0,2.0,1.0,3.0,1300000.0,1,0,1,3.0
Essaouira,centre_ville,True,Appartement,42.0,2.0,1.0,3.0,3420000.0,1,1,1,3.0
Essaouira,essaouira_el_jadida,False,Appartement,66.0,2.0,1.0,1.0,1520000.0,1,1,1,1.0
Essaouira,ghazoua,False,Appartement,56.0,2.0,1.0,1.0,110000.0,1,0,1,1.0
Essaouira,medina,False,Appartement,96.0,1.0,2.0,3.0,3960000.0,1,1,1,3.0
Essaouira,le_boulevard_mohammed_v,False,Appartement,80.0,2.0,2.0,1.0,1370000.0,1,1,1,1.0
Essaouira,ghazoua,False,Appartement,56.0,1.0,1.0,2.0,2420000.0,1,0,1,2.0
Essaouira,ghazoua,False,Appartement,68.0,2.0,2.0,2.0,210000.0,1,1,1,2.0
Essaouira,essaouira,False,Appartement,56.0,3.0,1.0,1.0,1900000.0,1,0,0,1.0
Essaouira,argana,False,Appartement,56.0,2.0,1.0,2.0,1300000.0,1,0,1,2.0
Essaouira,raounak,False,Appartement,78.0,2.0,2.0,1.0,1310000.0,1,1,1,1.0
Essaouira,ghazoua,False,Appartement,56.0,2.0,1.0,1.0,112000.0,1,0,1,1.0
Essaouira,centre_ville,True,Appartement,56.0,1.0,1.0,3.0,3850000.0,1,0,1,3.0
Essaouira,centre_ville,True,Appartement,50.0,2.0,1.0,1.0,1590000.0,1,1,1,1.0
Essaouira,argana,False,Appartement,56.0,2.0,1.0,1.0,1200000.0,1,0,1,1.0
Essaouira,centre_ville,True,Appartement,56.0,2.0,1.0,2.0,2900000.0,1,0,1,2.0
Essaouira,argana,False,Appartement,56.0,1.0,1.0,1.0,1800000.0,1,0,1,1.0
Essaouira,centre_ville,True,Appartement,72.0,2.0,1.0,0.0,550000.0,1,1,1,0.0
Essaouira,centre_ville,True,Appartement,45.0,2.0,0.0,3.0,3900000.0,1,1,1,3.0
Essaouira,centre_ville,True,Appartement,65.0,2.0,0.0,2.0,2850000.0,1,1,1,2.0
Essaouira,ghazoua,False,Appartement,56.0,2.0,1.0,2.0,2460000.0,1,1,1,2.0
Essaouira,ghazoua,False,Appartement,56.0,2.0,1.0,1.0,1430000.0,1,1,1,1.0
Essaouira,centre_ville,True,Appartement,50.0,1.0,0.0,3.0,3820000.0,1,1,1,3.0
Essaouira,ghazoua,False,Appartement,45.0,2.0,1.0,1.0,1450000.0,1,1,1,1.0
Essaouira,centre_ville,True,Appartement,120.0,2.0,1.0,1.0,11260000.0,1,1,1,1.0
Essaouira,essaouira_el_jadida,False,Appartement,50.0,1.0,1.0,0.0,430000.0,1,1,1,0.0
Essaouira,essaouira,False,Appartement,70.0,2.0,2.0,1.0,1380000.0,1,1,1,1.0
Essaouira,centre_ville,True,Appartement,94.0,1.0,1.0,3.0,3900000.0,1,1,1,3.0
Essaouira,bhibah,False,Appartement,45.0,1.0,1.0,1.0,1420000.0,1,1,1,1.0
Essaouira,bab_doukkala,False,Appartement,40.0,2.0,1.0,1.0,1540000.0,1,1,1,1.0
Essaouira,centre_ville,True,Appartement,56.0,2.0,1.0,3.0,3975000.0,1,0,1,3.0
Essaouira,borj,False,Appartement,42.0,1.0,1.0,1.0,1530000.0,1,1,1,1.0
Essaouira,essaouira_el_jadida,False,Appartement,56.0,3.0,0.0,0.0,500000.0,1,1,1,0.0
Essaouira,centre_ville,True,Appartement,56.0,2.0,0.0,2.0,2750000.0,1,1,1,2.0
Essaouira,ghazoua,False,Appartement,54.0,2.0,1.0,3.0,3430000.0,1,1,1,3.0
Essaouira,nouvelle_ville,False,Appartement,70.0,2.0,1.0,3.0,3610000.0,1,1,1,3.0
Essaouira,tamensourt,False,Appartement,48.0,2.0,1.0,3.0,3235000.0,1,1,1,3.0
Oujda,centre_ville,True,Appartement,110.0,3.0,1.0,1.0,1450000.0,1,1,1,1.0
Oujda,autre_secteur,True,Appartement,128.0,3.0,2.0,1.0,1580000.0,1,1,1,1.0
Oujda,centre_ville,True,Appartement,100.0,2.0,1.0,0.0,470000.0,1,1,1,0.0
Oujda,boustane,False,Appartement,106.0,3.0,1.0,1.0,1400000.0,1,1,1,1.0
Oujda,centre_ville,True,Appartement,100.0,3.0,1.0,2.0,2350000.0,1,1,1,2.0
Oujda,centre_ville,True,Appartement,80.0,3.0,1.0,0.0,360000.0,1,1,1,0.0
Oujda,centre_ville,True,Appartement,118.0,3.0,1.0,2.0,2420000.0,1,1,1,2.0
Oujda,centre_ville,True,Appartement,90.0,3.0,1.0,2.0,2330000.0,1,1,1,2.0
Oujda,centre_ville,True,Appartement,100.0,2.0,1.0,0.0,430000.0,1,1,1,0.0
Oujda,hay_zitoune,False,Appartement,100.0,3.0,1.0,1.0,1430000.0,1,1,1,1.0
Oujda,autre_secteur,True,Appartement,110.0,3.0,1.0,1.0,1260000.0,1,1,1,1.0
Oujda,centre_ville,True,Appartement,85.0,2.0,1.0,1.0,1390000.0,1,1,1,1.0
Oujda,hay_lazaret,False,Appartement,85.0,2.0,1.0,1.0,1330000.0,1,1,1,1.0
Oujda,centre_ville,True,Appartement,80.0,2.0,1.0,1.0,1400000.0,1,1,1,1.0
Oujda,nour,False,Appartement,120.0,3.0,2.0,2.0,2670000.0,1,1,1,2.0
Oujda,centre_ville,True,Appartement,124.0,3.0,1.0,1.0,1420000.0,1,1,1,1.0
Oujda,hay_zitoune,False,Appartement,145.0,4.0,2.0,4.0,4570000.0,1,1,1,4.0
Oujda,autre_secteur,True,Appartement,90.0,3.0,2.0,1.0,1270000.0,1,1,1,1.0
Oujda,boustane,False,Appartement,80.0,2.0,0.0,2.0,2300000.0,1,1,1,2.0
Oujda,agdal,False,Appartement,85.0,2.0,1.0,3.0,3380000.0,1,1,1,3.0
Oujda,centre_ville,True,Appartement,85.0,2.0,1.0,0.0,400000.0,1,1,1,0.0
Oujda,andalous,False,Appartement,105.0,3.0,2.0,1.0,1370000.0,1,1,1,1.0
Oujda,centre_ville,True,Appartement,100.0,3.0,1.0,1.0,1470000.0,1,1,1,1.0
Oujda,hay_ennasr,False,Appartement,80.0,2.0,1.0,1.0,1260000.0,1,0,1,1.0
Oujda,andalous,False,Appartement,60.0,2.0,1.0,2.0,2220000.0,1,1,1,2.0
Oujda,agdal,False,Appartement,80.0,3.0,1.0,2.0,2270000.0,1,1,1,2.0
Oujda,sidi_yahya,False,Appartement,90.0,3.0,2.0,3.0,3370000.0,1,1,1,3.0
Oujda,hay_zitoune,False,Appartement,100.0,3.0,1.0,3.0,3440000.0,1,1,1,3.0
Oujda,sidi_yahya,False,Appartement,150.0,3.0,1.0,2.0,2490000.0,1,1,1,2.0
Oujda,hay_zitoune,False,Appartement,74.0,2.0,1.0,2.0,2350000.0,1,1,1,2.0
Oujda,centre_ville,True,Appartement,85.0,2.0,1.0,1.0,1380000.0,1,1,1,1.0
Oujda,hay_el_andalous,False,Appartement,100.0,3.0,1.0,3.0,3460000.0,1,1,1,3.0
Oujda,cgi,False,Appartement,80.0,5.0,1.0,2.0,2330000.0,1,0,1,2.0
Oujda,andalous,False,Appartement,97.0,2.0,2.0,0.0,370000.0,1,1,1,0.0
Oujda,autre_secteur,True,Appartement,80.0,2.0,1.0,1.0,1260000.0,1,1,1,1.0
Oujda,agdal,False,Appartement,90.0,3.0,1.0,2.0,2290000.0,1,1,1,2.0
Oujda,cgi,False,Appartement,80.0,2.0,1.0,0.0,320000.0,1,0,1,0.0
Oujda,autre_secteur,True,Appartement,75.0,4.0,1.0,1.0,1270000.0,1,1,1,1.0
Oujda,hay_zitoune,False,Appartement,90.0,2.0,1.0,3.0,3370000.0,1,1,1,3.0
Oujda,centre_ville,True,Appartement,80.0,2.0,1.0,1.0,1460000.0,1,1,1,1.0
Oujda,andalous,False,Appartement,105.0,2.0,2.0,0.0,370000.0,1,1,1,0.0
Oujda,hay_zitoune,False,Appartement,146.0,3.0,2.0,1.0,1510000.0,1,1,1,1.0
Oujda,autre_secteur,True,Appartement,80.0,4.0,1.0,1.0,1380000.0,1,0,1,1.0
Oujda,hay_zitoune,False,Appartement,100.0,3.0,2.0,1.0,1460000.0,1,1,1,1.0
Oujda,hay_zitoune,False,Appartement,86.0,3.0,1.0,1.0,1380000.0,1,1,1,1.0
Oujda,route_jerada,False,Appartement,100.0,3.0,1.0,1.0,1450000.0,1,1,1,1.0
Oujda,sidi_yahya,False,Appartement,100.0,3.0,1.0,2.0,2390000.0,1,1,1,2.0
Oujda,autre_secteur,True,Appartement,70.0,2.0,1.0,unknown,290000.0,0,1,1,unknown
Oujda,centre_ville,True,Appartement,104.0,2.0,2.0,4.0,4660000.0,1,1,1,4.0
Oujda,jawhara,False,Appartement,57.0,2.0,1.0,unknown,400000.0,0,1,1,unknown
Oujda,centre_ville,True,Appartement,85.0,2.0,2.0,5.0,5820000.0,1,1,1,5.0
Oujda,hay_el_qods,False,Appartement,106.0,2.0,2.0,1.0,1610000.0,1,1,1,1.0
Oujda,jawhara,False,Appartement,72.0,3.0,1.0,1.0,1330000.0,1,1,1,1.0
Oujda,centre_ville,True,Appartement,50.0,2.0,1.0,2.0,224500.0,1,1,1,2.0
Oujda,andalous,False,Appartement,80.0,2.0,1.0,0.0,4000000.0,1,0,1,0.0
Oujda,autre_secteur,True,Appartement,73.0,2.0,2.0,1.0,1290000.0,1,1,1,1.0
Oujda,hay_el_qods,False,Appartement,79.0,2.0,1.0,0.0,450000.0,1,1,1,0.0
Oujda,hay_lazaret,False,Appartement,80.0,2.0,1.0,2.0,2480000.0,1,1,1,2.0
Oujda,autre_secteur,True,Appartement,110.0,3.0,1.0,1.0,1550000.0,1,1,1,1.0
Oujda,autre_secteur,True,Appartement,80.0,2.0,2.0,1.0,1300000.0,1,0,1,1.0
Oujda,hay_lazaret,False,Appartement,74.0,3.0,1.0,0.0,410000.0,1,1,1,0.0
Oujda,autre_secteur,True,Appartement,73.0,2.0,1.0,2.0,2320000.0,1,1,1,2.0
Oujda,centre_ville,True,Appartement,110.0,2.0,2.0,4.0,4800000.0,1,1,1,4.0
Oujda,centre_ville,True,Appartement,90.0,3.0,1.0,3.0,3320000.0,1,1,1,3.0
Oujda,autre_secteur,True,Appartement,60.0,2.0,2.0,3.0,3220000.0,1,1,1,3.0
Oujda,oujda,False,Appartement,59.0,2.0,1.0,1.0,1650000.0,1,1,1,1.0
Oujda,autre_secteur,True,Appartement,68.0,2.0,1.0,1.0,1290000.0,1,1,1,1.0
Oujda,centre_ville,True,Appartement,112.0,2.0,2.0,5.0,5720000.0,1,1,1,5.0
Oujda,hay_lazaret,False,Appartement,120.0,2.0,1.0,0.0,570000.0,1,1,1,0.0
Oujda,route_jerada,False,Appartement,78.0,3.0,1.0,2.0,2320000.0,1,1,1,2.0
Oujda,hay_salam,False,Appartement,150.0,3.0,2.0,0.0,870000.0,1,1,1,0.0
Oujda,autre_secteur,True,Appartement,60.0,2.0,2.0,1.0,1300000.0,1,1,1,1.0
Oujda,autre_secteur,True,Appartement,85.0,2.0,1.0,0.0,650000.0,1,1,1,0.0
Oujda,centre_ville,True,Appartement,76.0,2.0,1.0,0.0,840000.0,1,1,1,0.0
Oujda,hay_zitoune,False,Appartement,91.0,2.0,1.0,1.0,1500000.0,1,1,1,1.0
Oujda,autre_secteur,True,Appartement,63.0,2.0,1.0,2.0,2350000.0,1,1,1,2.0
Oujda,centre_ville,True,Appartement,90.0,3.0,1.0,2.0,2700000.0,1,1,1,2.0
Oujda,route_jerada,False,Appartement,90.0,2.0,1.0,2.0,2350000.0,1,1,1,2.0
Oujda,nour,False,Appartement,55.0,2.0,1.0,1.0,1340000.0,1,1,1,1.0
Oujda,centre_ville,True,Appartement,68.0,2.0,1.0,1.0,1399000.0,1,1,1,1.0
Oujda,hay_el_qods,False,Appartement,125.0,3.0,1.0,0.0,950000.0,1,1,1,0.0
Oujda,centre_ville,True,Appartement,102.0,1.0,3.0,3.0,360000.0,1,1,1,3.0
Oujda,autre_secteur,True,Appartement,75.0,2.0,1.0,4.0,4330000.0,1,1,1,4.0
Oujda,andalous,False,Appartement,60.0,2.0,1.0,unknown,270000.0,0,1,1,unknown
Oujda,autre_secteur,True,Appartement,72.0,2.0,1.0,2.0,2320000.0,1,1,1,2.0
Oujda,centre_ville,True,Appartement,95.0,2.0,1.0,5.0,5700000.0,1,1,1,5.0
Oujda,hay_fath,False,Appartement,97.0,3.0,2.0,2.0,2510000.0,1,1,1,2.0
Oujda,boustane,False,Appartement,55.0,2.0,1.0,3.0,3420000.0,1,1,1,3.0
Oujda,agdal,False,Appartement,67.0,1.0,1.0,1.0,1400000.0,1,1,1,1.0
Oujda,hay_zitoune,False,Appartement,104.0,2.0,1.0,0.0,520000.0,1,1,1,0.0
Oujda,andalous,False,Appartement,115.0,3.0,1.0,1.0,1320000.0,1,1,1,1.0
Oujda,hay_el_qods,False,Appartement,105.0,3.0,2.0,4.0,4750000.0,1,1,1,4.0
Oujda,hay_lazaret,False,Appartement,80.0,2.0,1.0,4.0,4550000.0,1,0,0,4.0
Oujda,hay_el_andalous,False,Appartement,100.0,3.0,1.0,0.0,250000.0,1,1,1,0.0
Oujda,hay_lazaret,False,Appartement,72.0,2.0,1.0,0.0,300000.0,1,1,1,0.0
Oujda,hay_el_qods,False,Appartement,100.0,2.0,1.0,0.0,570000.0,1,1,1,0.0
Oujda,hay_lazaret,False,Appartement,80.0,2.0,1.0,3.0,3320000.0,1,0,1,3.0
Oujda,hay_lazaret,False,Appartement,75.0,2.0,1.0,2.0,2280000.0,1,1,1,2.0
Oujda,centre_ville,True,Appartement,60.0,2.0,1.0,1.0,1350000.0,1,1,1,1.0
Oujda,najd,False,Appartement,103.0,3.0,1.0,2.0,2730000.0,1,1,1,2.0
Oujda,hay_takkadom,False,Appartement,110.0,2.0,1.0,2.0,2470000.0,1,1,1,2.0
Oujda,iris,False,Appartement,77.0,2.0,1.0,2.0,2350000.0,1,1,1,2.0
Oujda,agdal,False,Appartement,73.0,2.0,1.0,2.0,2320000.0,1,1,1,2.0
Oujda,nour,False,Appartement,57.0,2.0,1.0,2.0,2300000.0,1,1,1,2.0
Oujda,autre_secteur,True,Appartement,93.0,3.0,2.0,4.0,4380000.0,1,1,1,4.0
Oujda,boustane,False,Appartement,80.0,2.0,1.0,0.0,370000.0,1,0,1,0.0
Oujda,sidi_yahya,False,Appartement,80.0,2.0,1.0,4.0,4430000.0,1,0,1,4.0
Oujda,andalous,False,Appartement,67.0,2.0,0.0,3.0,3360000.0,1,1,1,3.0
Oujda,centre_ville,True,Appartement,104.0,2.0,1.0,1.0,1940000.0,1,1,1,1.0
Oujda,centre_ville,True,Appartement,85.0,2.0,2.0,2.0,2400000.0,1,1,1,2.0
Oujda,autre_secteur,True,Appartement,73.0,2.0,1.0,1.0,1320000.0,1,1,1,1.0
Oujda,hay_salam,False,Appartement,60.0,2.0,1.0,3.0,3300000.0,1,1,1,3.0
Oujda,nour,False,Appartement,57.0,2.0,1.0,2.0,2320000.0,1,1,1,2.0
Oujda,nour,False,Appartement,71.0,2.0,1.0,3.0,3280000.0,1,1,1,3.0
Oujda,autre_secteur,True,Appartement,63.0,2.0,0.0,2.0,2350000.0,1,1,1,2.0
Oujda,autre_secteur,True,Appartement,57.0,2.0,1.0,1.0,1220000.0,1,1,1,1.0
Oujda,nour,False,Appartement,55.0,2.0,1.0,4.0,4270000.0,1,1,1,4.0
Oujda,boustane,False,Appartement,100.0,2.0,1.0,0.0,600000.0,1,1,1,0.0
Oujda,route_jerada,False,Appartement,100.0,2.0,1.0,1.0,1350000.0,1,1,1,1.0
Oujda,centre_ville,True,Appartement,80.0,2.0,1.0,3.0,3810000.0,1,1,1,3.0
Oujda,autre_secteur,True,Appartement,66.0,3.0,1.0,2.0,2690000.0,1,1,1,2.0
Oujda,hay_ennasr,False,Appartement,72.0,2.0,1.0,1.0,1420000.0,1,1,1,1.0
Oujda,hay_el_qods,False,Appartement,86.0,3.0,1.0,3.0,3670000.0,1,1,1,3.0
Oujda,route_jerada,False,Appartement,70.0,3.0,0.0,2.0,2330000.0,1,1,1,2.0
Oujda,route_jerada,False,Appartement,71.0,3.0,0.0,2.0,2440000.0,1,1,1,2.0
Oujda,najd,False,Appartement,80.0,2.0,1.0,2.0,2300000.0,1,1,1,2.0
Oujda,hay_el_qods,False,Appartement,105.0,3.0,2.0,4.0,4800000.0,1,1,1,4.0
Oujda,autre_secteur,True,Appartement,60.0,2.0,1.0,4.0,4275000.0,1,1,1,4.0
Oujda,bd_allal_el_fassi,False,Appartement,143.0,3.0,1.0,3.0,3640000.0,1,1,1,3.0
Oujda,autre_secteur,True,Appartement,74.0,2.0,1.0,3.0,3450000.0,1,1,1,3.0
Oujda,hay_zitoune,False,Appartement,110.0,2.0,1.0,0.0,550000.0,1,1,1,0.0
Oujda,autre_secteur,True,Appartement,72.0,2.0,1.0,2.0,2330000.0,1,1,1,2.0
Oujda,najd,False,Appartement,55.0,2.0,1.0,3.0,3280000.0,1,1,1,3.0
Oujda,route_jerada,False,Appartement,90.0,2.0,1.0,1.0,1350000.0,1,1,1,1.0
Oujda,hay_lazaret,False,Appartement,138.0,3.0,1.0,2.0,2420000.0,1,1,1,2.0
Oujda,autre_secteur,True,Appartement,136.0,3.0,2.0,1.0,1650000.0,1,1,1,1.0
Oujda,autre_secteur,True,Appartement,64.0,2.0,1.0,2.0,2300000.0,1,1,1,2.0
Oujda,nour,False,Appartement,56.0,2.0,1.0,2.0,2280000.0,1,1,1,2.0
Oujda,oujda,False,Appartement,75.0,2.0,1.0,1.0,1340000.0,1,1,1,1.0
Oujda,centre_ville,True,Appartement,77.0,1.0,1.0,1.0,1450000.0,1,1,1,1.0
Oujda,centre_ville,True,Appartement,67.0,2.0,0.0,0.0,350000.0,1,1,1,0.0
Oujda,autre_secteur,True,Appartement,80.0,2.0,1.0,2.0,2340000.0,1,0,1,2.0
Oujda,iris,False,Appartement,80.0,2.0,1.0,0.0,360000.0,1,0,1,0.0
Oujda,boustane,False,Appartement,100.0,3.0,0.0,0.0,490000.0,1,1,1,0.0
Oujda,autre_secteur,True,Appartement,80.0,2.0,1.0,3.0,3700000.0,1,1,1,3.0
Oujda,hay_el_qods,False,Appartement,165.0,4.0,3.0,0.0,750000.0,1,1,1,0.0
Oujda,autre_secteur,True,Appartement,80.0,2.0,1.0,4.0,4260000.0,1,0,1,4.0
Oujda,agdal,False,Appartement,110.0,2.0,1.0,0.0,600000.0,1,1,1,0.0
Oujda,centre_ville,True,Appartement,70.0,1.0,1.0,2.0,2370000.0,1,1,1,2.0
Oujda,autre_secteur,True,Appartement,52.0,2.0,1.0,1.0,1230000.0,1,1,1,1.0
Oujda,autre_secteur,True,Appartement,110.0,2.0,1.0,3.0,3680000.0,1,1,1,3.0
Oujda,hay_lazaret,False,Appartement,112.0,3.0,1.0,2.0,2550000.0,1,1,1,2.0
Oujda,centre_ville,True,Appartement,98.0,2.0,2.0,5.0,5774000.0,1,1,1,5.0
Oujda,centre_ville,True,Appartement,80.0,2.0,1.0,1.0,1500000.0,1,1,1,1.0
Oujda,hay_lazaret,False,Appartement,138.0,3.0,2.0,2.0,2420000.0,1,1,1,2.0
Oujda,autre_secteur,True,Appartement,56.0,2.0,0.0,1.0,1280000.0,1,1,1,1.0
Oujda,autre_secteur,True,Appartement,124.0,3.0,2.0,2.0,2550000.0,1,1,1,2.0
Oujda,agdal,False,Appartement,72.0,2.0,0.0,3.0,3330000.0,1,1,1,3.0
Oujda,hay_ennasr,False,Appartement,70.0,2.0,1.0,2.0,2380000.0,1,1,1,2.0
Oujda,hay_el_andalous,False,Appartement,140.0,3.0,2.0,0.0,720000.0,1,1,1,0.0
Oujda,autre_secteur,True,Appartement,44.0,2.0,1.0,2.0,2186000.0,1,1,1,2.0
Oujda,autre_secteur,True,Appartement,75.0,2.0,0.0,4.0,4300000.0,1,1,1,4.0
Oujda,autre_secteur,True,Appartement,80.0,2.0,2.0,2.0,2350000.0,1,0,1,2.0
Oujda,autre_secteur,True,Appartement,70.0,2.0,1.0,2.0,2400000.0,1,1,1,2.0
Oujda,autre_secteur,True,Appartement,83.0,2.0,1.0,0.0,330000.0,1,1,1,0.0
Oujda,centre_ville,True,Appartement,91.0,2.0,2.0,1.0,1800000.0,1,1,1,1.0
Oujda,hay_salam,False,Appartement,54.0,2.0,1.0,3.0,3290000.0,1,1,1,3.0
Oujda,autre_secteur,True,Appartement,122.0,3.0,1.0,1.0,1550000.0,1,1,1,1.0
Oujda,route_jerada,False,Appartement,80.0,3.0,1.0,2.0,2290000.0,1,0,1,2.0
Oujda,hay_salam,False,Appartement,53.0,2.0,1.0,4.0,4240000.0,1,1,1,4.0
Oujda,hay_lazaret,False,Appartement,57.0,2.0,1.0,1.0,1220000.0,1,1,1,1.0
Oujda,centre_ville,True,Appartement,80.0,2.0,2.0,4.0,4900000.0,1,0,1,4.0
Oujda,centre_ville,True,Appartement,80.0,3.0,2.0,4.0,4700000.0,1,0,1,4.0
Oujda,centre_ville,True,Appartement,80.0,2.0,2.0,3.0,3700000.0,1,0,1,3.0
Oujda,boustane,False,Appartement,120.0,2.0,1.0,2.0,2730000.0,1,1,1,2.0
Oujda,boustane,False,Appartement,71.0,3.0,0.0,2.0,2370000.0,1,1,1,2.0
Oujda,andalous,False,Appartement,120.0,3.0,1.0,2.0,2580000.0,1,1,1,2.0
Oujda,boustane,False,Appartement,130.0,2.0,3.0,0.0,600000.0,1,1,1,0.0
Oujda,autre_secteur,True,Appartement,74.0,2.0,1.0,3.0,3270000.0,1,1,1,3.0
Oujda,autre_secteur,True,Appartement,68.0,2.0,1.0,0.0,320000.0,1,1,1,0.0
Oujda,hay_el_qods,False,Appartement,90.0,3.0,1.0,1.0,1500000.0,1,1,1,1.0
Oujda,agdal,False,Appartement,71.0,2.0,1.0,3.0,3290000.0,1,1,1,3.0
Oujda,hay_el_andalous,False,Appartement,80.0,2.0,1.0,2.0,2290000.0,1,0,1,2.0
Oujda,hay_lazaret,False,Appartement,70.0,2.0,1.0,4.0,4250000.0,1,1,1,4.0
Oujda,boustane,False,Appartement,71.0,3.0,1.0,2.0,2370000.0,1,1,1,2.0
Oujda,autre_secteur,True,Appartement,80.0,2.0,1.0,3.0,3360000.0,1,0,1,3.0
Oujda,hay_salam,False,Appartement,60.0,2.0,1.0,1.0,1370000.0,1,1,1,1.0
Oujda,grand_boulevard_ahfir,False,Appartement,80.0,2.0,1.0,3.0,3300000.0,1,0,1,3.0
Oujda,agdal,False,Appartement,80.0,2.0,1.0,3.0,3280000.0,1,0,1,3.0
Oujda,centre_ville,True,Appartement,70.0,3.0,1.0,unknown,380000.0,0,1,1,unknown
Oujda,autre_secteur,True,Appartement,80.0,3.0,1.0,0.0,620000.0,1,0,1,0.0
Oujda,autre_secteur,True,Appartement,60.0,1.0,1.0,4.0,4380000.0,1,1,1,4.0
Oujda,centre_ville,True,Appartement,100.0,2.0,1.0,2.0,2950000.0,1,1,1,2.0
Oujda,autre_secteur,True,Appartement,150.0,5.0,2.0,4.0,4600000.0,1,1,1,4.0
Oujda,agdal,False,Appartement,136.0,3.0,1.0,3.0,3570000.0,1,1,1,3.0
Oujda,hay_lazaret,False,Appartement,70.0,2.0,1.0,3.0,3290000.0,1,1,1,3.0
Oujda,bd_hassan_ii,False,Appartement,80.0,2.0,2.0,2.0,2920000.0,1,0,1,2.0
Oujda,grand_boulevard_ahfir,False,Appartement,75.0,2.0,1.0,0.0,460000.0,1,1,1,0.0
Oujda,andalous,False,Appartement,63.0,2.0,1.0,2.0,2380000.0,1,1,1,2.0
Oujda,centre_ville,True,Appartement,89.0,2.0,1.0,5.0,5640000.0,1,1,1,5.0
Oujda,agdal,False,Appartement,80.0,2.0,1.0,0.0,350000.0,1,0,1,0.0
Oujda,hay_el_andalous,False,Appartement,81.0,2.0,1.0,2.0,2390000.0,1,1,1,2.0
Oujda,cgi,False,Appartement,70.0,2.0,1.0,3.0,3330000.0,1,1,1,3.0
Oujda,hay_lazaret,False,Appartement,80.0,3.0,2.0,2.0,2510000.0,1,0,1,2.0
Oujda,andalous,False,Appartement,65.0,2.0,1.0,0.0,340000.0,1,1,1,0.0
Oujda,autre_secteur,True,Appartement,65.0,2.0,2.0,4.0,4235000.0,1,1,1,4.0
Oujda,autre_secteur,True,Appartement,115.0,2.0,1.0,0.0,520000.0,1,1,1,0.0
Oujda,bd_allal_el_fassi,False,Appartement,100.0,3.0,2.0,1.0,1420000.0,1,1,1,1.0
Oujda,hay_salam,False,Appartement,60.0,1.0,1.0,0.0,290000.0,1,1,1,0.0
Oujda,iris,False,Appartement,53.0,2.0,1.0,4.0,4270000.0,1,1,1,4.0
Oujda,route_jerada,False,Appartement,75.0,3.0,1.0,2.0,2390000.0,1,1,1,2.0
Oujda,route_jerada,False,Appartement,115.0,3.0,2.0,0.0,380000.0,1,1,1,0.0
Oujda,hay_lazaret,False,Appartement,112.0,2.0,1.0,1.0,1750000.0,1,1,1,1.0
Oujda,iris,False,Appartement,53.0,2.0,1.0,4.0,4260000.0,1,1,1,4.0
Oujda,autre_secteur,True,Appartement,63.0,2.0,2.0,3.0,3300000.0,1,1,1,3.0
Oujda,hay_takkadom,False,Appartement,71.0,2.0,1.0,3.0,3320000.0,1,1,1,3.0
Oujda,hay_salam,False,Appartement,108.0,2.0,2.0,0.0,680000.0,1,1,1,0.0
Oujda,hay_salam,False,Appartement,54.0,2.0,1.0,4.0,4250000.0,1,1,1,4.0
Oujda,hay_lazaret,False,Appartement,80.0,2.0,1.0,2.0,2370000.0,1,0,1,2.0
Oujda,autre_secteur,True,Appartement,45.0,2.0,1.0,1.0,1240000.0,1,1,1,1.0
Oujda,hay_el_qods,False,Appartement,33.0,1.0,0.0,0.0,430000.0,1,1,1,0.0
Oujda,hay_el_andalous,False,Appartement,80.0,2.0,1.0,2.0,2270000.0,1,0,1,2.0
Oujda,centre_ville,True,Appartement,100.0,2.0,2.0,2.0,2730000.0,1,1,1,2.0
Oujda,autre_secteur,True,Appartement,62.0,2.0,2.0,4.0,4200000.0,1,1,1,4.0
Oujda,hay_el_qods,False,Appartement,93.0,2.0,1.0,2.0,2780000.0,1,1,1,2.0
Oujda,andalous,False,Appartement,120.0,3.0,1.0,0.0,690000.0,1,1,1,0.0
Oujda,iris,False,Appartement,62.0,2.0,1.0,2.0,2400000.0,1,1,1,2.0
Oujda,route_jerada,False,Appartement,115.0,2.0,2.0,0.0,530000.0,1,1,1,0.0
Oujda,hay_el_qods,False,Appartement,88.0,2.0,1.0,3.0,3660000.0,1,1,1,3.0
Oujda,hay_salam,False,Appartement,80.0,2.0,1.0,3.0,3320000.0,1,0,1,3.0
Oujda,andalous,False,Appartement,80.0,2.0,0.0,1.0,1280000.0,1,0,1,1.0
Oujda,centre_ville,True,Appartement,91.0,2.0,2.0,3.0,3720000.0,1,1,1,3.0
Oujda,bd_allal_el_fassi,False,Appartement,80.0,2.0,1.0,0.0,470000.0,1,0,1,0.0
Oujda,autre_secteur,True,Appartement,55.0,2.0,1.0,3.0,3280000.0,1,1,1,3.0
Oujda,hay_lazaret,False,Appartement,92.0,2.0,1.0,1.0,1370000.0,1,1,1,1.0
Oujda,iris,False,Appartement,80.0,2.0,1.0,4.0,4320000.0,1,0,1,4.0
Oujda,najd,False,Appartement,90.0,2.0,1.0,1.0,1449499.0,1,1,1,1.0
Oujda,grand_boulevard_ahfir,False,Appartement,80.0,2.0,1.0,2.0,2350000.0,1,0,1,2.0
Oujda,autre_secteur,True,Appartement,75.0,2.0,1.0,2.0,2500000.0,1,1,1,2.0
Oujda,bd_allal_el_fassi,False,Appartement,130.0,4.0,2.0,0.0,1320000.0,1,1,1,0.0
Oujda,autre_secteur,True,Appartement,70.0,2.0,2.0,1.0,1299999.0,1,1,1,1.0
Oujda,centre_ville,True,Appartement,72.0,3.0,1.0,1.0,1450000.0,1,1,1,1.0
Oujda,najd,False,Appartement,70.0,2.0,1.0,4.0,4310000.0,1,1,1,4.0
Oujda,hay_takkadom,False,Appartement,86.0,2.0,0.0,3.0,3200000.0,1,1,1,3.0
Oujda,agdal,False,Appartement,75.0,2.0,1.0,2.0,2350000.0,1,1,1,2.0
Oujda,agdal,False,Appartement,147.0,3.0,2.0,0.0,730000.0,1,1,1,0.0
Oujda,boustane,False,Appartement,136.0,3.0,2.0,1.0,1660000.0,1,1,1,1.0
Oujda,centre_ville,True,Appartement,154.0,3.0,2.0,3.0,3900000.0,1,1,1,3.0
Oujda,autre_secteur,True,Appartement,54.0,2.0,1.0,2.0,2350000.0,1,1,1,2.0
Oujda,hay_lazaret,False,Appartement,80.0,2.0,1.0,4.0,4285000.0,1,0,1,4.0
Oujda,route_jerada,False,Appartement,65.0,2.0,1.0,3.0,3280000.0,1,1,1,3.0
Oujda,autre_secteur,True,Appartement,80.0,2.0,2.0,0.0,220000.0,1,0,1,0.0
Oujda,centre_ville,True,Appartement,115.0,3.0,2.0,8.0,8650000.0,1,1,1,8.0
Oujda,centre_ville,True,Appartement,90.0,2.0,1.0,2.0,2580000.0,1,1,1,2.0
Oujda,boustane,False,Appartement,74.0,2.0,1.0,2.0,2270000.0,1,1,1,2.0
Oujda,centre_ville,True,Appartement,154.0,3.0,1.0,3.0,3850000.0,1,1,1,3.0
Oujda,autre_secteur,True,Appartement,105.0,3.0,1.0,1.0,1470000.0,1,1,1,1.0
Oujda,riad_isli,False,Appartement,72.0,2.0,1.0,3.0,3420000.0,1,1,1,3.0
Oujda,andalous,False,Appartement,75.0,2.0,1.0,1.0,1600000.0,1,1,1,1.0
Oujda,iris,False,Appartement,55.0,2.0,1.0,0.0,400000.0,1,1,1,0.0
Oujda,boustane,False,Appartement,65.0,2.0,1.0,1.0,1260000.0,1,1,1,1.0
Oujda,andalous,False,Appartement,80.0,2.0,1.0,1.0,1320000.0,1,0,1,1.0
Oujda,hay_el_qods,False,Appartement,32.0,1.0,0.0,2.0,2420000.0,1,1,1,2.0
Oujda,autre_secteur,True,Appartement,80.0,3.0,2.0,2.0,2530000.0,1,0,1,2.0
Oujda,hay_fath,False,Appartement,75.0,2.0,1.0,3.0,3320000.0,1,1,1,3.0
Oujda,hay_lazaret,False,Appartement,115.0,3.0,1.0,2.0,2560000.0,1,1,1,2.0
Oujda,andalous,False,Appartement,70.0,2.0,1.0,0.0,395000.0,1,1,1,0.0
Oujda,route_jerada,False,Appartement,80.0,2.0,1.0,0.0,350000.0,1,0,1,0.0
Oujda,centre_ville,True,Appartement,70.0,2.0,1.0,2.0,2480000.0,1,1,1,2.0
Oujda,iris,False,Appartement,62.0,2.0,1.0,1.0,1480000.0,1,1,1,1.0
Oujda,cgi,False,Appartement,95.0,3.0,2.0,1.0,1410000.0,1,1,1,1.0
Oujda,najd,False,Appartement,96.0,3.0,1.0,1.0,1430000.0,1,1,1,1.0
Oujda,iris,False,Appartement,80.0,2.0,1.0,0.0,450000.0,1,0,1,0.0
Oujda,route_jerada,False,Appartement,87.0,2.0,1.0,3.0,3250000.0,1,1,1,3.0
Oujda,centre_ville,True,Appartement,80.0,2.0,1.0,4.0,4290000.0,1,0,1,4.0
Oujda,hay_takkadom,False,Appartement,71.0,2.0,1.0,3.0,3340000.0,1,1,1,3.0
Oujda,centre_ville,True,Appartement,100.0,2.0,1.0,2.0,2700000.0,1,1,1,2.0
Oujda,boustane,False,Appartement,100.0,3.0,2.0,1.0,1550000.0,1,1,1,1.0
Oujda,cgi,False,Appartement,78.0,2.0,1.0,2.0,2340000.0,1,1,1,2.0
Oujda,boustane,False,Appartement,90.0,2.0,1.0,3.0,3440000.0,1,1,1,3.0
Oujda,grand_boulevard_ahfir,False,Appartement,82.0,2.0,2.0,3.0,3370000.0,1,1,1,3.0
Oujda,autre_secteur,True,Appartement,70.0,1.0,1.0,1.0,1280000.0,1,1,1,1.0
Oujda,autre_secteur,True,Appartement,105.0,3.0,2.0,2.0,2480000.0,1,1,1,2.0
Oujda,hay_el_qods,False,Appartement,72.0,1.0,1.0,4.0,4650000.0,1,1,1,4.0
Oujda,centre_ville,True,Appartement,100.0,2.0,1.0,1.0,1850000.0,1,1,1,1.0
Oujda,hikma_ii,False,Appartement,90.0,2.0,2.0,1.0,1450000.0,1,1,1,1.0
Oujda,andalous,False,Appartement,95.0,3.0,1.0,2.0,2550000.0,1,1,1,2.0
Oujda,hay_fath,False,Appartement,75.0,3.0,2.0,2.0,2349999.0,1,1,1,2.0
Oujda,autre_secteur,True,Appartement,75.0,2.0,1.0,3.0,3300000.0,1,1,1,3.0
Oujda,nour,False,Appartement,70.0,2.0,1.0,1.0,1800000.0,1,1,1,1.0
Oujda,autre_secteur,True,Appartement,60.0,2.0,2.0,2.0,2345000.0,1,1,1,2.0
Oujda,jawhara,False,Appartement,70.0,2.0,1.0,3.0,3240000.0,1,1,1,3.0
Oujda,saidia,False,Appartement,56.0,2.0,1.0,0.0,400000.0,1,1,1,0.0
Oujda,saidia,False,Appartement,63.0,2.0,1.0,4.0,4600000.0,1,1,1,4.0
Oujda,saidia,False,Appartement,63.0,2.0,1.0,3.0,3600000.0,1,1,1,3.0
Oujda,selouane,False,Appartement,56.0,2.0,1.0,1.0,1300000.0,1,1,1,1.0
Oujda,saidia,False,Appartement,37.0,2.0,1.0,1.0,1490000.0,1,1,1,1.0
Oujda,saidia,False,Appartement,91.0,2.0,1.0,1.0,1940000.0,1,1,1,1.0
Oujda,berkane,False,Appartement,91.0,3.0,1.0,2.0,2730000.0,1,1,1,2.0
Oujda,saidia,False,Appartement,100.0,3.0,0.0,1.0,1650000.0,1,1,1,1.0
Taza,taza,False,Appartement,120.0,4.0,1.0,2.0,2650000.0,1,1,1,2.0
Oujda,saidia,False,Appartement,70.0,3.0,1.0,4.0,4460000.0,1,1,1,4.0
Oujda,saidia,False,Appartement,180.0,2.0,2.0,0.0,1950000.0,1,1,1,0.0
Oujda,autre_secteur,True,Appartement,70.0,2.0,2.0,1.0,1400000.0,1,1,1,1.0
Oujda,berkane,False,Appartement,75.0,2.0,1.0,1.0,1600000.0,1,1,1,1.0
Oujda,saidia,False,Appartement,65.0,2.0,1.0,1.0,1680000.0,1,1,0,1.0
Oujda,saidia,False,Appartement,95.0,2.0,1.0,1.0,1920000.0,1,1,1,1.0
Oujda,hay_el_matar,False,Appartement,63.0,2.0,1.0,3.0,3750000.0,1,1,1,3.0
Oujda,berkane,False,Appartement,72.0,2.0,1.0,2.0,2360000.0,1,1,1,2.0
Oujda,saidia,False,Appartement,80.0,2.0,2.0,2.0,2730000.0,1,0,1,2.0
Oujda,saidia,False,Appartement,67.0,2.0,2.0,1.0,1670000.0,1,1,1,1.0
Oujda,saidia,False,Appartement,80.0,2.0,2.0,1.0,1690000.0,1,1,1,1.0
Taza,taza,False,Appartement,90.0,3.0,1.0,3.0,3700000.0,1,0,0,3.0
Oujda,autre_secteur,True,Appartement,63.0,2.0,1.0,2.0,2750000.0,1,1,1,2.0
Oujda,berkane,False,Appartement,110.0,3.0,1.0,1.0,1760000.0,1,1,1,1.0
Oujda,berkane,False,Appartement,80.0,2.0,1.0,3.0,3630000.0,1,1,1,3.0
Taza,taza,False,Appartement,90.0,3.0,1.0,1.0,1550000.0,1,1,1,1.0
Oujda,saidia,False,Appartement,92.0,2.0,2.0,4.0,4560000.0,1,1,1,4.0
Oujda,saidia,False,Appartement,73.0,2.0,1.0,0.0,580000.0,1,1,1,0.0
Oujda,saidia,False,Appartement,60.0,2.0,0.0,3.0,3405000.0,1,1,1,3.0
Oujda,saidia,False,Appartement,105.0,2.0,1.0,2.0,2550000.0,1,1,1,2.0
Oujda,saidia,False,Appartement,105.0,3.0,1.0,1.0,1590000.0,1,1,1,1.0
Oujda,saidia,False,Appartement,80.0,2.0,2.0,1.0,1470000.0,1,0,1,1.0
Oujda,saidia,False,Appartement,60.0,2.0,1.0,3.0,3300000.0,1,1,1,3.0
Oujda,saidia,False,Appartement,55.0,2.0,1.0,1.0,1330000.0,1,1,1,1.0
Taza,taza,False,Appartement,60.0,2.0,1.0,4.0,4300000.0,1,1,1,4.0
Oujda,saidia,False,Appartement,100.0,2.0,1.0,1.0,1550000.0,1,1,1,1.0
Oujda,saidia,False,Appartement,92.0,2.0,1.0,0.0,1200000.0,1,1,1,0.0
Oujda,berkane,False,Appartement,115.0,3.0,2.0,3.0,3470000.0,1,1,1,3.0
Oujda,berkane,False,Appartement,115.0,3.0,1.0,3.0,3470000.0,1,1,1,3.0
Oujda,saidia,False,Appartement,74.0,2.0,1.0,1.0,1390000.0,1,1,1,1.0
Oujda,saidia,False,Appartement,76.0,2.0,0.0,0.0,510000.0,1,1,1,0.0
Oujda,selouane,False,Appartement,82.0,2.0,1.0,1.0,1640000.0,1,1,1,1.0
Oujda,saidia,False,Appartement,70.0,2.0,0.0,2.0,2800000.0,1,1,1,2.0
Oujda,centre_ville,True,Appartement,80.0,2.0,1.0,3.0,3884040.0,1,0,1,3.0
Oujda,berkane,False,Appartement,84.0,2.0,1.0,1.0,1600000.0,1,1,1,1.0
Taza,taza,False,Appartement,73.0,2.0,1.0,2.0,2380000.0,1,1,1,2.0
Oujda,saidia,False,Appartement,76.0,3.0,2.0,1.0,1395000.0,1,1,1,1.0
Oujda,saidia,False,Appartement,80.0,1.0,1.0,3.0,3350000.0,1,0,1,3.0
Oujda,berkane,False,Appartement,97.0,3.0,1.0,2.0,2500000.0,1,1,1,2.0
Oujda,saidia,False,Appartement,57.0,2.0,1.0,1.0,1330000.0,1,1,1,1.0
Oujda,saidia,False,Appartement,110.0,3.0,2.0,0.0,650000.0,1,1,1,0.0
Oujda,berkane,False,Appartement,115.0,4.0,2.0,3.0,3480000.0,1,1,1,3.0
Oujda,saidia,False,Appartement,54.0,2.0,1.0,1.0,1460000.0,1,1,1,1.0
Oujda,berkane,False,Appartement,90.0,4.0,2.0,3.0,3480000.0,1,1,1,3.0
Oujda,saidia,False,Appartement,60.0,2.0,1.0,4.0,4340000.0,1,1,1,4.0
Oujda,saidia,False,Appartement,56.0,2.0,1.0,1.0,1320000.0,1,1,1,1.0
Oujda,saidia,False,Appartement,80.0,1.0,0.0,0.0,600000.0,1,1,1,0.0
Oujda,saidia,False,Appartement,80.0,2.0,1.0,0.0,600000.0,1,1,0,0.0
Oujda,saidia,False,Appartement,151.0,2.0,1.0,2.0,2800000.0,1,1,1,2.0
Oujda,saidia,False,Appartement,80.0,2.0,1.0,1.0,1400000.0,1,1,0,1.0
Oujda,saidia,False,Appartement,90.0,2.0,1.0,2.0,2600000.0,1,1,1,2.0
Oujda,berkane,False,Appartement,80.0,3.0,1.0,3.0,3550000.0,1,0,0,3.0
Taza,taza,False,Appartement,70.0,3.0,1.0,3.0,3330000.0,1,1,1,3.0
Oujda,saidia,False,Appartement,110.0,2.0,1.0,0.0,750000.0,1,1,1,0.0
Oujda,saidia,False,Appartement,80.0,2.0,2.0,3.0,3590000.0,1,1,1,3.0
Taza,taza,False,Appartement,100.0,2.0,2.0,1.0,1500000.0,1,1,1,1.0
Oujda,berkane,False,Appartement,80.0,2.0,1.0,3.0,3300000.0,1,0,1,3.0
Oujda,saidia,False,Appartement,74.0,2.0,1.0,3.0,3450000.0,1,1,1,3.0
Taza,taza,False,Appartement,90.0,2.0,1.0,3.0,3460000.0,1,0,1,3.0
Oujda,centre_ville,True,Appartement,87.0,3.0,1.0,0.0,890000.0,1,1,1,0.0
Taza,taza,False,Appartement,62.0,2.0,1.0,0.0,480000.0,1,1,1,0.0
Oujda,saidia,False,Appartement,69.0,2.0,1.0,2.0,2357000.0,1,1,1,2.0
Oujda,autre_secteur,True,Appartement,200.0,3.0,1.0,2.0,2650000.0,1,1,1,2.0
Taza,taza,False,Appartement,85.0,2.0,1.0,1.0,1430000.0,1,1,1,1.0
Oujda,saidia,False,Appartement,85.0,2.0,1.0,2.0,242500.0,1,1,1,2.0
Oujda,saidia,False,Appartement,96.0,3.0,2.0,3.0,3400000.0,1,1,1,3.0
Oujda,saidia,False,Appartement,84.0,2.0,1.0,3.0,3450000.0,1,1,1,3.0
Taza,taza,False,Appartement,80.0,2.0,1.0,3.0,3480000.0,1,1,1,3.0
Oujda,saidia,False,Appartement,54.0,2.0,1.0,2.0,2400000.0,1,1,1,2.0
Oujda,saidia,False,Appartement,80.0,3.0,1.0,2.0,2440000.0,1,0,1,2.0
Oujda,autre_secteur,True,Appartement,58.0,2.0,1.0,3.0,3500000.0,1,1,1,3.0
Oujda,centre_ville,True,Appartement,74.0,2.0,1.0,0.0,360000.0,1,1,1,0.0
Taza,taza,False,Appartement,149.0,3.0,2.0,3.0,3840000.0,1,1,1,3.0
Oujda,saidia,False,Appartement,95.0,3.0,1.0,1.0,1680000.0,1,1,1,1.0
Oujda,hay_el_matar,False,Appartement,68.0,2.0,1.0,1.0,1960000.0,1,1,1,1.0
Oujda,al_aroui,False,Appartement,80.0,2.0,1.0,3.0,3270000.0,1,0,1,3.0
Oujda,saidia,False,Appartement,75.0,3.0,1.0,2.0,2480000.0,1,1,1,2.0
Oujda,saidia,False,Appartement,50.0,2.0,1.0,2.0,2390000.0,1,1,1,2.0
Oujda,saidia,False,Appartement,50.0,2.0,1.0,2.0,2420000.0,1,1,1,2.0
Oujda,saidia,False,Appartement,122.0,2.0,2.0,1.0,1890000.0,1,1,1,1.0
Oujda,berkane,False,Appartement,91.0,3.0,1.0,1.0,1730000.0,1,1,1,1.0
Oujda,hay_el_matar,False,Appartement,63.0,2.0,1.0,3.0,3850000.0,1,1,1,3.0
Oujda,saidia,False,Appartement,300.0,5.0,3.0,unknown,1450000.0,0,1,1,unknown
Oujda,selouane,False,Appartement,98.0,3.0,1.0,1.0,1699900.0,1,1,1,1.0
Oujda,saidia,False,Appartement,92.0,2.0,1.0,3.0,3620000.0,1,1,1,3.0
Oujda,saidia,False,Appartement,80.0,2.0,1.0,1.0,1650000.0,1,0,1,1.0
Oujda,saidia,False,Appartement,80.0,2.0,1.0,2.0,2510000.0,1,0,1,2.0
Oujda,saidia,False,Appartement,100.0,2.0,1.0,0.0,570000.0,1,1,1,0.0
Oujda,saidia,False,Appartement,74.0,2.0,1.0,0.0,690000.0,1,1,1,0.0
Taza,taza,False,Appartement,73.0,2.0,1.0,3.0,3380000.0,1,1,1,3.0
Oujda,saidia,False,Appartement,80.0,2.0,2.0,1.0,1920000.0,1,0,1,1.0
Oujda,hay_al_matar,False,Appartement,108.0,2.0,2.0,1.0,1880000.0,1,1,1,1.0
Oujda,saidia,False,Appartement,74.0,2.0,1.0,1.0,1500000.0,1,1,1,1.0
Oujda,selouane,False,Appartement,101.0,3.0,2.0,2.0,2700000.0,1,1,1,2.0
Taza,taza,False,Appartement,110.0,3.0,1.0,1.0,1580000.0,1,1,1,1.0
Oujda,berkane,False,Appartement,100.0,3.0,1.0,2.0,2500000.0,1,1,1,2.0
Oujda,saidia,False,Appartement,69.0,2.0,2.0,1.0,1820000.0,1,1,1,1.0
Oujda,selouane,False,Appartement,101.0,2.0,2.0,2.0,2750000.0,1,1,1,2.0
Oujda,berkane,False,Appartement,100.0,3.0,1.0,2.0,2400000.0,1,1,1,2.0
Oujda,hay_al_matar,False,Appartement,67.0,2.0,1.0,1.0,1970000.0,1,1,1,1.0
Oujda,saidia,False,Appartement,83.0,2.0,1.0,1.0,1390000.0,1,1,1,1.0
Oujda,berkane,False,Appartement,98.0,2.0,1.0,3.0,3580000.0,1,1,1,3.0
Oujda,berkane,False,Appartement,100.0,3.0,0.0,2.0,2500000.0,1,1,1,2.0
Oujda,saidia,False,Appartement,54.0,2.0,1.0,3.0,3330000.0,1,1,1,3.0
Oujda,selouane,False,Appartement,65.0,2.0,2.0,1.0,1680000.0,1,1,1,1.0
Oujda,saidia,False,Appartement,74.0,3.0,2.0,1.0,1780000.0,1,1,1,1.0
Oujda,saidia,False,Appartement,60.0,2.0,1.0,2.0,2440000.0,1,1,1,2.0
Taza,taza,False,Appartement,79.0,2.0,1.0,4.0,4550000.0,1,1,1,4.0
Taza,taza,False,Appartement,90.0,3.0,1.0,1.0,1430000.0,1,1,1,1.0
Oujda,autre_secteur,True,Appartement,98.0,3.0,1.0,1.0,1690000.0,1,1,1,1.0
Oujda,saidia,False,Appartement,85.0,2.0,1.0,0.0,800000.0,1,1,1,0.0
Oujda,selouane,False,Appartement,70.0,2.0,1.0,3.0,3380000.0,1,1,1,3.0
Oujda,taourirt,False,Appartement,150.0,5.0,2.0,2.0,2700000.0,1,1,1,2.0
Oujda,berkane,False,Appartement,70.0,2.0,2.0,1.0,1410000.0,1,1,1,1.0
Oujda,saidia,False,Appartement,56.0,1.0,1.0,0.0,360000.0,1,1,1,0.0
Oujda,selouane,False,Appartement,82.0,2.0,1.0,1.0,1680000.0,1,1,1,1.0
Oujda,saidia,False,Appartement,80.0,3.0,1.0,3.0,3480000.0,1,0,1,3.0
Taza,taza,False,Appartement,80.0,2.0,2.0,2.0,2460000.0,1,1,1,2.0
Oujda,saidia,False,Appartement,97.0,2.0,2.0,3.0,3790000.0,1,1,1,3.0
Oujda,hay_al_matar,False,Appartement,86.0,3.0,2.0,2.0,2950000.0,1,1,1,2.0
Oujda,selouane,False,Appartement,79.0,3.0,2.0,2.0,2780000.0,1,1,1,2.0
Oujda,saidia,False,Appartement,70.0,1.0,1.0,1.0,1770000.0,1,1,1,1.0
Oujda,selouane,False,Appartement,80.0,2.0,1.0,2.0,2430000.0,1,0,1,2.0
Oujda,selouane,False,Appartement,55.0,2.0,1.0,2.0,2430000.0,1,1,1,2.0
Oujda,saidia,False,Appartement,65.0,2.0,1.0,1.0,1550000.0,1,1,1,1.0
Taza,taza,False,Appartement,81.0,2.0,2.0,4.0,4420000.0,1,1,1,4.0
Oujda,selouane,False,Appartement,80.0,2.0,2.0,1.0,1680000.0,1,0,1,1.0
Oujda,berkane,False,Appartement,160.0,3.0,1.0,4.0,4850000.0,1,1,0,4.0
Oujda,berkane,False,Appartement,105.0,2.0,1.0,0.0,650000.0,1,1,1,0.0
Oujda,berkane,False,Appartement,86.0,2.0,2.0,0.0,6400000.0,1,1,1,0.0
Oujda,saidia,False,Appartement,45.0,2.0,1.0,1.0,1450000.0,1,1,1,1.0
Taza,taza,False,Appartement,112.0,3.0,2.0,4.0,4690000.0,1,1,1,4.0
Taza,taza,False,Appartement,60.0,2.0,1.0,3.0,3350000.0,1,1,1,3.0
Oujda,autre_secteur,True,Appartement,74.0,2.0,1.0,3.0,3550000.0,1,1,1,3.0
Taza,taza,False,Appartement,112.0,3.0,2.0,4.0,4700000.0,1,1,1,4.0
Oujda,berkane,False,Appartement,83.0,2.0,1.0,1.0,1570000.0,1,1,1,1.0
Oujda,aarid,False,Appartement,80.0,2.0,2.0,2.0,2550000.0,1,0,1,2.0
Taza,taza,False,Appartement,100.0,2.0,1.0,4.0,4520000.0,1,1,1,4.0
Oujda,saidia,False,Appartement,69.0,2.0,1.0,3.0,3320000.0,1,1,1,3.0
Oujda,hay_el_matar,False,Appartement,73.0,2.0,1.0,1.0,1940000.0,1,1,1,1.0
Taza,taza,False,Appartement,100.0,3.0,1.0,0.0,520000.0,1,1,1,0.0
Taza,taza,False,Appartement,80.0,2.0,1.0,0.0,530000.0,1,1,1,0.0
Oujda,saidia,False,Appartement,235.0,4.0,2.0,1.0,11600000.0,1,1,1,1.0
Oujda,saidia,False,Appartement,72.0,2.0,1.0,1.0,1650000.0,1,1,1,1.0
Taza,taza,False,Appartement,110.0,3.0,1.0,2.0,2520000.0,1,1,1,2.0
Oujda,saidia,False,Appartement,80.0,1.0,1.0,1.0,1350000.0,1,0,1,1.0
Oujda,saidia,False,Appartement,62.0,2.0,1.0,1.0,1580000.0,1,1,1,1.0
Oujda,saidia,False,Appartement,102.0,2.0,2.0,3.0,3800000.0,1,1,1,3.0
Taza,taza,False,Appartement,100.0,2.0,1.0,0.0,580000.0,1,1,1,0.0
Oujda,saidia,False,Appartement,80.0,2.0,1.0,0.0,700000.0,1,1,1,0.0
Oujda,saidia,False,Appartement,78.0,2.0,1.0,0.0,700000.0,1,1,1,0.0
Oujda,saidia,False,Appartement,80.0,2.0,1.0,2.0,2700000.0,1,1,1,2.0
Oujda,autre_secteur,True,Appartement,104.0,3.0,2.0,2.0,2680000.0,1,1,1,2.0
Oujda,berkane,False,Appartement,92.0,3.0,1.0,3.0,3550000.0,1,1,1,3.0
Taza,taza,False,Appartement,88.0,3.0,2.0,4.0,4470000.0,1,1,1,4.0
Oujda,selouane,False,Appartement,60.0,2.0,2.0,1.0,1600000.0,1,1,1,1.0
Oujda,selouane,False,Appartement,70.0,2.0,1.0,0.0,680000.0,1,1,1,0.0
Oujda,selouane,False,Appartement,70.0,2.0,2.0,1.0,1680000.0,1,1,1,1.0
Oujda,selouane,False,Appartement,68.0,2.0,2.0,1.0,1680000.0,1,1,1,1.0
Oujda,selouane,False,Appartement,60.0,2.0,1.0,2.0,2530000.0,1,1,1,2.0
Oujda,selouane,False,Appartement,106.0,3.0,1.0,1.0,1580000.0,1,1,1,1.0
Oujda,selouane,False,Appartement,79.0,3.0,2.0,0.0,850000.0,1,1,1,0.0
Oujda,saidia,False,Appartement,60.0,2.0,1.0,1.0,1600000.0,1,1,1,1.0
Taza,taza,False,Appartement,60.0,2.0,1.0,2.0,2360000.0,1,1,1,2.0
Oujda,saidia,False,Appartement,80.0,2.0,1.0,1.0,1600000.0,1,0,1,1.0
Oujda,saidia,False,Appartement,42.0,1.0,1.0,1.0,1390000.0,1,1,1,1.0
Taza,taza,False,Appartement,104.0,2.0,1.0,0.0,580000.0,1,1,1,0.0
Taza,taza,False,Appartement,140.0,3.0,2.0,6.0,6850000.0,1,1,1,6.0
Oujda,saidia,False,Appartement,50.0,2.0,1.0,0.0,400000.0,1,1,1,0.0
Taza,taza,False,Appartement,68.0,3.0,1.0,3.0,3310000.0,1,1,1,3.0
Oujda,saidia,False,Appartement,118.0,3.0,2.0,0.0,1730000.0,1,1,1,0.0
Oujda,hay_al_matar,False,Appartement,84.0,2.0,1.0,3.0,3110000.0,1,1,1,3.0
Oujda,saidia,False,Appartement,78.0,2.0,1.0,2.0,2650000.0,1,1,1,2.0
Oujda,saidia,False,Appartement,97.0,2.0,1.0,1.0,1700000.0,1,1,1,1.0
Safi,lalla_hnia_hamria,False,Appartement,109.0,3.0,2.0,1.0,1700000.0,1,1,1,1.0
Safi,autre_secteur,True,Appartement,100.0,3.0,2.0,2.0,2370000.0,1,1,1,2.0
Safi,autre_secteur,True,Appartement,100.0,3.0,2.0,1.0,1380000.0,1,1,1,1.0
Safi,autre_secteur,True,Appartement,100.0,2.0,2.0,0.0,350000.0,1,1,1,0.0
Safi,hay_essalam,False,Appartement,81.0,2.0,0.0,2.0,2450000.0,1,0,1,2.0
Safi,azib_derai,False,Appartement,90.0,2.0,1.0,1.0,1540000.0,1,1,1,1.0
Safi,hay_essalam,False,Appartement,90.0,2.0,1.0,0.0,470000.0,1,1,1,0.0
Safi,autre_secteur,True,Appartement,120.0,2.0,1.0,0.0,500000.0,1,1,1,0.0
Safi,sidi_abdelkrim,False,Appartement,63.0,2.0,0.0,3.0,3290000.0,1,1,1,3.0
Safi,ville_nouvelle,False,Appartement,70.0,2.0,1.0,1.0,1560000.0,1,1,1,1.0
Safi,safi_1,False,Appartement,120.0,3.0,2.0,1.0,1770000.0,1,1,1,1.0
Safi,hay_essalam,False,Appartement,120.0,3.0,2.0,1.0,1650000.0,1,1,1,1.0
Safi,ville_nouvelle,False,Appartement,81.0,2.0,0.0,4.0,4750000.0,1,1,1,4.0
Safi,autre_secteur,True,Appartement,60.0,2.0,1.0,3.0,3250000.0,1,1,1,3.0
Safi,jerifat,False,Appartement,78.0,2.0,1.0,2.0,256000.0,1,1,1,2.0
Safi,lalla_hnia_hamria,False,Appartement,78.0,2.0,1.0,1.0,1550000.0,1,1,1,1.0
Safi,ville_nouvelle,False,Appartement,81.0,3.0,2.0,2.0,2580000.0,1,1,1,2.0
Safi,ville_nouvelle,False,Appartement,90.0,3.0,2.0,3.0,3600000.0,1,1,1,3.0
Safi,autre_secteur,True,Appartement,72.0,2.0,1.0,0.0,560000.0,1,1,1,0.0
Safi,autre_secteur,True,Appartement,136.0,2.0,0.0,4.0,4435000.0,1,1,1,4.0
Safi,el_matar,False,Appartement,76.0,4.0,1.0,1.0,1400000.0,1,1,0,1.0
Safi,el_matar,False,Appartement,81.0,3.0,1.0,1.0,1450000.0,1,0,0,1.0
Safi,ourida_1_et_2,False,Appartement,62.0,2.0,1.0,2.0,2350000.0,1,1,1,2.0
Safi,autre_secteur,True,Appartement,83.0,2.0,1.0,2.0,2460000.0,1,1,1,2.0
Safi,hay_anas,False,Appartement,108.0,2.0,1.0,0.0,380000.0,1,1,1,0.0
Safi,safi_1,False,Appartement,110.0,2.0,2.0,1.0,1680000.0,1,1,1,1.0
Safi,lamiaa,False,Appartement,80.0,2.0,1.0,2.0,2390000.0,1,1,1,2.0
Safi,autre_secteur,True,Appartement,81.0,2.0,1.0,1.0,1780000.0,1,0,0,1.0
Safi,azib_derai,False,Appartement,80.0,2.0,0.0,2.0,2340000.0,1,1,1,2.0
Safi,autre_secteur,True,Appartement,76.0,3.0,0.0,2.0,2480000.0,1,1,1,2.0
Safi,azib_derai,False,Appartement,54.0,2.0,1.0,3.0,3260000.0,1,1,1,3.0
Safi,autre_secteur,True,Appartement,91.0,2.0,1.0,1.0,1560000.0,1,1,1,1.0
Safi,ville_nouvelle,False,Appartement,80.0,2.0,2.0,2.0,2560000.0,1,1,1,2.0
Safi,safi_1,False,Appartement,70.0,2.0,1.0,2.0,2440000.0,1,1,1,2.0
Safi,sidi_bouzid,False,Appartement,74.0,2.0,1.0,0.0,690000.0,1,1,1,0.0
Safi,ourida_1_et_2,False,Appartement,80.0,2.0,1.0,0.0,450000.0,1,1,1,0.0
Safi,autre_secteur,True,Appartement,114.0,3.0,1.0,1.0,1620000.0,1,1,1,1.0
Safi,ville_nouvelle,False,Appartement,82.0,3.0,2.0,2.0,2580000.0,1,1,1,2.0
Safi,autre_secteur,True,Appartement,76.0,2.0,2.0,3.0,3650000.0,1,1,1,3.0
Safi,autre_secteur,True,Appartement,76.0,3.0,3.0,1.0,1650000.0,1,1,1,1.0
Safi,ville_nouvelle,False,Appartement,53.0,2.0,1.0,1.0,1450000.0,1,1,1,1.0
Safi,plateau,False,Appartement,88.0,3.0,1.0,4.0,4600000.0,1,1,1,4.0
Safi,lamiaa,False,Appartement,58.0,2.0,2.0,4.0,4280000.0,1,1,1,4.0
Safi,lamiaa,False,Appartement,81.0,2.0,1.0,4.0,4280000.0,1,0,1,4.0
Safi,sidi_bouzid,False,Appartement,76.0,2.0,1.0,1.0,1850000.0,1,1,1,1.0
Safi,safi_3,False,Appartement,100.0,2.0,3.0,3.0,3490000.0,1,1,1,3.0
Safi,safi_1,False,Appartement,80.0,3.0,2.0,2.0,2860000.0,1,1,1,2.0
Safi,lamiaa,False,Appartement,56.0,2.0,1.0,2.0,225000.0,1,1,1,2.0
Safi,autre_secteur,True,Appartement,64.0,2.0,1.0,4.0,4320000.0,1,1,1,4.0
Safi,plateau,False,Appartement,82.0,2.0,1.0,3.0,3750000.0,1,1,1,3.0
Safi,jerifat,False,Appartement,96.0,2.0,1.0,0.0,510000.0,1,1,1,0.0
Safi,azib_derai,False,Appartement,84.0,2.0,1.0,1.0,1540000.0,1,1,1,1.0
Safi,autre_secteur,True,Appartement,81.0,3.0,1.0,3.0,3590000.0,1,0,1,3.0
Safi,lamiaa,False,Appartement,60.0,2.0,1.0,3.0,3270000.0,1,1,1,3.0
Safi,autre_secteur,True,Appartement,81.0,3.0,1.0,2.0,2560000.0,1,0,1,2.0
Safi,plateau,False,Appartement,70.0,2.0,1.0,1.0,1700000.0,1,1,1,1.0
Safi,autre_secteur,True,Appartement,146.0,4.0,2.0,1.0,1460000.0,1,1,1,1.0
Safi,ville_nouvelle,False,Appartement,84.0,2.0,1.0,4.0,4800000.0,1,1,1,4.0
Safi,autre_secteur,True,Appartement,68.0,2.0,1.0,0.0,295000.0,1,1,1,0.0
Safi,autre_secteur,True,Appartement,60.0,2.0,0.0,4.0,4300000.0,1,1,1,4.0
Safi,autre_secteur,True,Appartement,100.0,2.0,1.0,3.0,3410000.0,1,1,1,3.0
Safi,azib_derai,False,Appartement,76.0,3.0,2.0,1.0,1460000.0,1,1,1,1.0
Safi,lamiaa,False,Appartement,66.0,2.0,0.0,3.0,3320000.0,1,1,1,3.0
Safi,zawiyat_sidi_wassel,False,Appartement,88.0,3.0,2.0,2.0,2900000.0,1,1,1,2.0
Safi,autre_secteur,True,Appartement,60.0,2.0,1.0,3.0,3270000.0,1,1,1,3.0
Safi,autre_secteur,True,Appartement,107.0,2.0,1.0,1.0,1520000.0,1,1,1,1.0
Safi,autre_secteur,True,Appartement,50.0,1.0,1.0,0.0,280000.0,1,1,1,0.0
Safi,autre_secteur,True,Appartement,64.0,2.0,1.0,4.0,4290000.0,1,1,1,4.0
Safi,ville_nouvelle,False,Appartement,98.0,3.0,2.0,4.0,4670000.0,1,1,1,4.0
Safi,azib_derai,False,Appartement,76.0,2.0,1.0,1.0,1460000.0,1,1,1,1.0
Safi,hay_essalam,False,Appartement,81.0,2.0,1.0,3.0,3340000.0,1,0,1,3.0
Safi,autre_secteur,True,Appartement,122.0,3.0,1.0,1.0,1650000.0,1,1,1,1.0
Safi,hay_essalam,False,Appartement,120.0,4.0,1.0,3.0,3590000.0,1,1,1,3.0
Safi,autre_secteur,True,Appartement,81.0,2.0,2.0,0.0,370000.0,1,0,1,0.0
Safi,ville_nouvelle,False,Appartement,95.0,2.0,1.0,0.0,650000.0,1,1,1,0.0
Safi,ijennane,False,Appartement,112.0,1.0,0.0,0.0,500000.0,1,1,1,0.0
Safi,autre_secteur,True,Appartement,65.0,3.0,2.0,4.0,4320000.0,1,1,1,4.0
Safi,ville_nouvelle,False,Appartement,86.0,3.0,2.0,2.0,2600000.0,1,1,1,2.0
Safi,el_massira,False,Appartement,120.0,3.0,2.0,4.0,4900000.0,1,1,1,4.0
Safi,bled_eljed,False,Appartement,120.0,2.0,2.0,1.0,1680000.0,1,1,1,1.0
Safi,autre_secteur,True,Appartement,85.0,2.0,1.0,unknown,450000.0,0,1,1,unknown
Safi,el_matar,False,Appartement,50.0,2.0,1.0,3.0,3230000.0,1,1,1,3.0
Safi,swinia,False,Appartement,90.0,2.0,1.0,0.0,500000.0,1,1,1,0.0
Safi,hay_essalam,False,Appartement,70.0,2.0,1.0,2.0,2420000.0,1,1,1,2.0
Safi,ville_nouvelle,False,Appartement,81.0,3.0,2.0,1.0,1540000.0,1,1,1,1.0
Safi,azib_derai,False,Appartement,81.0,3.0,1.0,1.0,1480000.0,1,0,1,1.0
Safi,ville_nouvelle,False,Appartement,113.0,2.0,2.0,0.0,790000.0,1,1,1,0.0
Safi,miftah_el_kheir,False,Appartement,130.0,4.0,2.0,1.0,1700000.0,1,1,1,1.0
Safi,el_massira,False,Appartement,81.0,2.0,1.0,3.0,3540000.0,1,0,1,3.0
Safi,ville_nouvelle,False,Appartement,120.0,3.0,2.0,2.0,2680000.0,1,1,1,2.0
Safi,hay_essalam,False,Appartement,108.0,2.0,1.0,1.0,1400000.0,1,1,1,1.0
Safi,autre_secteur,True,Appartement,103.0,3.0,2.0,3.0,3440000.0,1,1,1,3.0
Safi,autre_secteur,True,Appartement,54.0,2.0,2.0,0.0,300000.0,1,1,1,0.0
Safi,sidi_bouzid,False,Appartement,69.0,2.0,1.0,1.0,1290000.0,1,1,1,1.0
Safi,azib_derai,False,Appartement,102.0,3.0,1.0,2.0,2480000.0,1,1,1,2.0
Safi,autre_secteur,True,Appartement,120.0,3.0,1.0,3.0,3590000.0,1,1,1,3.0
Safi,azib_derai,False,Appartement,96.0,2.0,2.0,2.0,2420000.0,1,1,1,2.0
Safi,lamiaa,False,Appartement,120.0,3.0,1.0,2.0,2600000.0,1,1,1,2.0
Safi,lamiaa,False,Appartement,60.0,2.0,1.0,0.0,360000.0,1,1,1,0.0
Safi,sidi_abdelkrim,False,Appartement,62.0,1.0,1.0,3.0,3250000.0,1,1,1,3.0
Safi,miftah_el_kheir,False,Appartement,60.0,1.0,1.0,3.0,3250000.0,1,1,1,3.0
Safi,autre_secteur,True,Appartement,98.0,2.0,1.0,1.0,1750000.0,1,1,1,1.0
Safi,ville_nouvelle,False,Appartement,81.0,2.0,1.0,3.0,3560000.0,1,0,1,3.0
Safi,miftah_el_kheir,False,Appartement,68.0,2.0,1.0,3.0,3250000.0,1,1,1,3.0
Safi,el_massira,False,Appartement,80.0,2.0,1.0,2.0,2340000.0,1,1,1,2.0
Safi,sidi_abdelkrim,False,Appartement,120.0,2.0,1.0,1.0,1560000.0,1,1,1,1.0
Safi,miftah_el_kheir,False,Appartement,105.0,2.0,2.0,3.0,3650000.0,1,1,1,3.0
Safi,ville_nouvelle,False,Appartement,81.0,4.0,2.0,1.0,1800000.0,1,0,1,1.0
Safi,hay_essalam,False,Appartement,83.0,2.0,1.0,1.0,1750000.0,1,1,1,1.0
Safi,hay_essalam,False,Appartement,69.0,2.0,1.0,3.0,3385000.0,1,1,1,3.0
Safi,azib_derai,False,Appartement,100.0,4.0,2.0,1.0,1440000.0,1,1,1,1.0
Safi,lamiaa,False,Appartement,55.0,2.0,1.0,2.0,2250000.0,1,1,1,2.0
Safi,autre_secteur,True,Appartement,78.0,2.0,2.0,1.0,1420000.0,1,1,1,1.0
Safi,azib_derai,False,Appartement,35.0,1.0,1.0,1.0,1460000.0,1,1,1,1.0
Safi,autre_secteur,True,Appartement,120.0,2.0,1.0,3.0,3520000.0,1,1,1,3.0
Safi,autre_secteur,True,Appartement,100.0,2.0,1.0,0.0,285000.0,1,1,1,0.0
Safi,azib_derai,False,Appartement,120.0,2.0,2.0,3.0,3430000.0,1,1,1,3.0
Safi,autre_secteur,True,Appartement,84.0,2.0,2.0,0.0,580000.0,1,1,1,0.0
Safi,autre_secteur,True,Appartement,75.0,2.0,1.0,0.0,750000.0,1,1,1,0.0
Safi,had_soualem,False,Appartement,128.0,3.0,2.0,3.0,3750000.0,1,1,1,3.0
Safi,had_soualem,False,Appartement,95.0,3.0,1.0,1.0,1410000.0,1,1,1,1.0
Safi,autre_secteur,True,Appartement,81.0,2.0,1.0,1.0,1595000.0,1,1,1,1.0
Safi,autre_secteur,True,Appartement,160.0,3.0,2.0,1.0,11380000.0,1,1,1,1.0
Safi,had_soualem,False,Appartement,70.0,3.0,2.0,3.0,3280000.0,1,1,1,3.0
Safi,najmat_al_janoub,False,Appartement,73.0,2.0,1.0,4.0,4390000.0,1,1,1,4.0
Safi,najd,False,Appartement,67.0,2.0,1.0,0.0,460000.0,1,1,1,0.0
Safi,quartier_aérodrome,False,Appartement,96.0,3.0,2.0,3.0,3800000.0,1,1,1,3.0
Safi,autre_secteur,True,Appartement,77.0,2.0,1.0,2.0,2480000.0,1,1,1,2.0
Safi,autre_secteur,True,Appartement,65.0,2.0,1.0,1.0,1640000.0,1,1,1,1.0
Safi,centre,True,Appartement,66.0,2.0,1.0,3.0,3580000.0,1,1,1,3.0
Safi,autre_secteur,True,Appartement,55.0,2.0,1.0,4.0,4270000.0,1,1,1,4.0
Safi,autre_secteur,True,Appartement,73.0,3.0,1.0,1.0,1510000.0,1,1,1,1.0
Safi,had_soualem,False,Appartement,100.0,4.0,2.0,2.0,2490000.0,1,1,1,2.0
Safi,najd,False,Appartement,75.0,3.0,1.0,1.0,1540000.0,1,1,1,1.0
Safi,saada,False,Appartement,128.0,3.0,2.0,0.0,650000.0,1,1,1,0.0
Safi,saada,False,Appartement,105.0,2.0,1.0,0.0,680000.0,1,1,1,0.0
Safi,autre_secteur,True,Appartement,81.0,2.0,1.0,2.0,2400000.0,1,0,1,2.0
Safi,autre_secteur,True,Appartement,148.0,3.0,2.0,1.0,1560000.0,1,1,1,1.0
Safi,autre_secteur,True,Appartement,91.0,3.0,1.0,1.0,1660000.0,1,1,1,1.0
Safi,azemmour,False,Appartement,50.0,2.0,1.0,0.0,380000.0,1,1,1,0.0
Safi,corniche,False,Appartement,67.0,1.0,1.0,1.0,1580000.0,1,1,1,1.0
Safi,autre_secteur,True,Appartement,81.0,3.0,2.0,2.0,2700000.0,1,0,1,2.0
Safi,autre_secteur,True,Appartement,81.0,2.0,2.0,2.0,2700000.0,1,0,1,2.0
Safi,al_boustane,False,Appartement,68.0,2.0,1.0,1.0,1600000.0,1,1,1,1.0
Safi,najd,False,Appartement,60.0,2.0,1.0,1.0,1520000.0,1,1,1,1.0
Safi,had_soualem,False,Appartement,81.0,3.0,2.0,1.0,1440000.0,1,0,1,1.0
Safi,autre_secteur,True,Appartement,81.0,3.0,1.0,0.0,700000.0,1,0,0,0.0
Safi,sidi_moussa,False,Appartement,64.0,2.0,1.0,1.0,1580000.0,1,1,1,1.0
Safi,dar_assalam,False,Appartement,94.0,2.0,2.0,0.0,640000.0,1,1,1,0.0
Safi,al_boustane,False,Appartement,120.0,3.0,2.0,2.0,2760000.0,1,1,1,2.0
Safi,hay_essalam,False,Appartement,220.0,3.0,2.0,0.0,900000.0,1,1,1,0.0
Safi,autre_secteur,True,Appartement,81.0,2.0,1.0,2.0,2470000.0,1,0,1,2.0
Safi,autre_secteur,True,Appartement,100.0,2.0,1.0,0.0,800000.0,1,1,1,0.0
Safi,hay_al_amal,False,Appartement,68.0,2.0,1.0,4.0,4320000.0,1,1,1,4.0
Safi,autre_secteur,True,Appartement,98.0,3.0,1.0,2.0,2800000.0,1,1,1,2.0
Safi,autre_secteur,True,Appartement,56.0,2.0,1.0,3.0,3360000.0,1,1,1,3.0
Safi,had_soualem,False,Appartement,86.0,3.0,1.0,3.0,3460000.0,1,1,1,3.0
Safi,azemmour,False,Appartement,85.0,2.0,1.0,0.0,300000.0,1,1,1,0.0
Safi,najd,False,Appartement,53.0,2.0,1.0,1.0,1300000.0,1,1,0,1.0
Safi,najd,False,Appartement,90.0,3.0,2.0,2.0,2540000.0,1,1,1,2.0
Safi,had_soualem,False,Appartement,97.0,3.0,1.0,3.0,3610000.0,1,1,1,3.0
Safi,quartier_aérodrome,False,Appartement,70.0,3.0,2.0,2.0,2560000.0,1,1,1,2.0
Safi,autre_secteur,True,Appartement,61.0,2.0,1.0,2.0,2900000.0,1,1,1,2.0
Safi,had_soualem,False,Appartement,120.0,5.0,2.0,2.0,2490000.0,1,1,1,2.0
Safi,autre_secteur,True,Appartement,132.0,3.0,2.0,1.0,11450000.0,1,1,1,1.0
Safi,najd,False,Appartement,65.0,2.0,1.0,1.0,1485000.0,1,1,1,1.0
Safi,had_soualem,False,Appartement,130.0,5.0,2.0,3.0,3870000.0,1,1,1,3.0
Safi,hay_essalam,False,Appartement,74.0,2.0,1.0,1.0,1450000.0,1,1,1,1.0
Safi,autre_secteur,True,Appartement,120.0,3.0,2.0,1.0,1900000.0,1,1,1,1.0
Safi,ezzohor,False,Appartement,86.0,2.0,1.0,1.0,1640000.0,1,1,1,1.0
Safi,autre_secteur,True,Appartement,55.0,2.0,1.0,2.0,2350000.0,1,1,1,2.0
Safi,sidi_moussa,False,Appartement,88.0,2.0,2.0,0.0,560000.0,1,1,1,0.0
Safi,quartier_aérodrome,False,Appartement,96.0,3.0,1.0,0.0,640000.0,1,1,1,0.0
Safi,had_soualem,False,Appartement,94.0,3.0,2.0,1.0,1600000.0,1,1,1,1.0
Safi,azemmour,False,Appartement,107.0,3.0,1.0,2.0,2450000.0,1,1,1,2.0
Safi,autre_secteur,True,Appartement,71.0,2.0,1.0,3.0,3640000.0,1,1,1,3.0
Safi,autre_secteur,True,Appartement,65.0,3.0,1.0,1.0,1350000.0,1,1,1,1.0
Safi,najd,False,Appartement,82.0,3.0,2.0,0.0,620000.0,1,1,1,0.0
Safi,autre_secteur,True,Appartement,60.0,2.0,1.0,2.0,2380000.0,1,1,1,2.0
Safi,autre_secteur,True,Appartement,54.0,2.0,1.0,3.0,3280000.0,1,1,1,3.0
Safi,autre_secteur,True,Appartement,72.0,2.0,1.0,4.0,4700000.0,1,1,1,4.0
Safi,oualidia,False,Appartement,46.0,2.0,1.0,1.0,1409000.0,1,1,1,1.0
Safi,centre,True,Appartement,90.0,3.0,1.0,2.0,2660000.0,1,1,1,2.0
Safi,centre,True,Appartement,87.0,3.0,2.0,3.0,3680000.0,1,1,1,3.0
Safi,autre_secteur,True,Appartement,95.0,2.0,2.0,1.0,1980000.0,1,1,1,1.0
Safi,autre_secteur,True,Appartement,94.0,3.0,2.0,1.0,1730000.0,1,1,1,1.0
Safi,autre_secteur,True,Appartement,83.0,2.0,1.0,0.0,430000.0,1,1,1,0.0
Safi,azemmour,False,Appartement,70.0,2.0,1.0,3.0,3310000.0,1,1,1,3.0
Safi,centre,True,Appartement,81.0,2.0,1.0,2.0,2600000.0,1,0,1,2.0
Safi,had_soualem,False,Appartement,120.0,3.0,2.0,3.0,3610000.0,1,1,1,3.0
Safi,quartier_aérodrome,False,Appartement,78.0,2.0,1.0,2.0,2580000.0,1,1,1,2.0
Safi,hay_essalam,False,Appartement,67.0,2.0,0.0,2.0,2580000.0,1,1,1,2.0
Safi,sidi_moussa,False,Appartement,66.0,2.0,1.0,1.0,1490000.0,1,1,1,1.0
Safi,centre,True,Appartement,108.0,2.0,1.0,1.0,1560000.0,1,1,1,1.0
Safi,quartier_aérodrome,False,Appartement,77.0,2.0,2.0,2.0,2560000.0,1,1,1,2.0
Safi,quartier_aérodrome,False,Appartement,77.0,2.0,1.0,3.0,3580000.0,1,1,1,3.0
Safi,quartier_aérodrome,False,Appartement,77.0,2.0,2.0,1.0,1580000.0,1,1,1,1.0
Safi,quartier_aérodrome,False,Appartement,52.0,2.0,2.0,2.0,2330000.0,1,1,1,2.0
Safi,najd,False,Appartement,75.0,3.0,1.0,2.0,2540000.0,1,1,1,2.0
Safi,quartier_aérodrome,False,Appartement,122.0,2.0,2.0,2.0,2680000.0,1,1,1,2.0
Safi,autre_secteur,True,Appartement,60.0,2.0,1.0,3.0,3380000.0,1,1,1,3.0
Safi,corniche,False,Appartement,90.0,2.0,2.0,0.0,590000.0,1,1,1,0.0
Safi,autre_secteur,True,Appartement,65.0,2.0,1.0,3.0,3570000.0,1,1,1,3.0
Safi,mouilha,False,Appartement,86.0,2.0,1.0,1.0,1590000.0,1,1,1,1.0
Safi,centre,True,Appartement,73.0,2.0,1.0,4.0,4820000.0,1,1,1,4.0
Safi,azemmour,False,Appartement,100.0,2.0,1.0,0.0,520000.0,1,1,1,0.0
Safi,hay_essalam,False,Appartement,87.0,2.0,1.0,3.0,3430000.0,1,1,1,3.0
Safi,quartier_aérodrome,False,Appartement,81.0,4.0,4.0,1.0,1990000.0,1,0,1,1.0
Safi,quartier_aérodrome,False,Appartement,77.0,2.0,1.0,2.0,2580000.0,1,1,1,2.0
Safi,quartier_aérodrome,False,Appartement,103.0,3.0,3.0,2.0,2770000.0,1,1,1,2.0
Safi,had_soualem,False,Appartement,135.0,3.0,2.0,1.0,1620000.0,1,1,1,1.0
Safi,autre_secteur,True,Appartement,86.0,2.0,1.0,0.0,640000.0,1,1,1,0.0
Safi,centre,True,Appartement,66.0,2.0,1.0,3.0,3560000.0,1,1,1,3.0
Safi,hay_essalam,False,Appartement,72.0,3.0,2.0,1.0,150000.0,1,1,1,1.0
Safi,hay_essalam,False,Appartement,178.0,2.0,1.0,1.0,1625000.0,1,1,1,1.0
Safi,autre_secteur,True,Appartement,63.0,2.0,1.0,1.0,1400000.0,1,1,1,1.0
Safi,centre,True,Appartement,86.0,2.0,2.0,3.0,3860000.0,1,1,1,3.0
Safi,najd,False,Appartement,66.0,3.0,1.0,3.0,3420000.0,1,1,0,3.0
Safi,autre_secteur,True,Appartement,70.0,3.0,0.0,1.0,1600000.0,1,1,1,1.0
Safi,autre_secteur,True,Appartement,134.0,4.0,2.0,1.0,1700000.0,1,1,1,1.0
Safi,autre_secteur,True,Appartement,80.0,2.0,1.0,0.0,900000.0,1,1,1,0.0
Safi,had_soualem,False,Appartement,111.0,3.0,2.0,3.0,3630000.0,1,1,1,3.0
Safi,alaouiyine,False,Appartement,64.0,2.0,1.0,1.0,1520000.0,1,1,1,1.0
Safi,al_kodia,False,Appartement,78.0,3.0,1.0,0.0,560000.0,1,1,1,0.0
Safi,autre_secteur,True,Appartement,56.0,2.0,1.0,1.0,1360000.0,1,1,1,1.0
Safi,quartier_aérodrome,False,Appartement,77.0,2.0,2.0,4.0,4560000.0,1,1,1,4.0
Safi,hay_al_amal,False,Appartement,64.0,2.0,1.0,2.0,2425000.0,1,1,1,2.0
Safi,al_boustane,False,Appartement,110.0,3.0,2.0,1.0,1800000.0,1,1,1,1.0
Safi,autre_secteur,True,Appartement,92.0,3.0,2.0,1.0,1560000.0,1,1,1,1.0
Safi,narjiss,False,Appartement,94.0,2.0,1.0,unknown,560000.0,0,1,1,unknown
Safi,quartier_aérodrome,False,Appartement,77.0,2.0,1.0,1.0,1580000.0,1,1,1,1.0
El-jadida,asilah,False,Appartement,105.0,2.0,2.0,3.0,3720000.0,1,1,1,3.0
El-jadida,sidi_moumen,False,Appartement,49.0,2.0,1.0,4.0,4300000.0,1,1,1,4.0
El-jadida,ville_verte,False,Appartement,219.0,3.0,3.0,1.0,13200000.0,1,1,1,1.0
El-jadida,najmat_al_janoub,False,Appartement,66.0,2.0,1.0,1.0,1500000.0,1,1,1,1.0
El-jadida,tamesna,False,Appartement,80.0,2.0,1.0,2.0,2750000.0,1,0,0,2.0
El-jadida,deroua,False,Appartement,80.0,3.0,2.0,2.0,2520000.0,1,0,1,2.0
El-jadida,sidi_bernoussi,False,Appartement,56.0,2.0,2.0,0.0,370000.0,1,1,1,0.0
Dakhla,dakhla,False,Appartement,65.0,3.0,1.0,1.0,1503750.0,1,1,1,1.0
El-jadida,ahlane,False,Appartement,56.0,2.0,1.0,2.0,2400000.0,1,1,1,2.0
El-jadida,dar_bouazza,False,Appartement,53.0,2.0,1.0,2.0,2280000.0,1,1,1,2.0
El-jadida,ksar_el_kebir,False,Appartement,88.0,3.0,2.0,2.0,2530000.0,1,1,1,2.0
El-jadida,al_kawtar,False,Appartement,88.0,2.0,2.0,2.0,2792000.0,1,1,1,2.0
El-jadida,autre_secteur,True,Appartement,80.0,3.0,2.0,2.0,2950000.0,1,0,1,2.0
El-jadida,oued_laou,False,Appartement,75.0,2.0,1.0,6.0,6400000.0,1,1,1,6.0
El-jadida,said_hajji,False,Appartement,80.0,3.0,1.0,4.0,1200000.0,1,0,1,4.0
El-jadida,bouskoura_centre,False,Appartement,80.0,1.0,1.0,4.0,410000.0,1,0,1,4.0
El-jadida,autre_secteur,True,Appartement,130.0,3.0,2.0,0.0,860000.0,1,1,1,0.0
El-jadida,oulfa,False,Appartement,50.0,2.0,1.0,4.0,4360000.0,1,1,1,4.0
El-jadida,autre_secteur,True,Appartement,78.0,2.0,2.0,2.0,2450000.0,1,1,1,2.0
El-jadida,autre_secteur,True,Appartement,76.0,3.0,2.0,1.0,1620000.0,1,1,1,1.0
El-jadida,autre_secteur,True,Appartement,80.0,2.0,1.0,3.0,3840000.0,1,0,1,3.0
El-jadida,autre_secteur,True,Appartement,76.0,2.0,1.0,2.0,2840000.0,1,1,1,2.0
El-jadida,saidia,False,Appartement,80.0,2.0,2.0,1.0,1650000.0,1,1,1,1.0
El-jadida,sidi_rahal,False,Appartement,78.0,2.0,2.0,0.0,950000.0,1,1,1,0.0
El-jadida,tabriquet,False,Appartement,80.0,3.0,2.0,3.0,1850000.0,1,0,1,3.0
El-jadida,said_hajji,False,Appartement,68.0,2.0,2.0,4.0,4750000.0,1,1,1,4.0
El-jadida,asilah,False,Appartement,104.0,3.0,2.0,3.0,3730000.0,1,1,1,3.0
El-jadida,massira_2,False,Appartement,67.0,2.0,1.0,3.0,3560000.0,1,1,1,3.0
El-jadida,sala_el_jadida,False,Appartement,97.0,2.0,0.0,3.0,3850000.0,1,1,1,3.0
El-jadida,harhoura,False,Appartement,135.0,3.0,2.0,1.0,12500000.0,1,1,1,1.0
El-jadida,ain_aouda,False,Appartement,94.0,2.0,1.0,2.0,2559000.0,1,1,1,2.0
El-jadida,tifelt,False,Appartement,77.0,2.0,2.0,0.0,460000.0,1,1,1,0.0
Taza,taza,False,Appartement,84.0,2.0,1.0,1.0,1520000.0,1,1,1,1.0
El-jadida,had_soualem,False,Appartement,92.0,3.0,2.0,3.0,3520000.0,1,1,1,3.0
El-jadida,autre_secteur,True,Appartement,106.0,3.0,2.0,3.0,3760000.0,1,1,1,3.0
El-jadida,hay_el_matar,False,Appartement,75.0,2.0,2.0,3.0,3500000.0,1,1,1,3.0
El-jadida,had_soualem,False,Appartement,94.0,2.0,2.0,0.0,480000.0,1,1,1,0.0
El-jadida,ait_melloul,False,Appartement,97.0,4.0,1.0,3.0,3811076.0,1,1,1,3.0
El-jadida,tamaris,False,Appartement,33.0,1.0,1.0,1.0,1750000.0,1,1,1,1.0
El-jadida,sala_el_jadida,False,Appartement,138.0,5.0,1.0,1.0,11360000.0,1,1,1,1.0
El-jadida,autre_secteur,True,Appartement,110.0,3.0,2.0,3.0,3790000.0,1,1,1,3.0
El-jadida,deroua,False,Appartement,88.0,3.0,2.0,2.0,2650000.0,1,1,1,2.0
El-jadida,asilah,False,Appartement,63.0,1.0,0.0,1.0,1950000.0,1,1,1,1.0
El-jadida,deroua,False,Appartement,80.0,3.0,2.0,1.0,1490000.0,1,0,1,1.0
El-jadida,massira_2,False,Appartement,62.0,2.0,1.0,2.0,2620000.0,1,1,1,2.0
El-jadida,nouaceur,False,Appartement,110.0,2.0,2.0,1.0,1850000.0,1,1,1,1.0
El-jadida,najd,False,Appartement,53.0,2.0,1.0,1.0,1340000.0,1,1,1,1.0
El-jadida,saadla,False,Appartement,50.0,2.0,1.0,2.0,2435000.0,1,1,1,2.0
El-jadida,harhoura,False,Appartement,60.0,1.0,1.0,4.0,4630000.0,1,1,1,4.0
El-jadida,autre_secteur,True,Appartement,86.0,2.0,1.0,3.0,3830000.0,1,1,1,3.0
El-jadida,plage_oued_cherrat,False,Appartement,72.0,2.0,1.0,0.0,1200000.0,1,1,1,0.0
El-jadida,bouskoura_centre,False,Appartement,54.0,1.0,1.0,0.0,260000.0,1,1,1,0.0
El-jadida,plage_rose_marae,False,Appartement,80.0,2.0,3.0,1.0,2100000.0,1,0,1,1.0
El-jadida,autre_secteur,True,Appartement,80.0,3.0,2.0,1.0,1800000.0,1,0,1,1.0
El-jadida,dar_bouazza,False,Appartement,80.0,2.0,1.0,1.0,1330000.0,1,0,1,1.0
El-jadida,larache,False,Appartement,86.0,3.0,0.0,4.0,4750000.0,1,1,1,4.0
El-jadida,sidi_rahal,False,Appartement,80.0,2.0,2.0,1.0,11450000.0,1,0,1,1.0
El-jadida,centre_ville,True,Appartement,91.0,2.0,1.0,3.0,3950000.0,1,1,1,3.0
El-jadida,martil,False,Appartement,80.0,2.0,1.0,3.0,3360000.0,1,0,1,3.0
El-jadida,autre_secteur,True,Appartement,71.0,2.0,1.0,4.0,4680000.0,1,1,1,4.0
El-jadida,el_hajeb,False,Appartement,85.0,2.0,1.0,1.0,1480000.0,1,1,1,1.0
El-jadida,asilah,False,Appartement,104.0,1.0,2.0,4.0,4590000.0,1,1,1,4.0
El-jadida,nouaceur,False,Appartement,89.0,2.0,2.0,4.0,4900000.0,1,1,1,4.0
El-jadida,autre_secteur,True,Appartement,93.0,3.0,0.0,0.0,740000.0,1,1,1,0.0
El-jadida,autre_secteur,True,Appartement,58.0,2.0,1.0,2.0,2740000.0,1,1,1,2.0
El-jadida,nassim,False,Appartement,64.0,2.0,1.0,1.0,1580000.0,1,1,1,1.0
El-jadida,sidi_rahal,False,Appartement,92.0,2.0,1.0,0.0,560000.0,1,1,1,0.0
El-jadida,mkinssia,False,Appartement,90.0,2.0,1.0,2.0,2660000.0,1,1,1,2.0
El-jadida,saidia,False,Appartement,50.0,2.0,1.0,1.0,1480000.0,1,1,1,1.0
El-jadida,tamesna,False,Appartement,99.0,3.0,2.0,3.0,3760000.0,1,1,1,3.0
El-jadida,ben_guerir,False,Appartement,111.0,3.0,2.0,3.0,3660000.0,1,1,1,3.0
El-jadida,tamaris,False,Appartement,80.0,2.0,1.0,1.0,11190000.0,1,0,1,1.0
El-jadida,autre_secteur,True,Appartement,52.0,2.0,1.0,4.0,4380000.0,1,1,1,4.0
El-jadida,ville_verte,False,Appartement,136.0,3.0,2.0,1.0,12750000.0,1,1,1,1.0
El-jadida,autre_secteur,True,Appartement,50.0,2.0,1.0,4.0,4300000.0,1,1,1,4.0
El-jadida,martil,False,Appartement,70.0,1.0,1.0,3.0,3500000.0,1,1,1,3.0
El-jadida,ain_atig,False,Appartement,73.0,3.0,2.0,2.0,2460000.0,1,1,1,2.0
El-jadida,saidia,False,Appartement,100.0,2.0,2.0,0.0,480000.0,1,1,1,0.0
El-jadida,dar_bouazza,False,Appartement,80.0,2.0,1.0,0.0,1200000.0,1,1,1,0.0
El-jadida,sidi_rahal,False,Appartement,63.0,2.0,1.0,3.0,3450000.0,1,1,1,3.0
El-jadida,quartier_aérodrome,False,Appartement,52.0,2.0,1.0,1.0,1380000.0,1,1,1,1.0
El-jadida,wifak,False,Appartement,53.0,2.0,2.0,4.0,4560000.0,1,1,1,4.0
El-jadida,najd,False,Appartement,112.0,3.0,2.0,1.0,1830000.0,1,1,1,1.0
El-jadida,wifak,False,Appartement,79.0,2.0,1.0,1.0,1860000.0,1,1,1,1.0
El-jadida,salé,False,Appartement,99.0,2.0,2.0,2.0,212000.0,1,1,1,2.0
El-jadida,sidi_bouknadel,False,Appartement,130.0,2.0,2.0,0.0,1850000.0,1,1,1,0.0
El-jadida,autre_secteur,True,Appartement,126.0,3.0,2.0,2.0,2920000.0,1,1,1,2.0
El-jadida,skikina,False,Appartement,87.0,3.0,2.0,3.0,3850000.0,1,1,1,3.0
El-jadida,autre_secteur,True,Appartement,55.0,2.0,1.0,1.0,1350000.0,1,1,1,1.0
El-jadida,corniche,False,Appartement,56.0,2.0,1.0,2.0,2540000.0,1,1,1,2.0
El-jadida,ain_el_hayat,False,Appartement,98.0,2.0,2.0,1.0,1770000.0,1,1,1,1.0
El-jadida,hay_mesk_lil,False,Appartement,80.0,4.0,2.0,2.0,1330000.0,1,0,1,2.0
El-jadida,azemmour,False,Appartement,62.0,2.0,1.0,0.0,300000.0,1,1,1,0.0
El-jadida,larache,False,Appartement,120.0,3.0,2.0,2.0,2750000.0,1,1,1,2.0
El-jadida,tabriquet,False,Appartement,82.0,2.0,2.0,0.0,1010000.0,1,1,1,0.0
El-jadida,tamesna,False,Appartement,51.0,2.0,1.0,4.0,4260000.0,1,1,1,4.0
El-jadida,autre_secteur,True,Appartement,80.0,2.0,2.0,3.0,3770000.0,1,0,1,3.0
El-jadida,deroua,False,Appartement,91.0,2.0,2.0,2.0,2600000.0,1,1,1,2.0
El-jadida,dar_bouazza,False,Appartement,107.0,2.0,2.0,0.0,750000.0,1,1,1,0.0
El-jadida,dar_bouazza,False,Appartement,50.0,2.0,1.0,2.0,2360000.0,1,1,1,2.0
El-jadida,deroua,False,Appartement,89.0,3.0,2.0,2.0,2580000.0,1,1,1,2.0
El-jadida,deroua,False,Appartement,62.0,2.0,1.0,1.0,1300000.0,1,1,1,1.0
El-jadida,nouaceur,False,Appartement,102.0,2.0,2.0,0.0,890000.0,1,1,1,0.0
El-jadida,deroua,False,Appartement,112.0,3.0,2.0,2.0,2650000.0,1,1,1,2.0
El-jadida,abouab_sala,False,Appartement,80.0,1.0,1.0,0.0,270000.0,1,0,1,0.0
El-jadida,hay_inbiat,False,Appartement,100.0,2.0,2.0,2.0,2660000.0,1,1,1,2.0
El-jadida,tabriquet,False,Appartement,80.0,2.0,1.0,1.0,1730000.0,1,0,1,1.0
El-jadida,autre_secteur,True,Appartement,80.0,2.0,1.0,1.0,1750000.0,1,1,1,1.0
El-jadida,nouaceur,False,Appartement,100.0,3.0,2.0,4.0,4910000.0,1,1,1,4.0
El-jadida,centre_ville,True,Appartement,140.0,2.0,1.0,1.0,11300000.0,1,1,1,1.0
El-jadida,sidi_rahal,False,Appartement,50.0,2.0,1.0,4.0,4380000.0,1,1,1,4.0
El-jadida,tamaris,False,Appartement,120.0,3.0,3.0,1.0,11200000.0,1,1,1,1.0
El-jadida,hay_al_matar,False,Appartement,65.0,2.0,1.0,4.0,4850000.0,1,1,1,4.0
El-jadida,sidi_rahal,False,Appartement,95.0,3.0,2.0,0.0,590000.0,1,1,1,0.0
El-jadida,mouilha,False,Appartement,88.0,2.0,1.0,1.0,1550000.0,1,1,1,1.0
El-jadida,chellalate,False,Appartement,63.0,3.0,1.0,1.0,1360000.0,1,1,1,1.0
El-jadida,ouled_teïma,False,Appartement,88.0,3.0,1.0,2.0,2572000.0,1,1,1,2.0
El-jadida,autre_secteur,True,Appartement,116.0,2.0,1.0,0.0,800000.0,1,1,1,0.0
El-jadida,ksar_es_seghir,False,Appartement,80.0,3.0,1.0,2.0,2720000.0,1,0,1,2.0
Sidi-kacem,sidi_kacem,False,Appartement,92.0,2.0,2.0,2.0,2570000.0,1,1,1,2.0
El-jadida,zone_industrielle,False,Appartement,80.0,1.0,1.0,1.0,1880000.0,1,0,0,1.0
El-jadida,autre_secteur,True,Appartement,72.0,2.0,1.0,1.0,1760000.0,1,1,1,1.0
El-jadida,hay_chmaou,False,Appartement,98.0,2.0,1.0,4.0,4700000.0,1,1,1,4.0
El-jadida,autre_secteur,True,Appartement,81.0,3.0,0.0,4.0,4680000.0,1,1,1,4.0
El-jadida,hay_salam,False,Appartement,50.0,2.0,1.0,3.0,3300000.0,1,1,1,3.0
El-jadida,corniche,False,Appartement,127.0,3.0,2.0,2.0,2900000.0,1,1,1,2.0
Dakhla,dakhla,False,Appartement,87.0,4.0,1.0,1.0,1643800.0,1,1,1,1.0
El-jadida,sidi_rahal,False,Appartement,67.0,2.0,2.0,1.0,1540000.0,1,1,1,1.0
El-jadida,tabriquet,False,Appartement,62.0,2.0,1.0,4.0,4610000.0,1,1,1,4.0
Settat,settat,False,Appartement,83.0,2.0,1.0,1.0,1200000.0,1,0,1,1.0
El-jadida,autre_secteur,True,Appartement,80.0,3.0,2.0,3.0,1250000.0,1,0,1,3.0
El-jadida,autre_secteur,True,Appartement,55.0,2.0,1.0,1.0,1570000.0,1,1,1,1.0
El-jadida,saidia,False,Appartement,80.0,2.0,1.0,3.0,3440000.0,1,0,1,3.0
El-jadida,autre_secteur,True,Appartement,110.0,2.0,2.0,4.0,4970000.0,1,1,1,4.0
El-jadida,quartier_aérodrome,False,Appartement,80.0,2.0,1.0,3.0,3280000.0,1,0,1,3.0
El-jadida,larache,False,Appartement,76.0,3.0,1.0,3.0,3470000.0,1,1,1,3.0
El-jadida,martil,False,Appartement,50.0,2.0,0.0,2.0,2460000.0,1,1,1,2.0
El-jadida,harhoura,False,Appartement,85.0,2.0,2.0,0.0,1690000.0,1,1,1,0.0
El-jadida,saidia,False,Appartement,80.0,4.0,3.0,2.0,1070000.0,1,0,1,2.0
El-jadida,tit_mellil,False,Appartement,80.0,3.0,2.0,3.0,3600000.0,1,0,1,3.0
El-jadida,sidi_rahal,False,Appartement,93.0,2.0,2.0,0.0,1200000.0,1,1,1,0.0
El-jadida,dar_bouazza,False,Appartement,50.0,2.0,1.0,3.0,3300000.0,1,1,1,3.0
El-jadida,harhoura,False,Appartement,173.0,3.0,2.0,0.0,2900000.0,1,1,1,0.0
Taza,taza,False,Appartement,78.0,2.0,1.0,5.0,5480000.0,1,1,0,5.0
El-jadida,el_mansouria,False,Appartement,80.0,1.0,1.0,0.0,710000.0,1,0,1,0.0
El-jadida,autre_secteur,True,Appartement,55.0,2.0,2.0,1.0,1530000.0,1,1,1,1.0
El-jadida,hay_oued_dahab,False,Appartement,45.0,2.0,1.0,0.0,270000.0,1,1,1,0.0
El-jadida,dar_bouazza,False,Appartement,80.0,3.0,1.0,0.0,1200000.0,1,0,1,0.0
El-jadida,sidi_moussa,False,Appartement,74.0,2.0,1.0,1.0,1550000.0,1,1,1,1.0
El-jadida,centre_ville,True,Appartement,65.0,3.0,2.0,1.0,1800000.0,1,1,1,1.0
El-jadida,centre_ville,True,Appartement,210.0,3.0,2.0,0.0,2100000.0,1,1,1,0.0
El-jadida,sidi_bouknadel,False,Appartement,155.0,3.0,2.0,1.0,13200000.0,1,1,1,1.0
El-jadida,tamesna,False,Appartement,80.0,2.0,2.0,2.0,2370000.0,1,0,1,2.0
El-jadida,sidi_abdellah,False,Appartement,51.0,3.0,1.0,2.0,2450000.0,1,1,1,2.0
El-jadida,martil,False,Appartement,50.0,2.0,1.0,3.0,3420000.0,1,1,1,3.0
El-jadida,autre_secteur,True,Appartement,55.0,2.0,1.0,2.0,2540000.0,1,1,1,2.0
El-jadida,hay_salam,False,Appartement,89.0,3.0,1.0,3.0,3800000.0,1,1,1,3.0
El-jadida,asilah,False,Appartement,59.0,2.0,1.0,2.0,2480000.0,1,1,1,2.0
El-jadida,béni_mellal,False,Appartement,100.0,4.0,3.0,unknown,1300000.0,0,1,1,unknown
El-jadida,massira_3,False,Appartement,130.0,3.0,1.0,1.0,11300000.0,1,1,1,1.0
El-jadida,martil,False,Appartement,60.0,2.0,1.0,1.0,1500000.0,1,1,1,1.0
El-jadida,autre_secteur,True,Appartement,75.0,2.0,1.0,1.0,1560000.0,1,1,1,1.0
El-jadida,mimosas,False,Appartement,80.0,4.0,3.0,1.0,11980000.0,1,0,1,1.0
Laayoune,laâyoune,False,Appartement,94.0,2.0,1.0,2.0,2480000.0,1,1,1,2.0
Laayoune,laâyoune,False,Appartement,84.0,2.0,1.0,0.0,340000.0,1,1,1,0.0
Laayoune,laâyoune,False,Appartement,74.0,2.0,1.0,0.0,420000.0,1,1,1,0.0
Laayoune,laâyoune,False,Appartement,54.0,1.0,1.0,0.0,160000.0,1,1,1,0.0
Laayoune,laâyoune,False,Appartement,82.0,2.0,1.0,2.0,2450000.0,1,0,1,2.0
Laayoune,laâyoune,False,Appartement,125.0,2.0,1.0,0.0,440000.0,1,1,0,0.0
Laayoune,laâyoune,False,Appartement,101.0,4.0,2.0,2.0,2530000.0,1,1,1,2.0
Laayoune,laâyoune,False,Appartement,85.0,3.0,2.0,0.0,570000.0,1,1,1,0.0
Laayoune,laâyoune,False,Appartement,68.0,2.0,1.0,0.0,400000.0,1,1,1,0.0
Laayoune,laâyoune,False,Appartement,86.0,3.0,2.0,2.0,2500000.0,1,1,1,2.0
Laayoune,laâyoune,False,Appartement,82.0,2.0,1.0,1.0,1500000.0,1,0,1,1.0
Laayoune,laâyoune,False,Appartement,49.0,2.0,1.0,0.0,300000.0,1,1,1,0.0
Laayoune,laâyoune,False,Appartement,67.0,2.0,1.0,1.0,1400000.0,1,1,1,1.0
Laayoune,laâyoune,False,Appartement,82.0,2.0,1.0,1.0,1450000.0,1,0,1,1.0
Laayoune,laâyoune,False,Appartement,82.0,3.0,1.0,2.0,2420000.0,1,1,1,2.0
Laayoune,laâyoune,False,Appartement,136.0,2.0,2.0,1.0,1860000.0,1,1,1,1.0
Laayoune,laâyoune,False,Appartement,70.0,2.0,1.0,3.0,3415000.0,1,1,1,3.0
Laayoune,laâyoune,False,Appartement,62.0,3.0,1.0,0.0,250000.0,1,1,0,0.0
Laayoune,laâyoune,False,Appartement,82.0,3.0,1.0,2.0,2490000.0,1,1,1,2.0
Laayoune,laâyoune,False,Appartement,75.0,2.0,1.0,3.0,3450000.0,1,1,1,3.0
Dakhla,al_massira,False,Appartement,50.0,2.0,2.0,2.0,2240000.0,1,1,1,2.0
Dakhla,dakhla,False,Appartement,72.0,2.0,1.0,2.0,2300000.0,1,1,1,2.0
Beni-mellal,dar_bouazza,False,Appartement,95.0,3.0,2.0,0.0,950000.0,1,1,1,0.0
Sidi-kacem,sidi_kacem,False,Appartement,103.0,3.0,2.0,4.0,4590000.0,1,1,1,4.0
Beni-mellal,val_fleury,False,Appartement,70.0,2.0,1.0,1.0,1580000.0,1,1,1,1.0
Beni-mellal,tamaris,False,Appartement,76.0,1.0,1.0,3.0,3750000.0,1,0,1,3.0
Beni-mellal,autre_secteur,True,Appartement,82.0,2.0,2.0,1.0,1640000.0,1,1,1,1.0
Beni-mellal,oulfa,False,Appartement,50.0,2.0,1.0,0.0,360000.0,1,1,1,0.0
Nador,centre_ville,True,Appartement,71.0,2.0,1.0,3.0,3740000.0,1,1,1,3.0
Nador,hay_al_matar,False,Appartement,75.0,2.0,1.0,3.0,3500000.0,1,1,1,3.0
Nador,autre_secteur,True,Appartement,78.0,2.0,1.0,1.0,1620000.0,1,1,1,1.0
Nador,autre_secteur,True,Appartement,80.0,2.0,1.0,2.0,2500000.0,1,1,1,2.0
Nador,autre_secteur,True,Appartement,64.0,2.0,1.0,3.0,3525000.0,1,1,1,3.0
Nador,centre_ville,True,Appartement,100.0,1.0,0.0,0.0,300000.0,1,1,1,0.0
Nador,hay_el_matar,False,Appartement,100.0,3.0,2.0,2.0,2400000.0,1,1,1,2.0
Nador,autre_secteur,True,Appartement,60.0,2.0,1.0,1.0,1400000.0,1,1,1,1.0
Nador,hay_al_matar,False,Appartement,102.0,2.0,2.0,0.0,930000.0,1,1,1,0.0
Nador,autre_secteur,True,Appartement,75.0,2.0,2.0,1.0,1510000.0,1,1,1,1.0
Nador,autre_secteur,True,Appartement,129.0,2.0,2.0,2.0,2650000.0,1,1,1,2.0
Nador,hay_el_matar,False,Appartement,74.0,2.0,1.0,1.0,1760000.0,1,1,1,1.0
Nador,hay_al_matar,False,Appartement,64.0,2.0,1.0,1.0,1700000.0,1,1,1,1.0
Nador,aarid,False,Appartement,60.0,2.0,1.0,3.0,3660000.0,1,1,1,3.0
Nador,hay_al_matar,False,Appartement,88.0,3.0,1.0,2.0,2650000.0,1,1,1,2.0
Nador,al_boustane,False,Appartement,70.0,2.0,2.0,1.0,1780000.0,1,1,1,1.0
Nador,autre_secteur,True,Appartement,92.0,2.0,1.0,3.0,3550000.0,1,1,1,3.0
Nador,laarassi,False,Appartement,113.0,2.0,1.0,6.0,6700000.0,1,1,1,6.0
Nador,hay_al_matar,False,Appartement,75.0,2.0,1.0,1.0,1950000.0,1,0,1,1.0
Nador,aarid,False,Appartement,60.0,2.0,1.0,0.0,480000.0,1,1,1,0.0
Nador,hay_al_matar,False,Appartement,98.0,2.0,2.0,3.0,1000000.0,1,1,1,3.0
Nador,autre_secteur,True,Appartement,100.0,3.0,2.0,2.0,2480000.0,1,1,1,2.0
Nador,saidia,False,Appartement,105.0,2.0,2.0,0.0,1000000.0,1,1,1,0.0
Taza,taza,False,Appartement,73.0,2.0,1.0,2.0,2310000.0,1,1,1,2.0
Taza,taza,False,Appartement,90.0,3.0,2.0,3.0,3720000.0,1,0,1,3.0
Nador,berkane,False,Appartement,78.0,2.0,1.0,unknown,380000.0,0,1,1,unknown
Nador,saidia,False,Appartement,75.0,2.0,1.0,0.0,390000.0,1,1,1,0.0
Nador,saidia,False,Appartement,68.0,2.0,2.0,0.0,800000.0,1,1,1,0.0
Nador,berkane,False,Appartement,55.0,2.0,1.0,1.0,1220000.0,1,1,1,1.0
Nador,saidia,False,Appartement,68.0,2.0,1.0,1.0,1490000.0,1,1,1,1.0
Nador,saidia,False,Appartement,60.0,2.0,1.0,1.0,1420000.0,1,1,1,1.0
Nador,saidia,False,Appartement,75.0,2.0,1.0,4.0,4300000.0,1,0,1,4.0
Nador,berkane,False,Appartement,60.0,2.0,2.0,2.0,2300000.0,1,1,1,2.0
Nador,saidia,False,Appartement,68.0,2.0,1.0,1.0,1325000.0,1,1,1,1.0
Taza,taza,False,Appartement,123.0,2.0,2.0,0.0,900000.0,1,1,1,0.0
Nador,berkane,False,Appartement,55.0,2.0,1.0,1.0,1210000.0,1,1,1,1.0
Nador,saidia,False,Appartement,60.0,2.0,1.0,3.0,3800000.0,1,1,1,3.0
Nador,berkane,False,Appartement,76.0,2.0,1.0,3.0,3429000.0,1,1,1,3.0
Nador,saidia,False,Appartement,110.0,4.0,1.0,1.0,1750000.0,1,1,1,1.0
Nador,saidia,False,Appartement,93.0,3.0,0.0,1.0,1480000.0,1,1,1,1.0
Nador,berkane,False,Appartement,73.0,2.0,1.0,3.0,3270000.0,1,1,1,3.0
Nador,saidia,False,Appartement,57.0,2.0,1.0,unknown,410000.0,0,1,1,unknown
Nador,saidia,False,Appartement,46.0,1.0,1.0,1.0,1350000.0,1,1,1,1.0
Taza,taza,False,Appartement,100.0,3.0,1.0,1.0,1330000.0,1,1,1,1.0
Nador,saidia,False,Appartement,55.0,2.0,1.0,2.0,2460000.0,1,1,1,2.0
Nador,saidia,False,Appartement,75.0,3.0,1.0,1.0,1500000.0,1,0,0,1.0
Nador,berkane,False,Appartement,75.0,2.0,1.0,3.0,3430000.0,1,1,1,3.0
Taza,taza,False,Appartement,73.0,2.0,1.0,4.0,4500000.0,1,1,1,4.0
Nador,saidia,False,Appartement,105.0,3.0,1.0,1.0,1590000.0,1,1,1,1.0
Nador,saidia,False,Appartement,72.0,2.0,1.0,2.0,2570000.0,1,1,1,2.0
Nador,saidia,False,Appartement,61.0,2.0,1.0,2.0,2630000.0,1,1,1,2.0
Nador,saidia,False,Appartement,90.0,2.0,1.0,1.0,1850000.0,1,1,1,1.0
Nador,saidia,False,Appartement,94.0,2.0,1.0,2.0,2940000.0,1,1,1,2.0
Nador,saidia,False,Appartement,70.0,2.0,1.0,0.0,690000.0,1,1,0,0.0
Nador,saidia,False,Appartement,75.0,2.0,1.0,0.0,490000.0,1,0,1,0.0
Nador,saidia,False,Appartement,65.0,3.0,1.0,0.0,320000.0,1,1,1,0.0
Nador,saidia,False,Appartement,85.0,2.0,1.0,2.0,2850000.0,1,1,1,2.0
Nador,saidia,False,Appartement,58.0,2.0,1.0,0.0,390000.0,1,1,1,0.0
Nador,saidia,False,Appartement,85.0,2.0,1.0,1.0,1950000.0,1,1,1,1.0
Taza,taza,False,Appartement,90.0,3.0,1.0,1.0,1600000.0,1,0,1,1.0
Nador,berkane,False,Appartement,105.0,3.0,2.0,2.0,2780000.0,1,1,1,2.0
Nador,berkane,False,Appartement,70.0,2.0,1.0,2.0,2420000.0,1,1,1,2.0
Nador,saidia,False,Appartement,69.0,3.0,1.0,1.0,155000.0,1,1,1,1.0
Nador,saidia,False,Appartement,77.0,1.0,1.0,0.0,830000.0,1,1,1,0.0
Nador,saidia,False,Appartement,90.0,2.0,1.0,2.0,2420000.0,1,1,1,2.0
Nador,saidia,False,Appartement,75.0,1.0,1.0,1.0,1520000.0,1,0,1,1.0
Taza,taza,False,Appartement,75.0,2.0,1.0,0.0,460000.0,1,1,1,0.0
Taza,taza,False,Appartement,70.0,2.0,1.0,0.0,420000.0,1,1,1,0.0
Nador,saidia,False,Appartement,69.0,2.0,1.0,2.0,2400000.0,1,1,1,2.0
Nador,berkane,False,Appartement,56.0,2.0,1.0,1.0,1300000.0,1,1,1,1.0
Nador,saidia,False,Appartement,80.0,2.0,1.0,2.0,2850000.0,1,1,1,2.0
Nador,saidia,False,Appartement,75.0,2.0,2.0,2.0,2930000.0,1,0,1,2.0
Nador,saidia,False,Appartement,75.0,2.0,1.0,0.0,700000.0,1,0,0,0.0
Nador,berkane,False,Appartement,93.0,3.0,2.0,2.0,2690000.0,1,1,1,2.0
Nador,berkane,False,Appartement,85.0,2.0,1.0,2.0,2500000.0,1,1,1,2.0
Nador,berkane,False,Appartement,87.0,3.0,1.0,2.0,2670000.0,1,1,1,2.0
Nador,saidia,False,Appartement,130.0,2.0,1.0,0.0,900000.0,1,1,1,0.0
Taza,taza,False,Appartement,90.0,2.0,1.0,3.0,344000.0,1,0,1,3.0
Taza,taza,False,Appartement,90.0,2.0,1.0,3.0,3250000.0,1,0,1,3.0
Taza,taza,False,Appartement,90.0,2.0,0.0,3.0,3250000.0,1,0,1,3.0
Nador,berkane,False,Appartement,85.0,2.0,2.0,1.0,1470000.0,1,1,1,1.0
Nador,berkane,False,Appartement,93.0,3.0,1.0,1.0,1690000.0,1,1,1,1.0
Taza,taza,False,Appartement,100.0,3.0,1.0,1.0,1650000.0,1,1,1,1.0
Nador,selouane,False,Appartement,69.0,2.0,1.0,4.0,4440000.0,1,1,1,4.0
Nador,berkane,False,Appartement,120.0,4.0,2.0,2.0,2900000.0,1,1,1,2.0
Nador,saidia,False,Appartement,61.0,2.0,1.0,0.0,600000.0,1,1,1,0.0
Nador,saidia,False,Appartement,60.0,2.0,1.0,2.0,2410000.0,1,1,1,2.0
Nador,saidia,False,Appartement,75.0,2.0,1.0,0.0,400000.0,1,0,1,0.0
Nador,saidia,False,Appartement,83.0,2.0,1.0,1.0,1880000.0,1,1,1,1.0
Taza,taza,False,Appartement,90.0,2.0,2.0,3.0,3480000.0,1,0,1,3.0
Nador,saidia,False,Appartement,75.0,2.0,1.0,1.0,1420000.0,1,0,1,1.0
Nador,saidia,False,Appartement,60.0,3.0,1.0,2.0,2290000.0,1,1,0,2.0
Taza,taza,False,Appartement,90.0,2.0,1.0,2.0,1000000.0,1,0,0,2.0
Nador,saidia,False,Appartement,74.0,2.0,2.0,0.0,800000.0,1,1,1,0.0
Nador,saidia,False,Appartement,75.0,2.0,1.0,0.0,800000.0,1,1,1,0.0
Nador,saidia,False,Appartement,75.0,2.0,1.0,2.0,2450000.0,1,0,1,2.0
Nador,saidia,False,Appartement,45.0,2.0,0.0,unknown,480000.0,0,1,1,unknown
Nador,saidia,False,Appartement,64.0,2.0,1.0,4.0,4330000.0,1,1,1,4.0
Nador,saidia,False,Appartement,75.0,3.0,1.0,1.0,170000.0,1,0,0,1.0
Nador,berkane,False,Appartement,120.0,2.0,2.0,2.0,2600000.0,1,1,1,2.0
Nador,saidia,False,Appartement,60.0,2.0,1.0,0.0,620000.0,1,1,1,0.0
Nador,berkane,False,Appartement,62.0,2.0,1.0,1.0,1600000.0,1,1,1,1.0
Nador,saidia,False,Appartement,70.0,2.0,1.0,2.0,2530000.0,1,1,1,2.0
Nador,selouane,False,Appartement,98.0,3.0,1.0,1.0,1720000.0,1,1,1,1.0
Nador,selouane,False,Appartement,101.0,3.0,1.0,1.0,1720000.0,1,1,1,1.0
Taza,taza,False,Appartement,90.0,2.0,1.0,2.0,2480000.0,1,1,1,2.0
Nador,saidia,False,Appartement,76.0,2.0,1.0,1.0,1510000.0,1,1,1,1.0
Taza,taza,False,Appartement,120.0,3.0,2.0,1.0,1970000.0,1,1,1,1.0
Taza,taza,False,Appartement,102.0,3.0,1.0,3.0,3690000.0,1,1,1,3.0
Nador,saidia,False,Appartement,97.0,2.0,1.0,0.0,790000.0,1,1,1,0.0
Nador,saidia,False,Appartement,75.0,2.0,1.0,0.0,6000000.0,1,0,1,0.0
Nador,saidia,False,Appartement,95.0,2.0,2.0,0.0,1050000.0,1,1,1,0.0
Nador,saidia,False,Appartement,69.0,2.0,1.0,3.0,3680000.0,1,1,1,3.0
Nador,al_hoceima,False,Appartement,81.0,2.0,1.0,0.0,600000.0,1,1,1,0.0
Nador,saidia,False,Appartement,68.0,2.0,1.0,0.0,390000.0,1,1,1,0.0
Nador,saidia,False,Appartement,69.0,2.0,1.0,1.0,1390000.0,1,1,1,1.0
Nador,saidia,False,Appartement,75.0,2.0,1.0,1.0,1390000.0,1,0,1,1.0
Nador,saidia,False,Appartement,75.0,2.0,1.0,1.0,1490000.0,1,0,1,1.0
Nador,saidia,False,Appartement,120.0,3.0,2.0,0.0,1300000.0,1,1,1,0.0
Nador,saidia,False,Appartement,70.0,2.0,1.0,0.0,390000.0,1,1,1,0.0
Nador,saidia,False,Appartement,70.0,2.0,1.0,1.0,1800000.0,1,1,1,1.0
Nador,al_hoceima,False,Appartement,78.0,2.0,1.0,2.0,2760000.0,1,1,1,2.0
Nador,saidia,False,Appartement,85.0,2.0,1.0,1.0,1400000.0,1,1,1,1.0
Nador,berkane,False,Appartement,129.0,2.0,2.0,2.0,2850000.0,1,1,1,2.0
Nador,saidia,False,Appartement,83.0,2.0,1.0,1.0,1400000.0,1,1,1,1.0
Nador,selouane,False,Appartement,65.0,2.0,2.0,1.0,1630000.0,1,1,1,1.0
Nador,selouane,False,Appartement,75.0,3.0,1.0,1.0,1770000.0,1,0,1,1.0
Nador,selouane,False,Appartement,56.0,2.0,1.0,1.0,1480000.0,1,1,1,1.0
Nador,berkane,False,Appartement,75.0,2.0,1.0,1.0,1550000.0,1,1,1,1.0
Nador,berkane,False,Appartement,78.0,2.0,1.0,2.0,2500000.0,1,1,1,2.0
Nador,berkane,False,Appartement,85.0,3.0,1.0,2.0,2145000.0,1,1,1,2.0
Taza,taza,False,Appartement,130.0,3.0,2.0,2.0,2700000.0,1,1,1,2.0
Taza,taza,False,Appartement,90.0,1.0,1.0,3.0,3600000.0,1,0,1,3.0
Nador,saidia,False,Appartement,85.0,2.0,2.0,2.0,2600000.0,1,1,1,2.0
Nador,saidia,False,Appartement,65.0,2.0,0.0,0.0,600000.0,1,1,1,0.0
Taza,taza,False,Appartement,90.0,2.0,1.0,2.0,4200000.0,1,0,1,2.0
Taza,taza,False,Appartement,61.0,3.0,1.0,2.0,2300000.0,1,1,1,2.0
Nador,berkane,False,Appartement,95.0,3.0,2.0,1.0,1650000.0,1,1,1,1.0
Taza,taza,False,Appartement,137.0,2.0,2.0,1.0,1900000.0,1,1,1,1.0
Taza,taza,False,Appartement,90.0,2.0,1.0,4.0,4450000.0,1,0,1,4.0
Taza,taza,False,Appartement,82.0,3.0,2.0,1.0,1450000.0,1,1,1,1.0
Taza,taza,False,Appartement,118.0,3.0,2.0,2.0,2530000.0,1,1,1,2.0
Taza,taza,False,Appartement,92.0,3.0,1.0,4.0,4500000.0,1,1,1,4.0
Taza,taza,False,Appartement,146.0,3.0,2.0,3.0,3750000.0,1,1,1,3.0
Taza,taza,False,Appartement,60.0,2.0,1.0,4.0,4250000.0,1,1,1,4.0
Taza,taza,False,Appartement,103.0,3.0,1.0,4.0,4600000.0,1,1,1,4.0
Taza,taza,False,Appartement,95.0,2.0,2.0,3.0,3500000.0,1,1,1,3.0
Taza,taza,False,Appartement,100.0,3.0,2.0,2.0,2550000.0,1,1,1,2.0
Taza,taza,False,Appartement,110.0,3.0,2.0,5.0,5620000.0,1,1,1,5.0
Taza,taza,False,Appartement,85.0,2.0,1.0,1.0,1400000.0,1,1,1,1.0
Taza,taza,False,Appartement,83.0,2.0,2.0,2.0,2365000.0,1,1,1,2.0
Taza,taza,False,Appartement,98.0,2.0,1.0,1.0,1560000.0,1,1,1,1.0
Taza,taza,False,Appartement,86.0,3.0,1.0,1.0,1470000.0,1,1,1,1.0
Taza,taza,False,Appartement,79.0,2.0,1.0,6.0,6390000.0,1,1,1,6.0
Taza,taza,False,Appartement,93.0,2.0,2.0,2.0,2465000.0,1,1,1,2.0
Taza,taza,False,Appartement,102.0,2.0,2.0,3.0,3790000.0,1,1,1,3.0
Taza,taza,False,Appartement,92.0,2.0,1.0,0.0,400000.0,1,1,1,0.0
Taza,taza,False,Appartement,90.0,2.0,1.0,5.0,5260000.0,1,0,1,5.0
Taza,taza,False,Appartement,77.0,2.0,1.0,3.0,3540000.0,1,1,1,3.0
Taza,taza,False,Appartement,79.0,2.0,2.0,2.0,2360000.0,1,1,1,2.0
Taza,taza,False,Appartement,80.0,2.0,1.0,0.0,3200000.0,1,1,1,0.0
Settat,smaâla,False,Appartement,61.0,2.0,1.0,2.0,2420000.0,1,1,1,2.0
Settat,settat,False,Appartement,100.0,3.0,2.0,1.0,1590000.0,1,1,1,1.0
Settat,settat,False,Appartement,75.0,3.0,0.0,4.0,4290000.0,1,1,1,4.0
Settat,settat,False,Appartement,70.0,2.0,1.0,4.0,4470000.0,1,1,1,4.0
Settat,smaâla,False,Appartement,78.0,2.0,1.0,4.0,4400000.0,1,1,1,4.0
Settat,settat,False,Appartement,106.0,2.0,2.0,2.0,2600000.0,1,1,1,2.0
Settat,settat,False,Appartement,100.0,3.0,2.0,2.0,2590000.0,1,1,1,2.0
Settat,smaâla,False,Appartement,83.0,2.0,1.0,3.0,3460000.0,1,0,0,3.0
Settat,settat,False,Appartement,70.0,2.0,1.0,2.0,2290000.0,1,1,1,2.0
Settat,smaâla,False,Appartement,89.0,3.0,1.0,3.0,3500000.0,1,1,1,3.0
Settat,settat,False,Appartement,83.0,2.0,1.0,2.0,2600000.0,1,0,0,2.0
Settat,settat,False,Appartement,119.0,3.0,1.0,1.0,1574000.0,1,1,1,1.0
Settat,smaâla,False,Appartement,71.0,2.0,1.0,3.0,3400000.0,1,1,1,3.0
Settat,settat,False,Appartement,45.0,2.0,1.0,0.0,215000.0,1,1,1,0.0
Settat,settat,False,Appartement,130.0,3.0,2.0,3.0,3800000.0,1,1,1,3.0
Settat,settat,False,Appartement,90.0,2.0,1.0,1.0,1420000.0,1,1,1,1.0
Settat,settat,False,Appartement,100.0,3.0,0.0,0.0,550000.0,1,1,1,0.0
Settat,settat,False,Appartement,120.0,3.0,0.0,1.0,1650000.0,1,1,1,1.0
Settat,settat,False,Appartement,90.0,3.0,1.0,3.0,3590000.0,1,1,1,3.0
Settat,settat,False,Appartement,110.0,2.0,1.0,unknown,410000.0,0,1,1,unknown
Settat,hay_salam,False,Appartement,96.0,3.0,1.0,3.0,3450000.0,1,1,1,3.0
Settat,hay_mabrouka,False,Appartement,83.0,2.0,1.0,0.0,5000000.0,1,0,1,0.0
Settat,settat,False,Appartement,83.0,3.0,1.0,1.0,1370000.0,1,0,1,1.0
Settat,settat,False,Appartement,184.0,2.0,1.0,1.0,1450000.0,1,1,1,1.0
Settat,settat,False,Appartement,100.0,3.0,2.0,3.0,3590000.0,1,1,1,3.0
Settat,settat,False,Appartement,108.0,2.0,2.0,1.0,1460000.0,1,1,1,1.0
Settat,settat,False,Appartement,98.0,3.0,1.0,2.0,2470000.0,1,1,0,2.0
Settat,settat,False,Appartement,72.0,1.0,1.0,0.0,270000.0,1,1,1,0.0
Settat,hay_al_kamal,False,Appartement,69.0,2.0,1.0,4.0,4340000.0,1,1,1,4.0
Settat,settat,False,Appartement,88.0,2.0,1.0,1.0,1430000.0,1,1,1,1.0
Settat,mania,False,Appartement,54.0,2.0,1.0,2.0,2260000.0,1,1,1,2.0
Settat,settat,False,Appartement,60.0,3.0,1.0,1.0,1340000.0,1,1,1,1.0
Settat,sidi_abdelkarim,False,Appartement,88.0,2.0,1.0,1.0,1430000.0,1,1,1,1.0
Settat,hay_salam,False,Appartement,88.0,2.0,1.0,1.0,1430000.0,1,1,1,1.0
Settat,settat,False,Appartement,72.0,2.0,1.0,1.0,1460000.0,1,1,1,1.0
Settat,hay_salam,False,Appartement,75.0,2.0,1.0,3.0,3350000.0,1,1,1,3.0
Settat,hay_mabrouka,False,Appartement,52.0,2.0,1.0,0.0,450000.0,1,1,1,0.0
Settat,settat,False,Appartement,76.0,2.0,1.0,2.0,2435000.0,1,1,1,2.0
Settat,settat,False,Appartement,72.0,2.0,1.0,1.0,1550000.0,1,1,1,1.0
Settat,hay_salam,False,Appartement,90.0,2.0,1.0,1.0,1430000.0,1,1,1,1.0
Settat,alouane,False,Appartement,83.0,3.0,1.0,3.0,3480000.0,1,0,1,3.0
Settat,smaâla,False,Appartement,83.0,2.0,0.0,2.0,2450000.0,1,0,1,2.0
Settat,smaâla,False,Appartement,73.0,3.0,1.0,3.0,3340000.0,1,1,1,3.0
Settat,settat,False,Appartement,100.0,2.0,2.0,3.0,3490000.0,1,1,1,3.0
Settat,settat,False,Appartement,100.0,2.0,2.0,unknown,510000.0,0,1,1,unknown
Settat,settat,False,Appartement,83.0,2.0,1.0,0.0,380000.0,1,0,1,0.0
Settat,hay_salam,False,Appartement,72.0,2.0,1.0,4.0,4530000.0,1,1,1,4.0
Settat,settat,False,Appartement,67.0,2.0,0.0,4.0,410000.0,1,1,1,4.0
Settat,settat,False,Appartement,65.0,2.0,1.0,0.0,450000.0,1,1,1,0.0
Settat,settat,False,Appartement,72.0,2.0,1.0,3.0,3360000.0,1,1,1,3.0
Settat,sidi_abdelkarim,False,Appartement,88.0,2.0,1.0,1.0,1420000.0,1,1,1,1.0
Settat,settat,False,Appartement,66.0,2.0,0.0,1.0,1330000.0,1,1,1,1.0
Settat,settat,False,Appartement,90.0,3.0,1.0,2.0,2540000.0,1,1,1,2.0
Settat,settat,False,Appartement,101.0,3.0,2.0,3.0,3540000.0,1,1,1,3.0
Settat,smaâla,False,Appartement,146.0,2.0,2.0,3.0,3900000.0,1,1,1,3.0
Settat,settat,False,Appartement,110.0,3.0,2.0,3.0,3795000.0,1,1,1,3.0
Settat,settat,False,Appartement,150.0,3.0,2.0,4.0,4950000.0,1,1,1,4.0
Settat,settat,False,Appartement,90.0,3.0,2.0,2.0,2380000.0,1,1,1,2.0
Settat,hay_al_kamal,False,Appartement,72.0,2.0,2.0,3.0,3170000.0,1,1,1,3.0
Settat,settat,False,Appartement,149.0,3.0,2.0,3.0,3680000.0,1,1,1,3.0
Settat,settat,False,Appartement,139.0,3.0,2.0,3.0,3650000.0,1,1,1,3.0
Settat,settat,False,Appartement,105.0,3.0,1.0,1.0,1420000.0,1,1,1,1.0
Settat,mania,False,Appartement,105.0,2.0,1.0,2.0,2310000.0,1,1,1,2.0
Settat,hay_mabrouka,False,Appartement,90.0,2.0,2.0,2.0,2370000.0,1,1,1,2.0
Settat,hay_salam,False,Appartement,88.0,2.0,1.0,1.0,1420000.0,1,1,1,1.0
Settat,smaâla,False,Appartement,72.0,2.0,1.0,4.0,4540000.0,1,1,1,4.0
Settat,settat,False,Appartement,64.0,2.0,1.0,1.0,1400000.0,1,1,1,1.0
Settat,smaâla,False,Appartement,83.0,2.0,1.0,1.0,1400000.0,1,0,1,1.0
Settat,smaâla,False,Appartement,70.0,2.0,1.0,0.0,550000.0,1,1,1,0.0
Settat,settat,False,Appartement,72.0,2.0,1.0,4.0,4250000.0,1,1,1,4.0
Settat,hay_mimouna,False,Appartement,60.0,2.0,1.0,0.0,165000.0,1,1,1,0.0
Settat,settat,False,Appartement,64.0,2.0,1.0,1.0,1320000.0,1,1,1,1.0
Settat,smaâla,False,Appartement,64.0,2.0,1.0,4.0,4500000.0,1,1,1,4.0
Settat,settat,False,Appartement,72.0,1.0,1.0,1.0,1270000.0,1,1,1,1.0
Settat,settat,False,Appartement,55.0,1.0,1.0,3.0,3320000.0,1,1,1,3.0
Settat,settat,False,Appartement,85.0,2.0,2.0,2.0,2350000.0,1,1,1,2.0
Settat,settat,False,Appartement,94.0,3.0,2.0,1.0,1650000.0,1,1,1,1.0
Settat,settat,False,Appartement,81.0,2.0,1.0,4.0,4340000.0,1,1,1,4.0
Settat,settat,False,Appartement,118.0,3.0,1.0,1.0,1630000.0,1,1,1,1.0
Settat,settat,False,Appartement,88.0,2.0,1.0,3.0,3600000.0,1,1,1,3.0
Settat,hay_salam,False,Appartement,70.0,2.0,2.0,1.0,1260000.0,1,1,1,1.0
Settat,hay_mimouna,False,Appartement,63.0,2.0,2.0,3.0,3155000.0,1,1,1,3.0
Settat,settat,False,Appartement,60.0,2.0,1.0,4.0,4350000.0,1,1,1,4.0
Settat,hay_salam,False,Appartement,106.0,3.0,1.0,0.0,450000.0,1,1,1,0.0
Settat,hay_kilz,False,Appartement,80.0,2.0,1.0,2.0,2400000.0,1,1,1,2.0
Settat,settat,False,Appartement,75.0,2.0,1.0,1.0,1430000.0,1,1,1,1.0
Settat,smaâla,False,Appartement,83.0,2.0,1.0,3.0,3490000.0,1,1,1,3.0
Settat,settat,False,Appartement,55.0,2.0,1.0,1.0,1300000.0,1,1,1,1.0
Settat,settat,False,Appartement,90.0,2.0,2.0,0.0,240000.0,1,1,1,0.0
Settat,settat,False,Appartement,60.0,1.0,1.0,4.0,4210000.0,1,1,1,4.0
Settat,settat,False,Appartement,51.0,2.0,1.0,2.0,2290000.0,1,1,1,2.0
Settat,settat,False,Appartement,50.0,2.0,1.0,1.0,1270000.0,1,1,1,1.0
Settat,settat,False,Appartement,76.0,3.0,1.0,2.0,2450000.0,1,1,1,2.0
Settat,settat,False,Appartement,87.0,2.0,1.0,4.0,4340000.0,1,1,1,4.0
Settat,hay_kilz,False,Appartement,86.0,3.0,2.0,2.0,2650000.0,1,1,1,2.0
Settat,hay_al_kamal,False,Appartement,83.0,3.0,2.0,3.0,4800000.0,1,0,1,3.0
Settat,settat,False,Appartement,83.0,3.0,1.0,1.0,1550000.0,1,0,1,1.0
Khemisset,khemisset,False,Appartement,85.0,2.0,2.0,4.0,4370000.0,1,0,1,4.0
Khemisset,khemisset,False,Appartement,57.0,2.0,1.0,2.0,2300000.0,1,1,1,2.0
Khemisset,khemisset,False,Appartement,86.0,2.0,2.0,3.0,3440000.0,1,1,1,3.0
Khemisset,khemisset,False,Appartement,109.0,2.0,1.0,3.0,3560000.0,1,1,1,3.0
Khemisset,khemisset,False,Appartement,64.0,2.0,1.0,2.0,2340000.0,1,1,1,2.0
Khemisset,khemisset,False,Appartement,85.0,2.0,2.0,1.0,1400000.0,1,0,1,1.0
Khemisset,khemisset,False,Appartement,51.0,2.0,2.0,3.0,3250000.0,1,1,1,3.0
Khemisset,khemisset,False,Appartement,80.0,2.0,1.0,3.0,3360000.0,1,1,1,3.0
Khemisset,khemisset,False,Appartement,85.0,2.0,1.0,4.0,4330000.0,1,0,1,4.0
Khemisset,khemisset,False,Appartement,82.0,2.0,2.0,2.0,2500000.0,1,1,1,2.0
Khemisset,khemisset,False,Appartement,180.0,3.0,2.0,2.0,2700000.0,1,1,1,2.0
Khemisset,khemisset,False,Appartement,80.0,2.0,1.0,1.0,1380000.0,1,1,1,1.0
Khemisset,khemisset,False,Appartement,85.0,2.0,2.0,2.0,2460000.0,1,1,1,2.0
Khemisset,khemisset,False,Appartement,85.0,2.0,1.0,3.0,3560000.0,1,0,0,3.0
Khemisset,khemisset,False,Appartement,105.0,3.0,2.0,2.0,2670000.0,1,1,1,2.0
Khemisset,khemisset,False,Appartement,130.0,3.0,2.0,3.0,3790000.0,1,1,1,3.0
Khemisset,khemisset,False,Appartement,70.0,2.0,1.0,4.0,4335000.0,1,1,1,4.0
Khemisset,khemisset,False,Appartement,80.0,3.0,1.0,2.0,2420000.0,1,1,1,2.0
Khemisset,khemisset,False,Appartement,93.0,2.0,2.0,2.0,2490000.0,1,1,1,2.0
Khemisset,khemisset,False,Appartement,70.0,2.0,1.0,4.0,4340000.0,1,1,1,4.0
Khemisset,khemisset,False,Appartement,105.0,3.0,2.0,1.0,1690000.0,1,1,1,1.0
Khemisset,khemisset,False,Appartement,127.0,2.0,2.0,1.0,1590000.0,1,1,1,1.0
Khemisset,khemisset,False,Appartement,105.0,2.0,2.0,4.0,4600000.0,1,1,1,4.0
Khemisset,khemisset,False,Appartement,56.0,2.0,0.0,2.0,2320000.0,1,1,1,2.0
Khemisset,khemisset,False,Appartement,72.0,2.0,1.0,0.0,300000.0,1,1,1,0.0
Khemisset,khemisset,False,Appartement,94.0,2.0,2.0,1.0,1550000.0,1,1,1,1.0
Khemisset,khemisset,False,Appartement,80.0,2.0,2.0,3.0,3380000.0,1,1,1,3.0
Khemisset,khemisset,False,Appartement,88.0,2.0,1.0,2.0,2600000.0,1,1,1,2.0
Khemisset,khemisset,False,Appartement,89.0,2.0,1.0,4.0,4700000.0,1,1,1,4.0
Khemisset,khemisset,False,Appartement,65.0,2.0,1.0,4.0,4520000.0,1,1,1,4.0
Khemisset,khemisset,False,Appartement,160.0,3.0,2.0,2.0,2620000.0,1,1,1,2.0
Khemisset,khemisset,False,Appartement,65.0,2.0,1.0,2.0,2450000.0,1,1,1,2.0
Khemisset,khemisset,False,Appartement,116.0,3.0,2.0,3.0,3700000.0,1,1,1,3.0
Khemisset,khemisset,False,Appartement,73.0,2.0,1.0,2.0,2750000.0,1,1,0,2.0
Khemisset,khemisset,False,Appartement,110.0,4.0,1.0,1.0,1360000.0,1,1,1,1.0
Berrechid,berrechid,False,Appartement,80.0,3.0,2.0,2.0,2450000.0,1,0,1,2.0
Berrechid,berrechid,False,Appartement,80.0,2.0,1.0,0.0,550000.0,1,0,0,0.0
Berrechid,berrechid,False,Appartement,64.0,3.0,1.0,3.0,3450000.0,1,1,1,3.0
Berrechid,berrechid,False,Appartement,50.0,2.0,1.0,3.0,3275000.0,1,1,1,3.0
Berrechid,berrechid,False,Appartement,65.0,2.0,1.0,4.0,4260000.0,1,1,1,4.0
Berrechid,berrechid,False,Appartement,85.0,3.0,2.0,4.0,4350000.0,1,1,1,4.0
Berrechid,berrechid,False,Appartement,73.0,2.0,1.0,2.0,2500000.0,1,1,1,2.0
Berrechid,berrechid,False,Appartement,109.0,3.0,1.0,2.0,2500000.0,1,1,1,2.0
Berrechid,berrechid,False,Appartement,102.0,3.0,1.0,2.0,2460000.0,1,1,1,2.0
Berrechid,berrechid,False,Appartement,62.0,2.0,1.0,3.0,3450000.0,1,1,1,3.0
Berrechid,berrechid,False,Appartement,79.0,3.0,1.0,3.0,3480000.0,1,1,1,3.0
Berrechid,berrechid,False,Appartement,63.0,2.0,1.0,1.0,1380000.0,1,1,1,1.0
Berrechid,berrechid,False,Appartement,100.0,3.0,1.0,2.0,2560000.0,1,1,1,2.0
Berrechid,berrechid,False,Appartement,102.0,2.0,2.0,2.0,2670000.0,1,1,1,2.0
Berrechid,berrechid,False,Appartement,76.0,2.0,1.0,3.0,3360000.0,1,1,1,3.0
Berrechid,berrechid,False,Appartement,62.0,1.0,1.0,3.0,3335000.0,1,1,1,3.0
Berrechid,berrechid,False,Appartement,120.0,3.0,2.0,2.0,2700000.0,1,1,1,2.0
Berrechid,berrechid,False,Appartement,96.0,6.0,2.0,2.0,2420000.0,1,1,1,2.0
Berrechid,berrechid,False,Appartement,120.0,2.0,2.0,1.0,1750000.0,1,1,1,1.0
Berrechid,berrechid,False,Appartement,80.0,3.0,1.0,2.0,2610000.0,1,0,1,2.0
Berrechid,berrechid,False,Appartement,48.0,2.0,1.0,1.0,1350000.0,1,1,1,1.0
Berrechid,berrechid,False,Appartement,116.0,3.0,2.0,3.0,3640000.0,1,1,1,3.0
Berrechid,berrechid,False,Appartement,64.0,2.0,1.0,4.0,4440000.0,1,1,1,4.0
Berrechid,berrechid,False,Appartement,95.0,3.0,2.0,3.0,3800000.0,1,1,1,3.0
Berrechid,berrechid,False,Appartement,84.0,2.0,2.0,2.0,2700000.0,1,1,1,2.0
Berrechid,berrechid,False,Appartement,100.0,2.0,2.0,2.0,2600000.0,1,1,1,2.0
Berrechid,berrechid,False,Appartement,116.0,2.0,2.0,2.0,2670000.0,1,1,1,2.0
Berrechid,berrechid,False,Appartement,55.0,2.0,1.0,1.0,1340000.0,1,1,1,1.0
Berrechid,berrechid,False,Appartement,116.0,2.0,2.0,2.0,2700000.0,1,1,1,2.0
Berrechid,berrechid,False,Appartement,88.0,3.0,2.0,4.0,4670000.0,1,1,1,4.0
Berrechid,berrechid,False,Appartement,143.0,3.0,3.0,1.0,11060000.0,1,1,1,1.0
Berrechid,berrechid,False,Appartement,113.0,3.0,2.0,4.0,4750000.0,1,1,1,4.0
Berrechid,berrechid,False,Appartement,60.0,2.0,2.0,1.0,1420000.0,1,1,1,1.0
Berrechid,berrechid,False,Appartement,72.0,2.0,1.0,1.0,1260000.0,1,1,1,1.0
Berrechid,berrechid,False,Appartement,80.0,2.0,1.0,3.0,3380000.0,1,0,1,3.0
Berrechid,berrechid,False,Appartement,100.0,3.0,2.0,2.0,2670000.0,1,1,1,2.0
Berrechid,berrechid,False,Appartement,98.0,3.0,2.0,1.0,1640000.0,1,1,1,1.0
Berrechid,berrechid,False,Appartement,76.0,2.0,1.0,1.0,1500000.0,1,1,1,1.0
Berrechid,berrechid,False,Appartement,96.0,3.0,2.0,2.0,2810000.0,1,1,1,2.0
Berrechid,berrechid,False,Appartement,64.0,2.0,0.0,1.0,1360000.0,1,1,1,1.0
Berrechid,berrechid,False,Appartement,63.0,2.0,1.0,4.0,4560000.0,1,1,1,4.0
Berrechid,berrechid,False,Appartement,120.0,2.0,1.0,0.0,950000.0,1,1,1,0.0
Berrechid,berrechid,False,Appartement,80.0,2.0,1.0,0.0,950000.0,1,0,0,0.0
Berrechid,berrechid,False,Appartement,55.0,2.0,1.0,3.0,3330000.0,1,1,1,3.0
Berrechid,berrechid,False,Appartement,73.0,3.0,1.0,4.0,4620000.0,1,1,1,4.0
Berrechid,berrechid,False,Appartement,55.0,2.0,1.0,2.0,2350000.0,1,1,1,2.0
Berrechid,berrechid,False,Appartement,60.0,2.0,1.0,2.0,2330000.0,1,1,1,2.0
Berrechid,berrechid,False,Appartement,80.0,2.0,1.0,0.0,520000.0,1,1,1,0.0
Berrechid,berrechid,False,Appartement,121.0,3.0,2.0,3.0,3720000.0,1,1,1,3.0
Berrechid,berrechid,False,Appartement,56.0,2.0,1.0,3.0,3300990.0,1,1,1,3.0
Berrechid,berrechid,False,Appartement,105.0,3.0,2.0,2.0,2620000.0,1,1,1,2.0
Berrechid,berrechid,False,Appartement,116.0,2.0,2.0,0.0,520000.0,1,1,1,0.0
Berrechid,berrechid,False,Appartement,108.0,3.0,1.0,1.0,1600000.0,1,1,1,1.0
Berrechid,berrechid,False,Appartement,80.0,1.0,1.0,1.0,1230000.0,1,1,1,1.0
Berrechid,berrechid,False,Appartement,91.0,3.0,2.0,3.0,3660000.0,1,1,1,3.0
Berrechid,berrechid,False,Appartement,65.0,3.0,2.0,1.0,1520000.0,1,1,1,1.0
Berrechid,berrechid,False,Appartement,66.0,2.0,1.0,2.0,2400000.0,1,1,1,2.0
Berrechid,berrechid,False,Appartement,71.0,2.0,1.0,1.0,1460000.0,1,1,1,1.0
Berrechid,berrechid,False,Appartement,57.0,2.0,1.0,2.0,2360000.0,1,1,1,2.0
Berrechid,berrechid,False,Appartement,80.0,2.0,1.0,2.0,2300000.0,1,0,1,2.0
Berrechid,berrechid,False,Appartement,74.0,3.0,2.0,0.0,480000.0,1,1,1,0.0
Berrechid,berrechid,False,Appartement,74.0,3.0,1.0,1.0,1410000.0,1,1,1,1.0
Berrechid,berrechid,False,Appartement,98.0,2.0,1.0,unknown,750000.0,0,1,1,unknown
Berrechid,berrechid,False,Appartement,52.0,1.0,1.0,1.0,1290000.0,1,1,1,1.0
Berrechid,berrechid,False,Appartement,104.0,3.0,1.0,2.0,2640000.0,1,1,1,2.0
Berrechid,berrechid,False,Appartement,104.0,3.0,0.0,2.0,2640000.0,1,1,1,2.0
Berrechid,berrechid,False,Appartement,77.0,2.0,1.0,3.0,3510000.0,1,1,1,3.0
Berrechid,berrechid,False,Appartement,96.0,3.0,2.0,4.0,4780000.0,1,1,1,4.0
Berrechid,berrechid,False,Appartement,120.0,3.0,2.0,2.0,2510000.0,1,1,1,2.0
Berrechid,berrechid,False,Appartement,55.0,2.0,1.0,2.0,2420000.0,1,1,1,2.0
Berrechid,berrechid,False,Appartement,60.0,2.0,1.0,2.0,2340000.0,1,1,1,2.0
Berrechid,berrechid,False,Appartement,96.0,2.0,2.0,unknown,730000.0,0,1,1,unknown
Berrechid,berrechid,False,Appartement,88.0,2.0,1.0,3.0,3450000.0,1,1,1,3.0
Berrechid,berrechid,False,Appartement,57.0,2.0,1.0,4.0,4190000.0,1,1,1,4.0
Berrechid,berrechid,False,Appartement,55.0,2.0,1.0,1.0,1385000.0,1,1,1,1.0
Berrechid,berrechid,False,Appartement,83.0,3.0,1.0,3.0,3440000.0,1,1,1,3.0
Berrechid,berrechid,False,Appartement,70.0,2.0,1.0,3.0,3340000.0,1,1,1,3.0
Berrechid,berrechid,False,Appartement,100.0,2.0,1.0,2.0,2510000.0,1,1,1,2.0
Berrechid,berrechid,False,Appartement,50.0,2.0,1.0,3.0,3310000.0,1,1,1,3.0
Berrechid,berrechid,False,Appartement,78.0,2.0,1.0,3.0,3440000.0,1,1,1,3.0
Berrechid,berrechid,False,Appartement,115.0,3.0,2.0,3.0,3760000.0,1,1,1,3.0
Berrechid,berrechid,False,Appartement,79.0,2.0,1.0,1.0,1520000.0,1,1,1,1.0
Berrechid,berrechid,False,Appartement,60.0,2.0,1.0,2.0,2360000.0,1,1,1,2.0
Berrechid,berrechid,False,Appartement,66.0,2.0,1.0,3.0,3400000.0,1,1,1,3.0
Berrechid,berrechid,False,Appartement,64.0,2.0,1.0,3.0,3390000.0,1,1,1,3.0
Berrechid,berrechid,False,Appartement,90.0,3.0,1.0,2.0,2480000.0,1,1,1,2.0
Berrechid,berrechid,False,Appartement,74.0,2.0,1.0,3.0,3500000.0,1,1,1,3.0
Berrechid,berrechid,False,Appartement,120.0,3.0,1.0,1.0,1860000.0,1,1,1,1.0
Berrechid,berrechid,False,Appartement,44.0,2.0,1.0,0.0,320000.0,1,1,0,0.0
Berrechid,berrechid,False,Appartement,57.0,2.0,1.0,3.0,3230000.0,1,1,1,3.0
Berrechid,berrechid,False,Appartement,62.0,3.0,1.0,3.0,3370000.0,1,1,1,3.0
Berrechid,berrechid,False,Appartement,80.0,2.0,2.0,4.0,4400000.0,1,0,1,4.0
Berrechid,berrechid,False,Appartement,65.0,2.0,1.0,1.0,1470000.0,1,1,1,1.0
Berrechid,berrechid,False,Appartement,80.0,2.0,1.0,1.0,1350000.0,1,0,1,1.0
Berrechid,berrechid,False,Appartement,62.0,2.0,2.0,0.0,380000.0,1,1,1,0.0
Berrechid,berrechid,False,Appartement,51.0,2.0,1.0,2.0,2300000.0,1,1,1,2.0
Berrechid,berrechid,False,Appartement,107.0,3.0,2.0,3.0,3650000.0,1,1,1,3.0
Berrechid,berrechid,False,Appartement,72.0,2.0,2.0,3.0,3420000.0,1,1,1,3.0
Berrechid,berrechid,False,Appartement,80.0,2.0,1.0,3.0,3340000.0,1,0,1,3.0
Berrechid,berrechid,False,Appartement,88.0,3.0,2.0,3.0,3510000.0,1,1,1,3.0
Berrechid,berrechid,False,Appartement,121.0,2.0,2.0,2.0,2550000.0,1,1,1,2.0
Berrechid,berrechid,False,Appartement,71.0,3.0,2.0,3.0,3400000.0,1,1,1,3.0
Berrechid,berrechid,False,Appartement,68.0,2.0,1.0,4.0,4250000.0,1,1,1,4.0
Berrechid,berrechid,False,Appartement,64.0,2.0,1.0,2.0,2400000.0,1,1,1,2.0
Berrechid,berrechid,False,Appartement,53.0,2.0,1.0,1.0,1880000.0,1,1,1,1.0
Berrechid,berrechid,False,Appartement,97.0,3.0,2.0,1.0,1650000.0,1,1,1,1.0
Berrechid,berrechid,False,Appartement,105.0,3.0,2.0,0.0,680000.0,1,1,1,0.0
Berrechid,berrechid,False,Appartement,78.0,2.0,1.0,1.0,1560000.0,1,1,1,1.0
Berrechid,berrechid,False,Appartement,80.0,2.0,1.0,3.0,3570000.0,1,0,1,3.0
Berrechid,berrechid,False,Appartement,80.0,3.0,1.0,0.0,790000.0,1,0,1,0.0
Berrechid,berrechid,False,Appartement,64.0,2.0,1.0,3.0,3430000.0,1,1,1,3.0
Berrechid,berrechid,False,Appartement,66.0,2.0,1.0,0.0,365000.0,1,1,1,0.0
Berrechid,berrechid,False,Appartement,66.0,2.0,1.0,3.0,3410000.0,1,1,1,3.0
Berrechid,berrechid,False,Appartement,58.0,2.0,1.0,2.0,2360000.0,1,1,1,2.0
Berrechid,berrechid,False,Appartement,76.0,2.0,1.0,1.0,1360000.0,1,1,1,1.0
Berrechid,berrechid,False,Appartement,62.0,2.0,1.0,2.0,2470000.0,1,1,1,2.0
Berrechid,berrechid,False,Appartement,83.0,3.0,2.0,3.0,3485000.0,1,1,1,3.0
Berrechid,berrechid,False,Appartement,62.0,2.0,1.0,0.0,540000.0,1,1,1,0.0
Berrechid,berrechid,False,Appartement,71.0,2.0,1.0,1.0,1520000.0,1,1,1,1.0
Berrechid,berrechid,False,Appartement,80.0,2.0,1.0,2.0,2350000.0,1,1,1,2.0
Berrechid,berrechid,False,Appartement,83.0,2.0,1.0,3.0,3400000.0,1,1,1,3.0
Berrechid,berrechid,False,Appartement,47.0,2.0,1.0,2.0,2285000.0,1,1,1,2.0
Berrechid,berrechid,False,Appartement,138.0,3.0,2.0,1.0,1860000.0,1,1,1,1.0
Berrechid,berrechid,False,Appartement,90.0,3.0,2.0,3.0,3480000.0,1,1,1,3.0
Berrechid,berrechid,False,Appartement,96.0,2.0,2.0,1.0,1600000.0,1,1,1,1.0
Berrechid,berrechid,False,Appartement,88.0,2.0,2.0,3.0,3450000.0,1,1,1,3.0
Berrechid,berrechid,False,Appartement,62.0,2.0,1.0,4.0,4400000.0,1,1,1,4.0
Berrechid,berrechid,False,Appartement,80.0,3.0,2.0,3.0,3480000.0,1,0,1,3.0
Berrechid,berrechid,False,Appartement,60.0,2.0,1.0,1.0,1340000.0,1,1,1,1.0
Berrechid,berrechid,False,Appartement,101.0,2.0,1.0,0.0,671000.0,1,1,1,0.0
Berrechid,berrechid,False,Appartement,64.0,2.0,1.0,3.0,3370000.0,1,1,1,3.0
Berrechid,berrechid,False,Appartement,70.0,2.0,2.0,4.0,4420000.0,1,1,1,4.0
Berrechid,berrechid,False,Appartement,115.0,3.0,1.0,3.0,3780000.0,1,1,1,3.0
Berrechid,berrechid,False,Appartement,100.0,2.0,1.0,0.0,460000.0,1,1,1,0.0
Berrechid,berrechid,False,Appartement,56.0,2.0,1.0,1.0,1280000.0,1,1,1,1.0
Berrechid,berrechid,False,Appartement,91.0,3.0,1.0,1.0,1720000.0,1,1,1,1.0
Berrechid,berrechid,False,Appartement,86.0,3.0,1.0,2.0,2660000.0,1,1,1,2.0
Berrechid,berrechid,False,Appartement,115.0,3.0,2.0,3.0,3540000.0,1,1,1,3.0
Berrechid,berrechid,False,Appartement,86.0,3.0,1.0,1.0,1570000.0,1,1,1,1.0
Berrechid,berrechid,False,Appartement,89.0,3.0,2.0,1.0,1460000.0,1,1,1,1.0
Berrechid,berrechid,False,Appartement,64.0,2.0,1.0,0.0,320000.0,1,1,1,0.0
Berrechid,berrechid,False,Appartement,90.0,3.0,1.0,3.0,3610000.0,1,1,1,3.0
Berrechid,berrechid,False,Appartement,62.0,3.0,1.0,1.0,1360000.0,1,1,1,1.0
Berrechid,berrechid,False,Appartement,47.0,2.0,1.0,2.0,2280000.0,1,1,1,2.0
Berrechid,berrechid,False,Appartement,60.0,2.0,1.0,3.0,3340000.0,1,1,1,3.0
Berrechid,berrechid,False,Appartement,60.0,2.0,0.0,2.0,2350000.0,1,1,1,2.0
Berrechid,berrechid,False,Appartement,96.0,2.0,1.0,unknown,1350000.0,0,1,1,unknown
Berrechid,berrechid,False,Appartement,56.0,1.0,1.0,2.0,2280000.0,1,1,1,2.0
Berrechid,berrechid,False,Appartement,83.0,2.0,1.0,4.0,4320000.0,1,1,1,4.0
Berrechid,berrechid,False,Appartement,90.0,3.0,2.0,2.0,2560000.0,1,1,1,2.0
Berrechid,berrechid,False,Appartement,118.0,3.0,2.0,2.0,2510000.0,1,1,1,2.0
Berrechid,berrechid,False,Appartement,139.0,2.0,2.0,2.0,2600000.0,1,1,1,2.0
Berrechid,berrechid,False,Appartement,112.0,3.0,2.0,1.0,1540000.0,1,1,1,1.0
Berrechid,berrechid,False,Appartement,83.0,2.0,1.0,0.0,280000.0,1,1,1,0.0
Berrechid,berrechid,False,Appartement,240.0,4.0,3.0,2.0,21600000.0,1,1,1,2.0
Berrechid,berrechid,False,Appartement,65.0,2.0,1.0,1.0,1395000.0,1,1,1,1.0
Berrechid,berrechid,False,Appartement,85.0,3.0,1.0,3.0,3490000.0,1,1,1,3.0
Berrechid,berrechid,False,Appartement,68.0,1.0,1.0,1.0,1390000.0,1,1,1,1.0
Berrechid,berrechid,False,Appartement,80.0,2.0,1.0,3.0,3500000.0,1,1,1,3.0
Berrechid,berrechid,False,Appartement,75.0,2.0,1.0,2.0,2480000.0,1,1,1,2.0
Berrechid,berrechid,False,Appartement,64.0,2.0,1.0,0.0,340000.0,1,1,1,0.0
Berrechid,berrechid,False,Appartement,116.0,3.0,1.0,1.0,1590000.0,1,1,1,1.0
Berrechid,berrechid,False,Appartement,110.0,2.0,2.0,3.0,3530000.0,1,1,1,3.0
Berrechid,berrechid,False,Appartement,60.0,2.0,2.0,2.0,2320000.0,1,1,1,2.0
Berrechid,berrechid,False,Appartement,72.0,3.0,1.0,3.0,3650000.0,1,1,1,3.0
Berrechid,berrechid,False,Appartement,80.0,2.0,1.0,0.0,490000.0,1,1,1,0.0
Berrechid,berrechid,False,Appartement,80.0,1.0,0.0,3.0,3490000.0,1,1,1,3.0
Berrechid,berrechid,False,Appartement,77.0,3.0,1.0,1.0,1550000.0,1,1,1,1.0
Berrechid,berrechid,False,Appartement,113.0,3.0,0.0,0.0,830000.0,1,1,1,0.0
Berrechid,berrechid,False,Appartement,63.0,2.0,1.0,0.0,310000.0,1,1,1,0.0
Berrechid,berrechid,False,Appartement,95.0,2.0,2.0,1.0,1440000.0,1,1,1,1.0
Berrechid,berrechid,False,Appartement,85.0,2.0,1.0,3.0,3560000.0,1,1,1,3.0
Berrechid,berrechid,False,Appartement,89.0,2.0,1.0,4.0,4530000.0,1,1,1,4.0
Berrechid,berrechid,False,Appartement,90.0,2.0,1.0,3.0,3480000.0,1,1,1,3.0
Berrechid,berrechid,False,Appartement,85.0,2.0,1.0,3.0,3550000.0,1,1,1,3.0
Berrechid,berrechid,False,Appartement,60.0,2.0,1.0,2.0,2400000.0,1,1,1,2.0
Berrechid,berrechid,False,Appartement,109.0,3.0,2.0,2.0,2560000.0,1,1,1,2.0
Berrechid,berrechid,False,Appartement,81.0,2.0,1.0,2.0,2480000.0,1,1,1,2.0
Berrechid,berrechid,False,Appartement,97.0,3.0,2.0,1.0,1680000.0,1,1,1,1.0
Berrechid,berrechid,False,Appartement,80.0,2.0,1.0,3.0,3420000.0,1,0,1,3.0
Berrechid,berrechid,False,Appartement,82.0,2.0,0.0,2.0,2430000.0,1,1,1,2.0
Berrechid,berrechid,False,Appartement,56.0,2.0,1.0,3.0,3450000.0,1,1,1,3.0
Berrechid,berrechid,False,Appartement,94.0,3.0,1.0,3.0,3650000.0,1,1,1,3.0
Berrechid,berrechid,False,Appartement,60.0,2.0,1.0,1.0,1330000.0,1,1,1,1.0
Berrechid,berrechid,False,Appartement,76.0,2.0,1.0,0.0,370000.0,1,1,1,0.0
Berrechid,berrechid,False,Appartement,160.0,3.0,2.0,3.0,3890000.0,1,1,1,3.0
Berrechid,berrechid,False,Appartement,109.0,2.0,2.0,2.0,2600000.0,1,1,1,2.0
Berrechid,berrechid,False,Appartement,81.0,2.0,1.0,1.0,1720000.0,1,1,1,1.0
Berrechid,berrechid,False,Appartement,80.0,2.0,1.0,3.0,3210000.0,1,0,1,3.0
Berrechid,berrechid,False,Appartement,114.0,3.0,2.0,3.0,3620000.0,1,1,1,3.0
Berrechid,deroua,False,Appartement,115.0,3.0,2.0,1.0,1620000.0,1,1,1,1.0
Berrechid,autre_secteur,True,Appartement,54.0,2.0,1.0,4.0,4350000.0,1,1,1,4.0
Berrechid,plage_oued_cherrat,False,Appartement,54.0,2.0,0.0,0.0,350000.0,1,1,1,0.0
Berrechid,bouznika,False,Appartement,78.0,1.0,0.0,0.0,1700000.0,1,1,1,0.0
Berrechid,autre_secteur,True,Appartement,54.0,2.0,2.0,1.0,1650000.0,1,1,1,1.0
Berrechid,deroua,False,Appartement,96.0,3.0,1.0,3.0,3540000.0,1,1,1,3.0
Berrechid,autre_secteur,True,Appartement,100.0,3.0,2.0,2.0,2830000.0,1,1,1,2.0
Berrechid,autre_secteur,True,Appartement,62.0,2.0,1.0,0.0,570000.0,1,1,1,0.0
Khouribga,khouribga,False,Appartement,75.0,2.0,1.0,2.0,2460000.0,1,1,1,2.0
Berrechid,hay_al_hassani,False,Appartement,80.0,3.0,1.0,1.0,1300000.0,1,1,1,1.0
Berrechid,al_kawtar,False,Appartement,71.0,2.0,2.0,2.0,2640000.0,1,1,1,2.0
Berrechid,autre_secteur,True,Appartement,100.0,3.0,2.0,3.0,3770000.0,1,1,1,3.0
Berrechid,deroua,False,Appartement,105.0,2.0,1.0,3.0,3880000.0,1,1,1,3.0
Berrechid,autre_secteur,True,Appartement,56.0,4.0,1.0,3.0,3200000.0,1,1,1,3.0
Berrechid,deroua,False,Appartement,106.0,3.0,2.0,0.0,650000.0,1,1,1,0.0
Berrechid,autre_secteur,True,Appartement,53.0,2.0,1.0,1.0,1520000.0,1,1,1,1.0
Berrechid,autre_secteur,True,Appartement,51.0,2.0,1.0,1.0,1400000.0,1,1,1,1.0
Berrechid,autre_secteur,True,Appartement,52.0,2.0,1.0,0.0,470000.0,1,1,1,0.0
Berrechid,autre_secteur,True,Appartement,60.0,2.0,1.0,3.0,3490000.0,1,1,1,3.0
Berrechid,el_mansouria,False,Appartement,69.0,1.0,0.0,2.0,2770000.0,1,1,1,2.0
Berrechid,deroua,False,Appartement,110.0,2.0,2.0,1.0,1600000.0,1,1,1,1.0
Berrechid,lallamaryem,False,Appartement,150.0,3.0,2.0,1.0,1600000.0,1,1,1,1.0
Berrechid,autre_secteur,True,Appartement,122.0,3.0,2.0,1.0,1580000.0,1,1,1,1.0
Berrechid,autre_secteur,True,Appartement,87.0,3.0,1.0,2.0,2680000.0,1,1,1,2.0
Berrechid,autre_secteur,True,Appartement,105.0,2.0,2.0,unknown,750000.0,0,1,1,unknown
Berrechid,el_mansouria,False,Appartement,90.0,2.0,2.0,1.0,1940000.0,1,1,1,1.0
Berrechid,autre_secteur,True,Appartement,172.0,3.0,1.0,2.0,2880000.0,1,1,1,2.0
Berrechid,autre_secteur,True,Appartement,94.0,3.0,3.0,4.0,4840000.0,1,1,1,4.0
Khouribga,khouribga,False,Appartement,120.0,4.0,1.0,1.0,1400000.0,1,1,1,1.0
Berrechid,el_mansouria,False,Appartement,80.0,2.0,2.0,2.0,1200000.0,1,0,1,2.0
Berrechid,al_kawtar,False,Appartement,52.0,2.0,1.0,0.0,470000.0,1,1,1,0.0
Berrechid,autre_secteur,True,Appartement,52.0,2.0,1.0,0.0,400000.0,1,1,1,0.0
Berrechid,plage_oued_cherrat,False,Appartement,122.0,3.0,2.0,0.0,1950000.0,1,1,1,0.0
Berrechid,autre_secteur,True,Appartement,74.0,2.0,2.0,3.0,3620000.0,1,1,1,3.0
Berrechid,autre_secteur,True,Appartement,125.0,4.0,1.0,0.0,750000.0,1,1,1,0.0
Berrechid,autre_secteur,True,Appartement,120.0,3.0,1.0,1.0,1750000.0,1,1,1,1.0
Berrechid,autre_secteur,True,Appartement,68.0,2.0,1.0,2.0,2540000.0,1,1,1,2.0
Berrechid,autre_secteur,True,Appartement,150.0,3.0,1.0,1.0,1720000.0,1,1,1,1.0
Berrechid,al_kawtar,False,Appartement,98.0,2.0,1.0,2.0,2990000.0,1,1,1,2.0
Berrechid,al_kawtar,False,Appartement,95.0,2.0,1.0,2.0,2990000.0,1,1,1,2.0
Berrechid,quartier_industriel,False,Appartement,48.0,1.0,0.0,0.0,420000.0,1,1,1,0.0
Berrechid,autre_secteur,True,Appartement,50.0,2.0,1.0,3.0,3350000.0,1,1,1,3.0
Berrechid,les_chenes,False,Appartement,124.0,3.0,2.0,2.0,2900000.0,1,1,1,2.0
Berrechid,autre_secteur,True,Appartement,80.0,2.0,1.0,1.0,1150000.0,1,1,1,1.0
Berrechid,deroua,False,Appartement,87.0,2.0,1.0,2.0,2450000.0,1,1,1,2.0
Berrechid,autre_secteur,True,Appartement,96.0,2.0,1.0,0.0,780000.0,1,1,1,0.0
Berrechid,autre_secteur,True,Appartement,85.0,2.0,1.0,3.0,3350000.0,1,1,1,3.0
Berrechid,autre_secteur,True,Appartement,67.0,2.0,2.0,3.0,3570000.0,1,1,1,3.0
Berrechid,el_mansouria,False,Appartement,65.0,2.0,2.0,3.0,3730000.0,1,1,1,3.0
Berrechid,autre_secteur,True,Appartement,70.0,2.0,1.0,3.0,3630000.0,1,1,1,3.0
Berrechid,autre_secteur,True,Appartement,107.0,3.0,2.0,3.0,3760000.0,1,1,1,3.0
Berrechid,deroua,False,Appartement,110.0,3.0,1.0,2.0,2680000.0,1,1,1,2.0
Berrechid,deroua,False,Appartement,80.0,2.0,1.0,3.0,3210000.0,1,0,1,3.0
Berrechid,plage_oued_cherrat,False,Appartement,80.0,1.0,1.0,1.0,1700000.0,1,0,1,1.0
Berrechid,el_mansouria,False,Appartement,90.0,2.0,2.0,2.0,2900000.0,1,1,1,2.0
Berrechid,al_kawtar,False,Appartement,51.0,3.0,1.0,2.0,2460000.0,1,1,1,2.0
Berrechid,deroua,False,Appartement,66.0,2.0,1.0,1.0,1280000.0,1,1,1,1.0
Khouribga,khouribga,False,Appartement,61.0,2.0,1.0,0.0,300000.0,1,1,1,0.0
Berrechid,deroua,False,Appartement,120.0,3.0,2.0,1.0,1650000.0,1,1,1,1.0
Berrechid,ouazzane,False,Appartement,77.0,2.0,1.0,1.0,1400000.0,1,1,1,1.0
Berrechid,autre_secteur,True,Appartement,70.0,2.0,1.0,1.0,1550000.0,1,1,1,1.0
Berrechid,deroua,False,Appartement,100.0,3.0,2.0,2.0,2620000.0,1,1,1,2.0
Berrechid,el_mansouria,False,Appartement,80.0,2.0,2.0,2.0,1500000.0,1,0,1,2.0
Berrechid,autre_secteur,True,Appartement,80.0,2.0,1.0,2.0,2460000.0,1,0,0,2.0
Berrechid,el_mansouria,False,Appartement,78.0,2.0,2.0,2.0,2940000.0,1,1,1,2.0
Berrechid,autre_secteur,True,Appartement,61.0,2.0,1.0,unknown,900000.0,0,1,1,unknown
Berrechid,autre_secteur,True,Appartement,74.0,2.0,2.0,3.0,3720000.0,1,1,1,3.0
Berrechid,autre_secteur,True,Appartement,74.0,2.0,2.0,3.0,3730000.0,1,1,1,3.0
Berrechid,oued_zem,False,Appartement,164.0,2.0,1.0,1.0,11600000.0,1,1,1,1.0
Berrechid,al_filline,False,Appartement,119.0,2.0,1.0,2.0,2680000.0,1,1,1,2.0
Berrechid,autre_secteur,True,Appartement,112.0,3.0,1.0,2.0,2880000.0,1,1,1,2.0
Berrechid,autre_secteur,True,Appartement,124.0,2.0,2.0,1.0,11320000.0,1,1,1,1.0
Berrechid,el_mansouria,False,Appartement,67.0,2.0,2.0,2.0,2720000.0,1,1,1,2.0
Berrechid,el_mansouria,False,Appartement,110.0,2.0,2.0,0.0,1200000.0,1,1,1,0.0
Berrechid,el_mansouria,False,Appartement,62.0,1.0,1.0,2.0,2850000.0,1,1,1,2.0
Berrechid,autre_secteur,True,Appartement,77.0,2.0,2.0,0.0,420000.0,1,1,1,0.0
Berrechid,el_mansouria,False,Appartement,60.0,3.0,1.0,2.0,2750000.0,1,1,1,2.0
Khouribga,khouribga,False,Appartement,72.0,2.0,1.0,2.0,2560000.0,1,1,1,2.0
Berrechid,al_kawtar,False,Appartement,80.0,2.0,2.0,2.0,2770000.0,1,1,1,2.0
Berrechid,al_kawtar,False,Appartement,95.0,1.0,2.0,2.0,2855000.0,1,1,1,2.0
Berrechid,sidi_el_aîdi,False,Appartement,77.0,2.0,1.0,0.0,220000.0,1,1,1,0.0
Berrechid,autre_secteur,True,Appartement,115.0,3.0,1.0,1.0,1680000.0,1,1,1,1.0
Berrechid,autre_secteur,True,Appartement,130.0,3.0,2.0,1.0,11700000.0,1,1,1,1.0
Berrechid,deroua,False,Appartement,73.0,2.0,2.0,2.0,2300000.0,1,1,1,2.0
Berrechid,deroua,False,Appartement,58.0,2.0,1.0,0.0,210000.0,1,1,1,0.0
Berrechid,autre_secteur,True,Appartement,52.0,2.0,1.0,1.0,1420000.0,1,1,1,1.0
Berrechid,autre_secteur,True,Appartement,70.0,2.0,2.0,1.0,1440000.0,1,1,1,1.0
Berrechid,el_mansouria,False,Appartement,133.0,3.0,2.0,1.0,11620000.0,1,1,1,1.0
Berrechid,autre_secteur,True,Appartement,71.0,2.0,1.0,3.0,3600000.0,1,1,1,3.0
Berrechid,deroua,False,Appartement,70.0,2.0,1.0,3.0,3390000.0,1,1,1,3.0
Berrechid,deroua,False,Appartement,114.0,3.0,2.0,3.0,3680000.0,1,1,1,3.0
Berrechid,autre_secteur,True,Appartement,84.0,3.0,2.0,2.0,2840000.0,1,1,1,2.0
Berrechid,al_kawtar,False,Appartement,76.0,3.0,1.0,1.0,1560000.0,1,1,1,1.0
Berrechid,ouazzane,False,Appartement,104.0,2.0,1.0,1.0,1470000.0,1,1,1,1.0
Berrechid,deroua,False,Appartement,74.0,3.0,0.0,0.0,480000.0,1,1,1,0.0
Berrechid,autre_secteur,True,Appartement,128.0,3.0,1.0,1.0,1660000.0,1,1,1,1.0
Berrechid,autre_secteur,True,Appartement,80.0,2.0,1.0,1.0,1580000.0,1,0,1,1.0
Berrechid,autre_secteur,True,Appartement,80.0,2.0,1.0,2.0,2510000.0,1,0,1,2.0
Berrechid,autre_secteur,True,Appartement,50.0,2.0,0.0,2.0,2260000.0,1,1,1,2.0
Berrechid,deroua,False,Appartement,124.0,3.0,2.0,1.0,1700000.0,1,1,1,1.0
Berrechid,deroua,False,Appartement,110.0,2.0,2.0,1.0,1650000.0,1,1,1,1.0
Berrechid,el_mansouria,False,Appartement,55.0,2.0,0.0,0.0,720000.0,1,1,1,0.0
Berrechid,plage_oued_cherrat,False,Appartement,56.0,1.0,1.0,0.0,1120000.0,1,1,1,0.0
Berrechid,autre_secteur,True,Appartement,80.0,3.0,2.0,1.0,1600000.0,1,1,1,1.0
Berrechid,autre_secteur,True,Appartement,50.0,2.0,1.0,2.0,2500000.0,1,1,1,2.0
Berrechid,autre_secteur,True,Appartement,80.0,2.0,1.0,0.0,520000.0,1,0,1,0.0
Berrechid,deroua,False,Appartement,65.0,2.0,1.0,1.0,1460000.0,1,1,1,1.0
Berrechid,bouznika,False,Appartement,50.0,2.0,1.0,3.0,3320000.0,1,1,1,3.0
Berrechid,autre_secteur,True,Appartement,85.0,3.0,2.0,1.0,1820000.0,1,1,1,1.0
Berrechid,benslimane,False,Appartement,102.0,2.0,2.0,4.0,4750000.0,1,1,1,4.0
Khouribga,khouribga,False,Appartement,90.0,2.0,2.0,4.0,4420000.0,1,1,1,4.0
Berrechid,autre_secteur,True,Appartement,53.0,2.0,2.0,1.0,1350000.0,1,1,1,1.0
Berrechid,autre_secteur,True,Appartement,87.0,3.0,1.0,2.0,2685000.0,1,1,1,2.0
Berrechid,administratif,False,Appartement,80.0,2.0,0.0,4.0,4500000.0,1,1,1,4.0
Berrechid,autre_secteur,True,Appartement,100.0,3.0,2.0,0.0,1100000.0,1,1,1,0.0
Berrechid,bouznika,False,Appartement,57.0,2.0,1.0,4.0,4350000.0,1,1,1,4.0
Berrechid,bouznika,False,Appartement,140.0,3.0,2.0,1.0,1980000.0,1,1,1,1.0
Berrechid,autre_secteur,True,Appartement,60.0,2.0,0.0,4.0,4280000.0,1,1,1,4.0
Khouribga,khouribga,False,Appartement,140.0,2.0,1.0,3.0,3700000.0,1,1,1,3.0
Berrechid,bouznika,False,Appartement,76.0,2.0,1.0,1.0,1720000.0,1,1,1,1.0
Berrechid,autre_secteur,True,Appartement,49.0,1.0,1.0,3.0,3380000.0,1,1,1,3.0
Berrechid,bouznika,False,Appartement,52.0,2.0,1.0,4.0,4320000.0,1,1,1,4.0
Berrechid,deroua,False,Appartement,67.0,2.0,2.0,2.0,2430000.0,1,1,1,2.0
Berrechid,autre_secteur,True,Appartement,75.0,2.0,2.0,3.0,3750000.0,1,1,1,3.0
Berrechid,al_kawtar,False,Appartement,60.0,2.0,1.0,2.0,2290000.0,1,1,1,2.0
Berrechid,deroua,False,Appartement,67.0,2.0,2.0,1.0,1450000.0,1,1,1,1.0
Berrechid,el_mansouria,False,Appartement,87.0,2.0,2.0,0.0,1030000.0,1,1,1,0.0
Berrechid,deroua,False,Appartement,56.0,2.0,1.0,0.0,330000.0,1,1,1,0.0
Khouribga,khouribga,False,Appartement,75.0,3.0,1.0,2.0,2500000.0,1,1,1,2.0
Berrechid,autre_secteur,True,Appartement,80.0,2.0,1.0,2.0,1150000.0,1,0,1,2.0
Berrechid,benslimane,False,Appartement,67.0,2.0,1.0,1.0,1190000.0,1,1,1,1.0
Berrechid,karima,False,Appartement,67.0,2.0,2.0,1.0,1190000.0,1,1,1,1.0
Khouribga,khouribga,False,Appartement,100.0,2.0,1.0,2.0,2500000.0,1,1,1,2.0
Berrechid,oued_zem,False,Appartement,80.0,2.0,1.0,3.0,3470000.0,1,0,0,3.0
Berrechid,autre_secteur,True,Appartement,105.0,3.0,1.0,2.0,2950000.0,1,1,0,2.0
Berrechid,el_mansouria,False,Appartement,80.0,2.0,1.0,4.0,1400000.0,1,0,1,4.0
Berrechid,deroua,False,Appartement,97.0,3.0,1.0,2.0,2580000.0,1,1,1,2.0
Berrechid,autre_secteur,True,Appartement,71.0,2.0,1.0,1.0,1520000.0,1,1,1,1.0
Berrechid,autre_secteur,True,Appartement,58.0,2.0,1.0,0.0,360000.0,1,1,1,0.0
Berrechid,autre_secteur,True,Appartement,120.0,2.0,2.0,2.0,2860000.0,1,1,1,2.0
Berrechid,autre_secteur,True,Appartement,86.0,2.0,2.0,1.0,1780000.0,1,1,1,1.0
Berrechid,al_kawtar,False,Appartement,56.0,2.0,1.0,2.0,2330000.0,1,1,1,2.0
Berrechid,deroua,False,Appartement,80.0,3.0,2.0,3.0,3450000.0,1,1,1,3.0
Berrechid,plage_oued_cherrat,False,Appartement,84.0,2.0,2.0,0.0,1300000.0,1,1,1,0.0
Berrechid,deroua,False,Appartement,70.0,2.0,0.0,3.0,3460000.0,1,1,1,3.0
Berrechid,deroua,False,Appartement,64.0,2.0,0.0,0.0,440000.0,1,1,1,0.0
Berrechid,deroua,False,Appartement,98.0,3.0,1.0,1.0,1560000.0,1,1,1,1.0
Berrechid,autre_secteur,True,Appartement,74.0,3.0,2.0,1.0,1698000.0,1,1,1,1.0
Khouribga,khouribga,False,Appartement,80.0,3.0,1.0,2.0,2500000.0,1,1,1,2.0
Berrechid,autre_secteur,True,Appartement,74.0,2.0,1.0,3.0,3850000.0,1,1,1,3.0
Berrechid,autre_secteur,True,Appartement,59.0,2.0,1.0,4.0,4320000.0,1,1,1,4.0
Berrechid,autre_secteur,True,Appartement,82.0,2.0,2.0,0.0,740000.0,1,1,1,0.0
Berrechid,deroua,False,Appartement,93.0,3.0,1.0,0.0,700000.0,1,1,1,0.0
Berrechid,autre_secteur,True,Appartement,50.0,2.0,1.0,3.0,337000.0,1,1,1,3.0
Berrechid,autre_secteur,True,Appartement,100.0,2.0,2.0,0.0,899999.0,1,1,1,0.0
Berrechid,el_mansouria,False,Appartement,72.0,2.0,1.0,2.0,2870000.0,1,1,1,2.0
Berrechid,autre_secteur,True,Appartement,80.0,2.0,1.0,3.0,3430000.0,1,0,1,3.0
Berrechid,bouznika,False,Appartement,100.0,3.0,1.0,0.0,680000.0,1,1,1,0.0
Berrechid,deroua,False,Appartement,80.0,3.0,2.0,2.0,2600000.0,1,0,1,2.0
Berrechid,autre_secteur,True,Appartement,69.0,2.0,2.0,3.0,3580000.0,1,1,1,3.0
Berrechid,autre_secteur,True,Appartement,111.0,2.0,2.0,unknown,1800000.0,0,1,1,unknown
Berrechid,autre_secteur,True,Appartement,93.0,2.0,1.0,3.0,3980000.0,1,1,1,3.0
Berrechid,autre_secteur,True,Appartement,100.0,3.0,2.0,1.0,1700000.0,1,1,1,1.0
Berrechid,autre_secteur,True,Appartement,98.0,2.0,1.0,2.0,2570000.0,1,1,1,2.0
Berrechid,autre_secteur,True,Appartement,103.0,2.0,2.0,unknown,1900000.0,0,1,1,unknown
Berrechid,autre_secteur,True,Appartement,65.0,2.0,2.0,2.0,2650000.0,1,1,1,2.0
Berrechid,autre_secteur,True,Appartement,93.0,2.0,2.0,2.0,260000.0,1,1,1,2.0
Berrechid,deroua,False,Appartement,74.0,3.0,1.0,2.0,2420000.0,1,1,1,2.0
Berrechid,bouznika,False,Appartement,90.0,2.0,2.0,1.0,1798500.0,1,1,1,1.0
Berrechid,deroua,False,Appartement,120.0,3.0,2.0,3.0,3650000.0,1,1,1,3.0
Berrechid,el_mansouria,False,Appartement,159.0,3.0,2.0,0.0,1850000.0,1,1,1,0.0
Berrechid,deroua,False,Appartement,70.0,2.0,1.0,2.0,2350000.0,1,1,1,2.0
Berrechid,autre_secteur,True,Appartement,90.0,2.0,2.0,3.0,3830000.0,1,1,1,3.0
Berrechid,autre_secteur,True,Appartement,80.0,2.0,1.0,1.0,1160000.0,1,1,1,1.0
Berrechid,bouznika,False,Appartement,50.0,2.0,1.0,1.0,1270000.0,1,1,1,1.0
Berrechid,autre_secteur,True,Appartement,96.0,3.0,2.0,3.0,3800000.0,1,1,1,3.0
Berrechid,autre_secteur,True,Appartement,106.0,2.0,1.0,0.0,1450000.0,1,1,1,0.0
Berrechid,autre_secteur,True,Appartement,54.0,2.0,1.0,0.0,370000.0,1,1,1,0.0
Berrechid,oued_zem,False,Appartement,108.0,3.0,1.0,1.0,1500000.0,1,1,1,1.0
Berrechid,plage_oued_cherrat,False,Appartement,54.0,2.0,1.0,1.0,1430000.0,1,1,1,1.0
Berrechid,autre_secteur,True,Appartement,90.0,2.0,2.0,1.0,1730000.0,1,1,1,1.0
Berrechid,ouazzane,False,Appartement,80.0,2.0,2.0,2.0,2570000.0,1,1,1,2.0
Berrechid,el_mansouria,False,Appartement,60.0,2.0,1.0,1.0,1350000.0,1,1,1,1.0
Berrechid,bouznika,False,Appartement,120.0,3.0,2.0,1.0,11200000.0,1,1,1,1.0
Berrechid,el_mansouria,False,Appartement,105.0,2.0,1.0,0.0,1120000.0,1,1,1,0.0
Berrechid,autre_secteur,True,Appartement,96.0,2.0,1.0,1.0,1560000.0,1,1,1,1.0
Khouribga,khouribga,False,Appartement,150.0,3.0,1.0,2.0,2760000.0,1,1,1,2.0
Berrechid,deroua,False,Appartement,120.0,3.0,1.0,1.0,1200000.0,1,1,1,1.0
Berrechid,al_kawtar,False,Appartement,120.0,3.0,1.0,1.0,1200000.0,1,1,1,1.0
Khouribga,khouribga,False,Appartement,111.0,3.0,1.0,1.0,1660000.0,1,1,1,1.0
Berrechid,bouznika,False,Appartement,86.0,3.0,2.0,2.0,2860000.0,1,1,1,2.0
Berrechid,autre_secteur,True,Appartement,52.0,2.0,1.0,2.0,2400000.0,1,1,1,2.0
Berrechid,autre_secteur,True,Appartement,80.0,2.0,1.0,1.0,1160000.0,1,1,0,1.0
Berrechid,autre_secteur,True,Appartement,70.0,2.0,1.0,2.0,2500000.0,1,1,1,2.0
Berrechid,autre_secteur,True,Appartement,56.0,2.0,1.0,2.0,2480000.0,1,1,1,2.0
Berrechid,deroua,False,Appartement,48.0,2.0,1.0,2.0,2360000.0,1,1,1,2.0
Berrechid,autre_secteur,True,Appartement,95.0,2.0,2.0,0.0,1300000.0,1,1,1,0.0
Berrechid,autre_secteur,True,Appartement,140.0,3.0,2.0,1.0,11300000.0,1,1,1,1.0
Berrechid,el_mansouria,False,Appartement,84.0,2.0,1.0,0.0,930000.0,1,1,1,0.0
Berrechid,plage_oued_cherrat,False,Appartement,67.0,2.0,2.0,1.0,1670000.0,1,1,1,1.0
Berrechid,deroua,False,Appartement,100.0,3.0,2.0,1.0,1600000.0,1,1,1,1.0
Berrechid,el_mansouria,False,Appartement,80.0,2.0,2.0,1.0,1800000.0,1,1,1,1.0
Berrechid,el_mansouria,False,Appartement,52.0,1.0,1.0,0.0,700000.0,1,1,1,0.0
Berrechid,autre_secteur,True,Appartement,80.0,2.0,1.0,2.0,2160000.0,1,1,1,2.0
Berrechid,autre_secteur,True,Appartement,98.0,2.0,1.0,2.0,2600000.0,1,1,1,2.0
Berrechid,autre_secteur,True,Appartement,176.0,3.0,2.0,1.0,11100000.0,1,1,1,1.0
Berrechid,autre_secteur,True,Appartement,176.0,3.0,2.0,0.0,1100000.0,1,1,1,0.0
Berrechid,autre_secteur,True,Appartement,71.0,2.0,1.0,1.0,1600000.0,1,1,1,1.0
Berrechid,autre_secteur,True,Appartement,107.0,3.0,2.0,2.0,2850000.0,1,1,1,2.0
Berrechid,autre_secteur,True,Appartement,54.0,2.0,1.0,4.0,4360000.0,1,1,1,4.0
Berrechid,plage_oued_cherrat,False,Appartement,58.0,1.0,2.0,1.0,1960000.0,1,1,1,1.0
Berrechid,autre_secteur,True,Appartement,51.0,2.0,1.0,4.0,4360000.0,1,1,1,4.0
Berrechid,autre_secteur,True,Appartement,76.0,2.0,1.0,4.0,4500000.0,1,1,1,4.0
Berrechid,deroua,False,Appartement,78.0,2.0,1.0,1.0,1460000.0,1,1,1,1.0
Berrechid,deroua,False,Appartement,80.0,2.0,1.0,3.0,3440000.0,1,0,1,3.0
Berrechid,deroua,False,Appartement,72.0,2.0,0.0,3.0,3440000.0,1,1,1,3.0
Khouribga,khouribga,False,Appartement,80.0,2.0,2.0,2.0,2580000.0,1,1,1,2.0
Berrechid,deroua,False,Appartement,88.0,2.0,2.0,2.0,2550000.0,1,1,1,2.0
Berrechid,deroua,False,Appartement,84.0,2.0,1.0,0.0,520000.0,1,1,1,0.0
Berrechid,autre_secteur,True,Appartement,600.0,2.0,1.0,3.0,3440000.0,1,1,1,3.0
Berrechid,autre_secteur,True,Appartement,60.0,2.0,1.0,2.0,2290000.0,1,1,1,2.0
Berrechid,el_mansouria,False,Appartement,96.0,1.0,1.0,0.0,920000.0,1,1,1,0.0
Berrechid,autre_secteur,True,Appartement,89.0,2.0,1.0,1.0,1700000.0,1,1,1,1.0
Berrechid,el_mansouria,False,Appartement,105.0,2.0,2.0,0.0,1350000.0,1,1,1,0.0
Berrechid,autre_secteur,True,Appartement,60.0,2.0,0.0,3.0,3440000.0,1,1,1,3.0
Berrechid,autre_secteur,True,Appartement,50.0,1.0,1.0,3.0,3540000.0,1,1,1,3.0
Berrechid,autre_secteur,True,Appartement,84.0,3.0,2.0,1.0,1950000.0,1,1,1,1.0
Berrechid,deroua,False,Appartement,120.0,3.0,2.0,2.0,2600000.0,1,1,1,2.0
Berrechid,autre_secteur,True,Appartement,90.0,3.0,2.0,1.0,1930000.0,1,1,1,1.0
Berrechid,autre_secteur,True,Appartement,80.0,3.0,2.0,2.0,2690000.0,1,1,1,2.0
Berrechid,autre_secteur,True,Appartement,60.0,2.0,1.0,1.0,1450000.0,1,1,1,1.0
Berrechid,autre_secteur,True,Appartement,80.0,2.0,1.0,2.0,2350000.0,1,0,1,2.0
Berrechid,el_mansouria,False,Appartement,95.0,1.0,1.0,0.0,7500000.0,1,1,1,0.0
Berrechid,el_mansouria,False,Appartement,164.0,4.0,2.0,0.0,1850000.0,1,1,1,0.0
Berrechid,autre_secteur,True,Appartement,113.0,3.0,2.0,1.0,1850000.0,1,1,1,1.0
Berrechid,deroua,False,Appartement,75.0,2.0,1.0,1.0,1450000.0,1,1,1,1.0
Berrechid,autre_secteur,True,Appartement,89.0,2.0,2.0,2.0,2620000.0,1,1,1,2.0
Berrechid,quartier_industriel,False,Appartement,50.0,2.0,1.0,4.0,4400000.0,1,1,1,4.0
Khouribga,khouribga,False,Appartement,75.0,2.0,1.0,4.0,4530000.0,1,1,1,4.0
Berrechid,deroua,False,Appartement,74.0,3.0,2.0,2.0,2470000.0,1,1,1,2.0
Berrechid,deroua,False,Appartement,64.0,3.0,1.0,3.0,3410000.0,1,1,1,3.0
Berrechid,autre_secteur,True,Appartement,61.0,2.0,1.0,4.0,4420000.0,1,1,1,4.0
Berrechid,autre_secteur,True,Appartement,80.0,2.0,1.0,1.0,141000.0,1,0,1,1.0
Berrechid,el_mansouria,False,Appartement,62.0,2.0,1.0,0.0,860000.0,1,1,1,0.0
Berrechid,autre_secteur,True,Appartement,55.0,2.0,1.0,1.0,1460000.0,1,1,1,1.0
Berrechid,deroua,False,Appartement,120.0,3.0,2.0,2.0,2540000.0,1,1,1,2.0
Berrechid,autre_secteur,True,Appartement,54.0,2.0,1.0,2.0,2390000.0,1,1,1,2.0
Berrechid,quartier_industriel,False,Appartement,80.0,2.0,2.0,1.0,1680000.0,1,0,1,1.0
Khouribga,khouribga,False,Appartement,135.0,3.0,2.0,2.0,2800000.0,1,1,1,2.0
Berrechid,al_filline,False,Appartement,122.0,3.0,2.0,1.0,1980000.0,1,1,1,1.0
Berrechid,autre_secteur,True,Appartement,156.0,2.0,1.0,3.0,3230000.0,1,1,1,3.0
Berrechid,autre_secteur,True,Appartement,54.0,2.0,1.0,3.0,3400000.0,1,1,1,3.0
Berrechid,autre_secteur,True,Appartement,58.0,2.0,1.0,unknown,770000.0,0,1,1,unknown
Berrechid,autre_secteur,True,Appartement,60.0,2.0,1.0,2.0,2420000.0,1,1,1,2.0
Berrechid,autre_secteur,True,Appartement,51.0,2.0,1.0,4.0,4350000.0,1,1,1,4.0
Berrechid,autre_secteur,True,Appartement,50.0,2.0,1.0,3.0,3440000.0,1,1,1,3.0
Berrechid,autre_secteur,True,Appartement,82.0,2.0,2.0,3.0,3650000.0,1,1,1,3.0
Berrechid,deroua,False,Appartement,97.0,3.0,2.0,1.0,1650000.0,1,1,1,1.0
Berrechid,deroua,False,Appartement,107.0,4.0,2.0,2.0,2540000.0,1,1,1,2.0
Berrechid,autre_secteur,True,Appartement,108.0,2.0,2.0,2.0,2960000.0,1,1,1,2.0
Berrechid,al_filline,False,Appartement,115.0,3.0,1.0,1.0,1760000.0,1,1,1,1.0
Berrechid,autre_secteur,True,Appartement,52.0,2.0,1.0,0.0,380000.0,1,1,1,0.0
Berrechid,autre_secteur,True,Appartement,65.0,2.0,2.0,1.0,1590000.0,1,1,1,1.0
Khouribga,khouribga,False,Appartement,68.0,2.0,1.0,1.0,1400000.0,1,1,1,1.0
Khouribga,khouribga,False,Appartement,60.0,2.0,2.0,2.0,2280000.0,1,1,1,2.0
Berrechid,autre_secteur,True,Appartement,58.0,2.0,1.0,1.0,1320000.0,1,1,1,1.0
Berrechid,autre_secteur,True,Appartement,80.0,2.0,2.0,2.0,2720000.0,1,0,1,2.0
Berrechid,plage_oued_cherrat,False,Appartement,70.0,2.0,1.0,0.0,530000.0,1,1,0,0.0
Berrechid,autre_secteur,True,Appartement,49.0,1.0,1.0,2.0,2370000.0,1,1,1,2.0
Berrechid,deroua,False,Appartement,55.0,2.0,0.0,2.0,2200000.0,1,1,1,2.0
Berrechid,deroua,False,Appartement,52.0,2.0,1.0,1.0,1290000.0,1,1,1,1.0
Berrechid,deroua,False,Appartement,53.0,2.0,1.0,2.0,2220000.0,1,1,1,2.0
Berrechid,autre_secteur,True,Appartement,80.0,3.0,2.0,2.0,2850000.0,1,1,1,2.0
Berrechid,deroua,False,Appartement,75.0,3.0,1.0,2.0,2400000.0,1,1,1,2.0
Berrechid,autre_secteur,True,Appartement,65.0,2.0,1.0,0.0,550000.0,1,1,1,0.0
Berrechid,autre_secteur,True,Appartement,61.0,2.0,1.0,1.0,1360000.0,1,1,1,1.0
Berrechid,deroua,False,Appartement,65.0,2.0,1.0,1.0,1440000.0,1,1,1,1.0
Berrechid,autre_secteur,True,Appartement,80.0,2.0,1.0,4.0,4680000.0,1,1,1,4.0
Khouribga,khouribga,False,Appartement,75.0,2.0,2.0,4.0,4600000.0,1,1,1,4.0
Berrechid,autre_secteur,True,Appartement,86.0,2.0,1.0,3.0,3820000.0,1,1,1,3.0
Berrechid,autre_secteur,True,Appartement,63.0,2.0,1.0,1.0,1500000.0,1,1,1,1.0
Berrechid,hamza,False,Appartement,80.0,3.0,1.0,3.0,3685000.0,1,0,1,3.0
Khouribga,khouribga,False,Appartement,107.0,3.0,1.0,1.0,1580000.0,1,1,1,1.0
Berrechid,autre_secteur,True,Appartement,99.0,2.0,2.0,0.0,850000.0,1,1,1,0.0
Berrechid,autre_secteur,True,Appartement,76.0,2.0,2.0,1.0,1684000.0,1,1,1,1.0
Berrechid,autre_secteur,True,Appartement,91.0,3.0,2.0,1.0,1860000.0,1,1,1,1.0
Berrechid,autre_secteur,True,Appartement,140.0,3.0,1.0,3.0,3730000.0,1,1,1,3.0
Khouribga,khouribga,False,Appartement,86.0,2.0,1.0,4.0,4590000.0,1,1,1,4.0
Khouribga,khouribga,False,Appartement,100.0,4.0,1.0,2.0,2680000.0,1,1,1,2.0
Khouribga,khouribga,False,Appartement,135.0,3.0,1.0,4.0,4390000.0,1,1,1,4.0
Khouribga,khouribga,False,Appartement,80.0,4.0,1.0,4.0,4490000.0,1,0,0,4.0
Khouribga,khouribga,False,Appartement,89.0,3.0,1.0,1.0,1800000.0,1,1,1,1.0
Khouribga,khouribga,False,Appartement,90.0,2.0,1.0,2.0,2590000.0,1,1,1,2.0
Khouribga,khouribga,False,Appartement,100.0,2.0,2.0,2.0,2440000.0,1,1,1,2.0
Khouribga,khouribga,False,Appartement,140.0,3.0,1.0,2.0,2995000.0,1,1,1,2.0
Khouribga,khouribga,False,Appartement,60.0,1.0,1.0,3.0,3310000.0,1,1,1,3.0
Khouribga,khouribga,False,Appartement,72.0,2.0,1.0,3.0,3370000.0,1,1,1,3.0
Khouribga,khouribga,False,Appartement,75.0,2.0,0.0,3.0,3600000.0,1,1,1,3.0
Khouribga,khouribga,False,Appartement,96.0,2.0,1.0,2.0,2600000.0,1,1,1,2.0
Khouribga,khouribga,False,Appartement,75.0,2.0,1.0,2.0,2380000.0,1,1,1,2.0
Khouribga,khouribga,False,Appartement,90.0,4.0,1.0,2.0,2240000.0,1,1,1,2.0
Khouribga,khouribga,False,Appartement,63.0,2.0,1.0,1.0,1400000.0,1,1,1,1.0
Khouribga,khouribga,False,Appartement,70.0,2.0,1.0,2.0,2360000.0,1,1,1,2.0
Khouribga,khouribga,False,Appartement,70.0,2.0,1.0,2.0,2540000.0,1,1,1,2.0
Khouribga,khouribga,False,Appartement,42.0,1.0,1.0,2.0,2340000.0,1,1,1,2.0
Khouribga,khouribga,False,Appartement,70.0,1.0,1.0,2.0,2500000.0,1,1,1,2.0
Youssoufia,youssoufia,False,Appartement,50.0,2.0,1.0,2.0,2370000.0,1,1,1,2.0
Youssoufia,autre_secteur,True,Appartement,130.0,3.0,2.0,1.0,11320000.0,1,1,1,1.0
Youssoufia,autre_secteur,True,Appartement,94.0,3.0,2.0,1.0,1730000.0,1,1,1,1.0
Guercif,guercif,False,Appartement,200.0,3.0,2.0,0.0,570000.0,1,1,1,0.0
Guercif,guercif,False,Appartement,136.0,2.0,2.0,1.0,1600000.0,1,1,1,1.0
Guercif,guercif,False,Appartement,150.0,3.0,1.0,3.0,345000.0,1,1,1,3.0
Guercif,guercif,False,Appartement,115.0,2.0,2.0,1.0,1600000.0,1,1,1,1.0
Guercif,guercif,False,Appartement,100.0,2.0,1.0,2.0,2440000.0,1,1,1,2.0
Guercif,guercif,False,Appartement,127.0,2.0,1.0,1.0,1320000.0,1,1,1,1.0
Guercif,taounate,False,Appartement,131.5,2.0,1.0,0.0,330000.0,1,0,1,0.0
Sidi-kacem,bouskoura,False,Appartement,188.0,3.0,3.0,1.0,11900000.0,1,1,1,1.0
Sidi-kacem,la_siesta,False,Appartement,317.0,3.0,4.0,0.0,2500000.0,1,1,1,0.0
Sidi-kacem,marjane_2,False,Appartement,114.0,3.0,2.0,3.0,3750000.0,1,1,1,3.0
Sidi-kacem,annakhil,False,Appartement,58.0,1.0,1.0,0.0,1000000.0,1,1,1,0.0
Sidi-kacem,massira_2,False,Appartement,109.0,2.0,0.0,4.0,4715000.0,1,1,1,4.0
Sidi-kacem,route_ain_chkaf,False,Appartement,94.0,3.0,2.0,3.0,3540000.0,1,1,1,3.0
Sidi-kacem,bouskoura,False,Appartement,144.0,3.0,2.0,0.0,3800000.0,1,1,1,0.0
Sidi-kacem,centre_ville,True,Appartement,102.0,2.0,1.0,3.0,3670000.0,1,1,1,3.0
Sidi-kacem,wifak,False,Appartement,87.0,2.0,2.0,3.0,3990000.0,1,1,1,3.0
Casablanca,sidi_bernoussi,False,Maison,423.0,6.0,3.0,unknown,2650000.0,0,1,1,unknown
Casablanca,oulfa,False,Maison,84.0,2.0,3.0,unknown,2400000.0,0,1,1,unknown
Casablanca,oulfa,False,Maison,359.0,3.0,3.0,unknown,2900000.0,0,1,1,unknown
Casablanca,sidi_bernoussi,False,Maison,100.0,4.0,4.0,unknown,3450000.0,0,1,1,unknown
Casablanca,hay_mohammadi,False,Maison,60.0,8.0,4.0,unknown,1300000.0,0,1,1,unknown
Casablanca,hay_mohammadi,False,Maison,74.0,5.0,3.0,unknown,1500000.0,0,1,1,unknown
Casablanca,florida,False,Maison,290.0,4.0,4.0,unknown,3250000.0,0,1,1,unknown
Casablanca,hay_moulay_rachid,False,Maison,61.0,5.0,3.0,unknown,740000.0,0,1,1,unknown
Casablanca,californie,False,Maison,1069.0,4.0,3.0,unknown,16000000.0,0,1,1,unknown
Casablanca,sidi_bernoussi,False,Maison,330.0,7.0,5.0,unknown,1650000.0,0,1,1,unknown
Casablanca,autre_secteur,True,Maison,236.0,4.0,3.0,unknown,1350000.0,0,1,1,unknown
Casablanca,autre_secteur,True,Maison,97.0,3.0,1.0,unknown,480000.0,0,1,1,unknown
Casablanca,florida,False,Maison,72.0,5.0,4.0,unknown,2100000.0,0,1,1,unknown
Casablanca,oulfa,False,Maison,300.0,4.0,1.0,unknown,3800000.0,0,1,1,unknown
Casablanca,hay_hassani,False,Maison,165.0,3.0,2.0,unknown,1400000.0,0,1,1,unknown
Casablanca,al_fida,False,Maison,102.0,2.0,2.0,unknown,1400000.0,0,1,1,unknown
Casablanca,hay_mohammadi,False,Maison,200.0,5.0,4.0,unknown,2000000.0,0,1,1,unknown
Casablanca,sidi_maarouf,False,Maison,60.0,5.0,3.0,unknown,1100000.0,0,1,1,unknown
Casablanca,sidi_maarouf,False,Maison,118.0,5.0,3.0,unknown,2100000.0,0,1,1,unknown
Casablanca,sidi_moumen,False,Maison,130.0,6.0,4.0,unknown,2600000.0,0,1,1,unknown
Casablanca,sidi_maarouf,False,Maison,61.0,5.0,1.0,unknown,1560000.0,0,1,1,unknown
Casablanca,sidi_maarouf,False,Maison,60.0,3.0,3.0,unknown,1600000.0,0,1,1,unknown
Casablanca,aïn_chock,False,Maison,54.0,3.0,2.0,unknown,1100000.0,0,1,1,unknown
Casablanca,hay_m_barka,False,Maison,80.0,4.0,2.0,unknown,140000.0,0,1,1,unknown
Casablanca,oulfa,False,Maison,250.0,7.0,4.0,unknown,2500000.0,0,1,1,unknown
Casablanca,hay_mohammadi,False,Maison,126.0,7.0,4.0,unknown,4500000.0,0,1,1,unknown
Casablanca,oulfa,False,Maison,85.0,6.0,4.0,unknown,1950000.0,0,1,1,unknown
Casablanca,aïn_chock,False,Maison,192.0,5.0,5.0,unknown,900000.0,0,1,1,unknown
Casablanca,hay_mohammadi,False,Maison,141.0,1.0,0.0,unknown,3500000.0,0,1,1,unknown
Casablanca,hay_hassani,False,Maison,84.0,2.0,3.0,unknown,2200000.0,0,1,1,unknown
Casablanca,aïn_chock,False,Maison,700.0,6.0,2.0,unknown,5200000.0,0,1,1,unknown
Casablanca,oulfa,False,Maison,49.0,2.0,1.0,unknown,340000.0,0,1,1,unknown
Casablanca,ben_m_sick,False,Maison,256.0,4.0,4.0,unknown,1950000.0,0,1,1,unknown
Casablanca,sidi_bernoussi,False,Maison,98.0,5.0,2.0,unknown,1560000.0,0,1,1,unknown
Casablanca,aïn_chock,False,Maison,100.0,4.0,3.0,unknown,2100000.0,0,1,1,unknown
Casablanca,sidi_maarouf,False,Maison,120.0,5.0,5.0,unknown,3000000.0,0,1,1,unknown
Casablanca,ben_m_sick,False,Maison,180.0,5.0,3.0,unknown,1350000.0,0,1,1,unknown
Casablanca,sidi_maarouf,False,Maison,120.0,5.0,3.0,unknown,5600000.0,0,1,1,unknown
Casablanca,sidi_moumen,False,Maison,369.0,6.0,4.0,unknown,3500000.0,0,1,1,unknown
Casablanca,sidi_maarouf,False,Maison,292.0,4.0,3.0,unknown,3050000.0,0,1,1,unknown
Casablanca,sidi_maarouf,False,Maison,70.0,6.0,3.0,unknown,2200000.0,0,1,1,unknown
Casablanca,anfa,False,Maison,187.0,3.0,2.0,unknown,3000000.0,0,1,1,unknown
Casablanca,sidi_maarouf,False,Maison,626.0,7.0,4.0,unknown,6500000.0,0,1,1,unknown
Casablanca,sidi_maarouf,False,Maison,72.0,5.0,4.0,unknown,2300000.0,0,1,1,unknown
Casablanca,bournazil,False,Maison,120.0,3.0,1.0,unknown,750000.0,0,1,1,unknown
Casablanca,sbata,False,Maison,60.0,5.0,4.0,unknown,1200000.0,0,1,1,unknown
Casablanca,mers_sultan,False,Maison,65.0,2.0,1.0,unknown,1200000.0,0,1,1,unknown
Casablanca,sidi_moumen,False,Maison,216.0,4.0,2.0,unknown,1100000.0,0,1,1,unknown
Casablanca,hay_mohammadi,False,Maison,400.0,5.0,4.0,unknown,3400000.0,0,1,1,unknown
Casablanca,ben_m_sick,False,Maison,91.0,4.0,2.0,unknown,2800000.0,0,1,1,unknown
Casablanca,oulfa,False,Maison,100.0,4.0,1.0,unknown,2400000.0,0,1,1,unknown
Casablanca,aïn_chock,False,Maison,130.0,6.0,7.0,unknown,6200000.0,0,1,1,unknown
Casablanca,maarif,False,Maison,199.0,2.0,2.0,unknown,2150000.0,0,1,1,unknown
Casablanca,sidi_bernoussi,False,Maison,168.0,4.0,1.0,unknown,750000.0,0,1,1,unknown
Casablanca,oulfa,False,Maison,80.0,3.0,2.0,unknown,2000000.0,0,1,1,unknown
Casablanca,al_fida,False,Maison,75.0,6.0,3.0,unknown,565000.0,0,1,1,unknown
Casablanca,sidi_maarouf,False,Maison,60.0,6.0,6.0,unknown,2400000.0,0,1,1,unknown
Casablanca,aïn_chock,False,Maison,119.0,6.0,4.0,unknown,3000000.0,0,1,1,unknown
Casablanca,autre_secteur,True,Maison,150.0,7.0,4.0,unknown,6800000.0,0,1,1,unknown
Casablanca,sidi_bernoussi,False,Maison,60.0,2.0,2.0,unknown,400000.0,0,1,1,unknown
Casablanca,sidi_bernoussi,False,Maison,60.0,2.0,1.0,unknown,400000.0,0,1,1,unknown
Casablanca,sbata,False,Maison,73.0,6.0,4.0,unknown,1600000.0,0,1,1,unknown
Casablanca,sidi_maarouf,False,Maison,300.0,5.0,3.0,unknown,2750000.0,0,1,1,unknown
Casablanca,aïn_chock,False,Maison,100.0,5.0,4.0,unknown,2200000.0,0,1,1,unknown
Casablanca,al_qods,False,Maison,100.0,3.0,2.0,unknown,1000000.0,0,1,1,unknown
Casablanca,aïn_chock,False,Maison,100.0,5.0,5.0,unknown,2200000.0,0,1,1,unknown
Casablanca,oulfa,False,Maison,130.0,6.0,3.0,unknown,3900000.0,0,1,1,unknown
Casablanca,sidi_bernoussi,False,Maison,95.0,4.0,2.0,unknown,3400000.0,0,1,1,unknown
Casablanca,sidi_othmane,False,Maison,57.0,2.0,1.0,unknown,1400000.0,0,1,1,unknown
Casablanca,sidi_maarouf,False,Maison,300.0,6.0,3.0,unknown,2690000.0,0,1,1,unknown
Casablanca,oulfa,False,Maison,120.0,10.0,4.0,unknown,5800000.0,0,1,1,unknown
Casablanca,ben_m_sick,False,Maison,72.0,6.0,4.0,unknown,140000.0,0,1,1,unknown
Casablanca,oulfa,False,Maison,120.0,7.0,3.0,unknown,2900000.0,0,1,1,unknown
Casablanca,hay_hassani,False,Maison,120.0,8.0,5.0,unknown,3200000.0,0,1,1,unknown
Casablanca,beauséjour,False,Maison,151.0,4.0,4.0,unknown,3200000.0,0,1,1,unknown
Casablanca,autre_secteur,True,Maison,80.0,1.0,1.0,unknown,140000.0,0,1,1,unknown
Casablanca,sidi_bernoussi,False,Maison,320.0,6.0,3.0,unknown,2500000.0,0,1,1,unknown
Casablanca,aïn_chock,False,Maison,240.0,5.0,4.0,unknown,1500000.0,0,1,1,unknown
Casablanca,sbata,False,Maison,70.0,7.0,4.0,unknown,1300000.0,0,1,1,unknown
Casablanca,sbata,False,Maison,102.0,11.0,4.0,unknown,1400000.0,0,1,1,unknown
Casablanca,sidi_maarouf,False,Maison,60.0,6.0,4.0,unknown,2300000.0,0,1,1,unknown
Casablanca,sidi_bernoussi,False,Maison,67.0,4.0,3.0,unknown,1600000.0,0,1,1,unknown
Casablanca,sidi_maarouf,False,Maison,90.0,11.0,5.0,unknown,3600000.0,0,1,1,unknown
Casablanca,sidi_maarouf,False,Maison,154.0,3.0,2.0,unknown,960000.0,0,1,1,unknown
Casablanca,sidi_maarouf,False,Maison,122.0,3.0,3.0,unknown,3400000.0,0,1,1,unknown
Casablanca,hay_mohammadi,False,Maison,118.0,6.0,5.0,unknown,3000000.0,0,1,1,unknown
Casablanca,aïn_chock,False,Maison,80.0,5.0,4.0,unknown,3000000.0,0,1,1,unknown
Casablanca,sidi_maarouf,False,Maison,129.0,6.0,6.0,unknown,6800000.0,0,1,1,unknown
Casablanca,errahma,False,Maison,60.0,2.0,1.0,unknown,270000.0,0,1,1,unknown
Casablanca,sidi_othmane,False,Maison,64.0,4.0,3.0,unknown,700000.0,0,1,1,unknown
Casablanca,oulfa,False,Maison,85.0,6.0,3.0,unknown,2100000.0,0,1,1,unknown
Casablanca,oulfa,False,Maison,300.0,3.0,1.0,unknown,1740000.0,0,1,1,unknown
Casablanca,oulfa,False,Maison,78.0,6.0,2.0,unknown,1750000.0,0,1,1,unknown
Casablanca,hay_moulay_rachid,False,Maison,137.0,4.0,2.0,unknown,800000.0,0,1,1,unknown
Casablanca,aïn_chock,False,Maison,100.0,3.0,1.0,unknown,2800000.0,0,1,1,unknown
Casablanca,sidi_maarouf,False,Maison,63.0,5.0,4.0,unknown,1950000.0,0,1,1,unknown
Casablanca,al_fida,False,Maison,320.0,6.0,7.0,unknown,6800000.0,0,1,1,unknown
Casablanca,oulfa,False,Maison,124.0,6.0,2.0,unknown,4300000.0,0,1,1,unknown
Casablanca,al_fida,False,Maison,230.0,4.0,4.0,unknown,2500000.0,0,1,1,unknown
Casablanca,autre_secteur,True,Maison,300.0,6.0,3.0,unknown,2000000.0,0,1,1,unknown
Casablanca,al_fida,False,Maison,237.0,5.0,4.0,unknown,2400000.0,0,1,1,unknown
Casablanca,aïn_chock,False,Maison,100.0,4.0,2.0,unknown,2500000.0,0,1,1,unknown
Casablanca,sidi_bernoussi,False,Maison,98.0,5.0,2.0,unknown,1550000.0,0,1,1,unknown
Casablanca,aïn_chock,False,Maison,188.0,4.0,3.0,unknown,1500000.0,0,1,1,unknown
Casablanca,hay_mohammadi,False,Maison,40.0,1.0,1.0,unknown,300000.0,0,1,1,unknown
Casablanca,sidi_maarouf,False,Maison,55.0,5.0,3.0,unknown,2200000.0,0,1,1,unknown
Casablanca,aïn_chock,False,Maison,100.0,8.0,4.0,unknown,260000.0,0,1,1,unknown
Casablanca,hay_hassani,False,Maison,260.0,5.0,4.0,unknown,2600000.0,0,1,1,unknown
Casablanca,sidi_othmane,False,Maison,64.0,4.0,2.0,unknown,1290000.0,0,1,1,unknown
Casablanca,route_d_azemmour,False,Maison,300.0,6.0,3.0,unknown,1900000.0,0,1,1,unknown
Casablanca,sidi_maarouf,False,Maison,120.0,8.0,8.0,unknown,3800000.0,0,1,1,unknown
Casablanca,sidi_maarouf,False,Maison,120.0,4.0,4.0,unknown,5500000.0,0,1,1,unknown
Casablanca,autre_secteur,True,Maison,79.0,2.0,1.0,unknown,600000.0,0,1,1,unknown
Casablanca,sidi_bernoussi,False,Maison,96.0,1.0,1.0,unknown,2000000.0,0,1,1,unknown
Casablanca,sbata,False,Maison,65.0,10.0,3.0,unknown,1400000.0,0,1,1,unknown
Casablanca,sidi_maarouf,False,Maison,70.0,5.0,4.0,unknown,2400000.0,0,1,1,unknown
Casablanca,autre_secteur,True,Maison,149.0,4.0,2.0,unknown,3100000.0,0,1,1,unknown
Casablanca,beauséjour,False,Maison,151.0,5.0,4.0,unknown,3200000.0,0,1,1,unknown
Casablanca,ben_m_sick,False,Maison,91.0,5.0,2.0,unknown,3200000.0,0,1,1,unknown
Casablanca,aïn_chock,False,Maison,120.0,3.0,3.0,unknown,3300000.0,0,1,1,unknown
Casablanca,casablanca_finance_city,False,Maison,256.0,5.0,5.0,unknown,450000.0,0,1,1,unknown
Casablanca,hay_inara,False,Maison,126.0,7.0,7.0,unknown,4600000.0,0,1,1,unknown
Casablanca,oulfa,False,Maison,85.0,4.0,3.0,unknown,2300000.0,0,1,1,unknown
Casablanca,oulfa,False,Maison,146.0,3.0,2.0,unknown,900000.0,0,1,1,unknown
Casablanca,oulfa,False,Maison,320.0,4.0,3.0,unknown,4450000.0,0,1,1,unknown
Casablanca,sidi_moumen,False,Maison,50.0,2.0,1.0,unknown,380000.0,0,1,1,unknown
Casablanca,sbata,False,Maison,76.0,6.0,4.0,unknown,1850000.0,0,1,1,unknown
Casablanca,hay_mohammadi,False,Maison,74.0,7.0,4.0,unknown,1700000.0,0,1,1,unknown
Casablanca,al_qods,False,Maison,372.0,7.0,3.0,unknown,2700000.0,0,1,1,unknown
Casablanca,aïn_chock,False,Maison,100.0,7.0,3.0,unknown,2800000.0,0,1,1,unknown
Casablanca,autre_secteur,True,Maison,70.0,7.0,3.0,unknown,1000000.0,0,1,1,unknown
Casablanca,autre_secteur,True,Maison,80.0,1.0,1.0,unknown,1000000.0,0,1,1,unknown
Casablanca,oulfa,False,Maison,99.0,3.0,2.0,unknown,2790000.0,0,1,1,unknown
Casablanca,sbata,False,Maison,320.0,4.0,2.0,unknown,1925000.0,0,1,1,unknown
Casablanca,hay_mohammadi,False,Maison,76.0,8.0,3.0,unknown,1800000.0,0,1,1,unknown
Casablanca,aïn_chock,False,Maison,150.0,4.0,2.0,unknown,1350000.0,0,1,1,unknown
Casablanca,oulfa,False,Maison,124.0,5.0,4.0,unknown,4600000.0,0,1,1,unknown
Casablanca,oulfa,False,Maison,85.0,4.0,2.0,unknown,1500000.0,0,1,1,unknown
Casablanca,sidi_bernoussi,False,Maison,300.0,7.0,3.0,unknown,4000000.0,0,1,1,unknown
Casablanca,aïn_chock,False,Maison,400.0,4.0,3.0,unknown,2800000.0,0,1,1,unknown
Casablanca,oulfa,False,Maison,120.0,5.0,2.0,unknown,3500000.0,0,1,1,unknown
Casablanca,laimoune,False,Maison,116.0,5.0,6.0,unknown,3500000.0,0,1,1,unknown
Casablanca,autre_secteur,True,Maison,75.0,15.0,5.0,unknown,3000000.0,0,1,1,unknown
Casablanca,maârif_extension,False,Maison,148.0,4.0,2.0,unknown,4280000.0,0,1,1,unknown
Casablanca,sidi_bernoussi,False,Maison,88.0,2.0,1.0,unknown,750000.0,0,1,1,unknown
Casablanca,sidi_maarouf,False,Maison,136.0,5.0,6.0,unknown,4800000.0,0,1,1,unknown
Casablanca,al_fida,False,Maison,60.0,8.0,5.0,unknown,190000.0,0,1,1,unknown
Casablanca,maarif,False,Maison,150.0,2.0,1.0,unknown,6500000.0,0,1,1,unknown
Casablanca,autre_secteur,True,Maison,100.0,1.0,0.0,unknown,1500000.0,0,1,1,unknown
Casablanca,centre_ville,True,Maison,237.0,10.0,3.0,unknown,2200000.0,0,1,1,unknown
Casablanca,mandarona,False,Maison,140.0,5.0,2.0,unknown,4500000.0,0,1,1,unknown
Casablanca,oulfa,False,Maison,360.0,5.0,4.0,unknown,3000000.0,0,1,1,unknown
Casablanca,sidi_moumen,False,Maison,96.0,5.0,3.0,unknown,1800000.0,0,1,1,unknown
Casablanca,sidi_bernoussi,False,Maison,63.0,2.0,2.0,unknown,500000.0,0,1,1,unknown
Casablanca,sidi_moumen,False,Maison,136.0,5.0,3.0,unknown,2700000.0,0,1,1,unknown
Casablanca,sidi_maarouf,False,Maison,136.0,5.0,4.0,unknown,5600000.0,0,1,1,unknown
Casablanca,hay_inara,False,Maison,136.0,4.0,1.0,unknown,3500000.0,0,1,1,unknown
Casablanca,oulfa,False,Maison,99.0,2.0,1.0,unknown,2400000.0,0,1,1,unknown
Casablanca,laimoune,False,Maison,375.0,4.0,3.0,unknown,6250000.0,0,1,1,unknown
Casablanca,aïn_chock,False,Maison,100.0,4.0,3.0,unknown,3400000.0,0,1,1,unknown
Casablanca,oulfa,False,Maison,98.0,4.0,4.0,unknown,3200000.0,0,1,1,unknown
Casablanca,aïn_chock,False,Maison,100.0,3.0,2.0,unknown,1800000.0,0,1,1,unknown
Casablanca,oulfa,False,Maison,400.0,6.0,3.0,unknown,3900000.0,0,1,1,unknown
Casablanca,ain_sebaa,False,Maison,50.0,2.0,1.0,unknown,340000.0,0,1,1,unknown
Casablanca,sidi_maarouf,False,Maison,64.0,4.0,2.0,unknown,1650000.0,0,1,1,unknown
Casablanca,hay_inara,False,Maison,126.0,6.0,7.0,unknown,4600000.0,0,1,1,unknown
Casablanca,ben_m_sick,False,Maison,89.0,6.0,2.0,unknown,1000000.0,0,1,1,unknown
Casablanca,sidi_moumen,False,Maison,68.0,2.0,1.0,unknown,520000.0,0,1,1,unknown
Casablanca,oulfa,False,Maison,267.0,6.0,2.0,unknown,2400000.0,0,1,1,unknown
Casablanca,sidi_moumen,False,Maison,146.0,3.0,2.0,unknown,880000.0,0,1,1,unknown
Casablanca,al_fida,False,Maison,72.0,6.0,3.0,unknown,1300000.0,0,1,1,unknown
Casablanca,aïn_chock,False,Maison,68.0,4.0,1.0,unknown,1950000.0,0,1,1,unknown
Casablanca,sidi_othmane,False,Maison,200.0,10.0,5.0,unknown,1420000.0,0,1,1,unknown
Casablanca,hay_mohammadi,False,Maison,66.0,5.0,3.0,unknown,1140000.0,0,1,1,unknown
Casablanca,sidi_maarouf,False,Maison,120.0,4.0,2.0,unknown,3200000.0,0,1,1,unknown
Casablanca,autre_secteur,True,Maison,264.0,4.0,3.0,unknown,2400000.0,0,1,1,unknown
Casablanca,aïn_chock,False,Maison,100.0,5.0,3.0,unknown,2900000.0,0,1,1,unknown
Casablanca,aïn_chock,False,Maison,100.0,4.0,3.0,unknown,2600000.0,0,1,1,unknown
Casablanca,hay_mohammadi,False,Maison,65.0,3.0,3.0,unknown,1090000.0,0,1,1,unknown
Casablanca,sbata,False,Maison,64.0,7.0,3.0,unknown,1400000.0,0,1,1,unknown
Casablanca,autre_secteur,True,Maison,64.0,7.0,3.0,unknown,1500000.0,0,1,1,unknown
Casablanca,oulfa,False,Maison,96.0,3.0,2.0,unknown,750000.0,0,1,1,unknown
Casablanca,sidi_maarouf,False,Maison,120.0,4.0,3.0,unknown,4200000.0,0,1,1,unknown
Casablanca,al_fida,False,Maison,74.0,7.0,4.0,unknown,1400000.0,0,1,1,unknown
Casablanca,autre_secteur,True,Maison,80.0,2.0,1.0,unknown,750000.0,0,1,1,unknown
Casablanca,errahma,False,Maison,65.0,3.0,1.0,unknown,650000.0,0,1,1,unknown
Casablanca,aïn_chock,False,Maison,100.0,6.0,3.0,unknown,3000000.0,0,1,1,unknown
Casablanca,oulfa,False,Maison,64.0,3.0,1.0,unknown,250000.0,0,1,1,unknown
Casablanca,sbata,False,Maison,77.0,4.0,2.0,unknown,1500000.0,0,1,1,unknown
Casablanca,hay_mohammadi,False,Maison,168.0,5.0,3.0,unknown,960000.0,0,1,1,unknown
Casablanca,sidi_maarouf,False,Maison,100.0,5.0,6.0,unknown,4100000.0,0,1,1,unknown
Casablanca,aïn_chock,False,Maison,127.0,5.0,5.0,unknown,3500000.0,0,1,1,unknown
Casablanca,sbata,False,Maison,108.0,6.0,3.0,unknown,2600000.0,0,1,1,unknown
Casablanca,autre_secteur,True,Maison,384.0,3.0,1.0,unknown,1800000.0,0,1,1,unknown
Casablanca,sidi_bernoussi,False,Maison,88.0,7.0,3.0,unknown,3000000.0,0,1,1,unknown
Casablanca,sidi_moumen,False,Maison,96.0,2.0,2.0,unknown,750000.0,0,1,1,unknown
Casablanca,aïn_chock,False,Maison,300.0,4.0,2.0,unknown,2400000.0,0,1,1,unknown
Casablanca,al_fida,False,Maison,300.0,6.0,2.0,unknown,2950000.0,0,1,1,unknown
Casablanca,californie,False,Maison,524.0,4.0,4.0,unknown,7500000.0,0,1,1,unknown
Casablanca,sbata,False,Maison,108.0,6.0,4.0,unknown,2600000.0,0,1,1,unknown
Casablanca,sidi_bernoussi,False,Maison,250.0,7.0,3.0,unknown,3000000.0,0,1,1,unknown
Casablanca,aïn_chock,False,Maison,328.0,7.0,3.0,unknown,2450000.0,0,1,1,unknown
Casablanca,autre_secteur,True,Maison,52.0,2.0,1.0,unknown,280000.0,0,1,1,unknown
Casablanca,ain_sebaa,False,Maison,64.0,2.0,1.0,unknown,1200000.0,0,1,1,unknown
Casablanca,hay_mohammadi,False,Maison,77.0,4.0,2.0,unknown,900000.0,0,1,1,unknown
Casablanca,autre_secteur,True,Maison,62.0,6.0,3.0,unknown,1300000.0,0,1,1,unknown
Casablanca,autre_secteur,True,Maison,41.0,1.0,1.0,unknown,369000.0,0,1,1,unknown
Casablanca,autre_secteur,True,Maison,104.0,5.0,5.0,unknown,1850000.0,0,1,1,unknown
Casablanca,aïn_chock,False,Maison,300.0,4.0,2.0,unknown,1900000.0,0,1,1,unknown
Casablanca,aïn_chock,False,Maison,600.0,10.0,5.0,unknown,3200000.0,0,1,1,unknown
Casablanca,aïn_chock,False,Maison,110.0,5.0,4.0,unknown,2400000.0,0,1,1,unknown
Casablanca,sidi_othmane,False,Maison,134.0,4.0,2.0,unknown,1000000.0,0,1,1,unknown
Casablanca,aïn_chock,False,Maison,60.0,5.0,3.0,unknown,2000000.0,0,1,1,unknown
Casablanca,sidi_maarouf,False,Maison,84.0,5.0,4.0,unknown,2800000.0,0,1,1,unknown
Casablanca,sidi_bernoussi,False,Maison,77.0,5.0,3.0,unknown,1300000.0,0,1,1,unknown
Casablanca,sidi_bernoussi,False,Maison,61.0,8.0,4.0,unknown,950000.0,0,1,1,unknown
Casablanca,hay_mohammadi,False,Maison,61.0,8.0,4.0,unknown,950000.0,0,1,1,unknown
Casablanca,ben_m_sick,False,Maison,240.0,8.0,3.0,unknown,1450000.0,0,1,1,unknown
Casablanca,sidi_moumen,False,Maison,56.0,2.0,1.0,unknown,400000.0,0,1,1,unknown
Casablanca,hay_sadri,False,Maison,100.0,1.0,0.0,unknown,2600000.0,0,1,1,unknown
Casablanca,hay_el_farah,False,Maison,100.0,1.0,0.0,unknown,2600000.0,0,1,1,unknown
Casablanca,oulfa,False,Maison,430.0,2.0,5.0,unknown,4200000.0,0,1,1,unknown
Casablanca,aïn_chock,False,Maison,100.0,2.0,1.0,unknown,1360000.0,0,1,1,unknown
Casablanca,sbata,False,Maison,285.0,6.0,5.0,unknown,1650000.0,0,1,1,unknown
Casablanca,hay_sadri,False,Maison,100.0,2.0,2.0,unknown,3700000.0,0,1,1,unknown
Casablanca,sidi_othmane,False,Maison,60.0,5.0,5.0,unknown,1500000.0,0,1,1,unknown
Casablanca,oulfa,False,Maison,80.0,3.0,0.0,unknown,2300000.0,0,1,1,unknown
Casablanca,al_qods,False,Maison,76.0,5.0,3.0,unknown,1800000.0,0,1,1,unknown
Casablanca,aïn_chock,False,Maison,100.0,6.0,5.0,unknown,3300000.0,0,1,1,unknown
Casablanca,aïn_chock,False,Maison,100.0,4.0,3.0,unknown,2800000.0,0,1,1,unknown
Casablanca,aïn_chock,False,Maison,100.0,5.0,3.0,unknown,3400000.0,0,1,1,unknown
Casablanca,aïn_chock,False,Maison,300.0,4.0,2.0,unknown,2500000.0,0,1,1,unknown
Casablanca,oulfa,False,Maison,125.0,5.0,3.0,unknown,4000000.0,0,1,1,unknown
Casablanca,c.i.l,False,Maison,120.0,6.0,2.0,unknown,3600000.0,0,1,1,unknown
Casablanca,sidi_othmane,False,Maison,56.0,2.0,1.0,unknown,700000.0,0,1,1,unknown
Casablanca,hay_mohammadi,False,Maison,60.0,10.0,5.0,unknown,1700000.0,0,1,1,unknown
Casablanca,hay_hassani,False,Maison,250.0,7.0,2.0,unknown,3200000.0,0,1,1,unknown
Casablanca,ben_m_sick,False,Maison,210.0,5.0,3.0,unknown,1780000.0,0,1,1,unknown
Casablanca,aïn_chock,False,Maison,100.0,5.0,3.0,unknown,3200000.0,0,1,1,unknown
Casablanca,hay_mohammadi,False,Maison,64.0,6.0,4.0,unknown,1000000.0,0,1,1,unknown
Casablanca,aïn_chock,False,Maison,210.0,7.0,4.0,unknown,1800000.0,0,1,1,unknown
Casablanca,ain_sebaa,False,Maison,150.0,3.0,2.0,unknown,1800000.0,0,1,1,unknown
Casablanca,autre_secteur,True,Maison,80.0,2.0,1.0,unknown,320000.0,0,1,1,unknown
Casablanca,oulfa,False,Maison,56.0,2.0,1.0,unknown,380000.0,0,1,1,unknown
Casablanca,aïn_chock,False,Maison,100.0,4.0,3.0,unknown,2300000.0,0,1,1,unknown
Casablanca,ben_m_sick,False,Maison,200.0,4.0,2.0,unknown,1000000.0,0,1,1,unknown
Casablanca,aïn_chock,False,Maison,300.0,4.0,2.0,unknown,2000000.0,0,1,1,unknown
Casablanca,aïn_chock,False,Maison,120.0,12.0,4.0,unknown,3800000.0,0,1,1,unknown
Casablanca,sidi_maarouf,False,Maison,240.0,8.0,4.0,unknown,3600000.0,0,1,1,unknown
Casablanca,errahma,False,Maison,20.0,1.0,1.0,unknown,262000.0,0,1,1,unknown
Casablanca,autre_secteur,True,Maison,73.0,5.0,4.0,unknown,1430000.0,0,1,1,unknown
Casablanca,oulfa,False,Maison,69.0,3.0,2.0,unknown,2500000.0,0,1,1,unknown
Casablanca,sidi_maarouf,False,Maison,55.0,2.0,1.0,unknown,1800000.0,0,1,1,unknown
Casablanca,hay_hassani,False,Maison,332.0,8.0,4.0,unknown,3200000.0,0,1,1,unknown
Casablanca,sidi_othmane,False,Maison,77.0,3.0,2.0,unknown,840000.0,0,1,1,unknown
Casablanca,hay_sadri,False,Maison,100.0,10.0,7.0,unknown,2400000.0,0,1,1,unknown
Casablanca,florida,False,Maison,128.0,5.0,5.0,unknown,4200000.0,0,1,1,unknown
Casablanca,sidi_maarouf,False,Maison,84.0,6.0,3.0,unknown,2800000.0,0,1,1,unknown
Casablanca,sbata,False,Maison,56.0,2.0,1.0,unknown,1200000.0,0,1,1,unknown
Casablanca,autre_secteur,True,Maison,70.0,2.0,1.0,unknown,900000.0,0,1,1,unknown
Casablanca,oulfa,False,Maison,55.0,3.0,1.0,unknown,400000.0,0,1,1,unknown
Casablanca,oulfa,False,Maison,370.0,6.0,3.0,unknown,2700000.0,0,1,1,unknown
Casablanca,hay_almassira_3,False,Maison,64.0,2.0,1.0,unknown,480000.0,0,1,1,unknown
Casablanca,aïn_chock,False,Maison,68.0,4.0,2.0,unknown,1600000.0,0,1,1,unknown
Casablanca,sidi_othmane,False,Maison,48.0,5.0,4.0,unknown,1600000.0,0,1,1,unknown
Casablanca,aïn_chock,False,Maison,100.0,4.0,2.0,unknown,2000000.0,0,1,1,unknown
Casablanca,sidi_bernoussi,False,Maison,58.0,2.0,1.0,unknown,380000.0,0,1,1,unknown
Casablanca,hay_moulay_rachid_5,False,Maison,60.0,7.0,3.0,unknown,700000.0,0,1,1,unknown
Casablanca,2_mars,False,Maison,550.0,11.0,8.0,unknown,4900000.0,0,1,1,unknown
Casablanca,ain_sebaa,False,Maison,275.0,15.0,5.0,unknown,1000000.0,0,1,1,unknown
Casablanca,ain_sebaa,False,Maison,164.0,6.0,2.0,unknown,1200000.0,0,1,1,unknown
Casablanca,sidi_maarouf,False,Maison,76.0,6.0,3.0,unknown,2200000.0,0,1,1,unknown
Casablanca,hay_hassani,False,Maison,110.0,4.0,3.0,unknown,3800000.0,0,1,1,unknown
Casablanca,sidi_moumen,False,Maison,120.0,6.0,3.0,unknown,2400000.0,0,1,1,unknown
Casablanca,sidi_moumen,False,Maison,108.0,4.0,2.0,unknown,2600000.0,0,1,1,unknown
Casablanca,sidi_bernoussi,False,Maison,84.0,2.0,1.0,unknown,800000.0,0,1,1,unknown
Casablanca,oulfa,False,Maison,99.0,3.0,1.0,unknown,2700000.0,0,1,1,unknown
Casablanca,sidi_bernoussi,False,Maison,65.0,2.0,1.0,unknown,280000.0,0,1,1,unknown
Casablanca,sidi_othmane,False,Maison,256.0,4.0,3.0,unknown,2500000.0,0,1,1,unknown
Casablanca,al_fida,False,Maison,92.0,7.0,2.0,unknown,1600000.0,0,1,1,unknown
Casablanca,anfa,False,Maison,2149.0,5.0,5.0,unknown,33000000.0,0,1,1,unknown
Casablanca,hay_sadri,False,Maison,100.0,13.0,6.0,unknown,260000.0,0,1,1,unknown
Casablanca,ain_sebaa,False,Maison,58.0,2.0,1.0,unknown,620000.0,0,1,1,unknown
Casablanca,hay_mohammadi,False,Maison,86.0,4.0,4.0,unknown,2800000.0,0,1,1,unknown
Casablanca,aïn_chock,False,Maison,112.0,5.0,3.0,unknown,2700000.0,0,1,1,unknown
Casablanca,hay_sadri,False,Maison,140.0,5.0,2.0,unknown,2150000.0,0,1,1,unknown
Casablanca,sidi_maarouf,False,Maison,158.0,3.0,2.0,unknown,2400000.0,0,1,1,unknown
Casablanca,sidi_bernoussi,False,Maison,70.0,8.0,3.0,unknown,1700000.0,0,1,1,unknown
Casablanca,al_fida,False,Maison,70.0,3.0,2.0,unknown,1700000.0,0,1,1,unknown
Casablanca,al_fida,False,Maison,195.0,3.0,2.0,unknown,1600000.0,0,1,1,unknown
Casablanca,maarif,False,Maison,121.0,3.0,2.0,unknown,1250000.0,0,1,1,unknown
Casablanca,aïn_chock,False,Maison,192.0,6.0,4.0,unknown,650000.0,0,1,1,unknown
Casablanca,al_fida,False,Maison,108.0,7.0,2.0,unknown,1800000.0,0,1,1,unknown
Casablanca,sbata,False,Maison,70.0,6.0,6.0,unknown,1850000.0,0,1,1,unknown
Casablanca,hay_hassani,False,Maison,76.0,6.0,4.0,unknown,1490000.0,0,1,1,unknown
Casablanca,sidi_moumen,False,Maison,57.0,2.0,1.0,unknown,460000.0,0,1,1,unknown
Casablanca,hay_moulay_rachid,False,Maison,240.0,6.0,3.0,unknown,1200000.0,0,1,1,unknown
Casablanca,sbata,False,Maison,60.0,8.0,6.0,unknown,2600000.0,0,1,1,unknown
Casablanca,route_d_azemmour,False,Maison,100.0,4.0,3.0,unknown,1100000.0,0,1,1,unknown
Casablanca,hay_mohammadi,False,Maison,58.0,5.0,2.0,unknown,1100000.0,0,1,1,unknown
Casablanca,al_fida,False,Maison,60.0,5.0,3.0,unknown,1200000.0,0,1,1,unknown
Casablanca,sidi_bernoussi,False,Maison,64.0,8.0,4.0,unknown,900000.0,0,1,1,unknown
Casablanca,autre_secteur,True,Maison,267.0,4.0,2.0,unknown,2600000.0,0,1,1,unknown
Casablanca,oulfa,False,Maison,87.0,3.0,3.0,unknown,2000000.0,0,1,1,unknown
Casablanca,al_qods,False,Maison,340.0,6.0,2.0,unknown,3200000.0,0,1,1,unknown
Casablanca,ben_m_sick,False,Maison,43.0,3.0,3.0,unknown,700000.0,0,1,1,unknown
Casablanca,hay_almassira_3,False,Maison,60.0,3.0,3.0,unknown,670000.0,0,1,1,unknown
Casablanca,aïn_chock,False,Maison,100.0,6.0,3.0,unknown,2900000.0,0,1,1,unknown
Casablanca,aïn_chock,False,Maison,300.0,4.0,2.0,unknown,2200000.0,0,1,1,unknown
Casablanca,aïn_chock,False,Maison,300.0,4.0,2.0,unknown,2300000.0,0,1,1,unknown
Casablanca,aïn_chock,False,Maison,200.0,4.0,2.0,unknown,2400000.0,0,1,1,unknown
Casablanca,sidi_othmane,False,Maison,60.0,4.0,3.0,unknown,1350000.0,0,1,1,unknown
Casablanca,route_d_el_jadida,False,Maison,380.0,5.0,4.0,unknown,1360000.0,0,1,1,unknown
Casablanca,sidi_bernoussi,False,Maison,60.0,7.0,3.0,unknown,800000.0,0,1,1,unknown
Casablanca,sbata,False,Maison,60.0,4.0,4.0,unknown,600000.0,0,1,1,unknown
Casablanca,oulfa,False,Maison,80.0,8.0,3.0,unknown,1540000.0,0,1,1,unknown
Casablanca,californie,False,Maison,248.0,4.0,2.0,unknown,4100000.0,0,1,1,unknown
Casablanca,oulfa,False,Maison,158.0,4.0,4.0,unknown,4300000.0,0,1,1,unknown
Casablanca,florida,False,Maison,210.0,4.0,2.0,unknown,2200000.0,0,1,1,unknown
Casablanca,florida,False,Maison,320.0,4.0,4.0,unknown,5500000.0,0,1,1,unknown
Casablanca,sidi_bernoussi,False,Maison,232.0,3.0,3.0,unknown,1221000.0,0,1,1,unknown
Casablanca,hay_m_barka,False,Maison,65.0,6.0,2.0,unknown,870000.0,0,1,1,unknown
Casablanca,ain_sebaa,False,Maison,100.0,4.0,2.0,unknown,1800000.0,0,1,1,unknown
Casablanca,mandarona,False,Maison,100.0,3.0,2.0,unknown,3500000.0,0,1,1,unknown
Casablanca,aïn_borja,False,Maison,110.0,9.0,3.0,unknown,1800000.0,0,1,1,unknown
Casablanca,al_fida,False,Maison,72.0,5.0,3.0,unknown,850000.0,0,1,1,unknown
Casablanca,quartier_des_hôpitaux,False,Maison,75.0,2.0,1.0,unknown,470000.0,0,1,1,unknown
Casablanca,hay_mohammadi,False,Maison,196.0,5.0,3.0,unknown,2100000.0,0,1,1,unknown
Casablanca,sidi_othmane,False,Maison,56.0,3.0,2.0,unknown,500000.0,0,1,1,unknown
Casablanca,sidi_maarouf,False,Maison,90.0,8.0,7.0,unknown,3900000.0,0,1,1,unknown
Casablanca,sbata,False,Maison,72.0,9.0,3.0,unknown,1300000.0,0,1,1,unknown
Casablanca,ain_sebaa,False,Maison,160.0,6.0,3.0,unknown,3200000.0,0,1,1,unknown
Casablanca,hay_sadri,False,Maison,100.0,1.0,0.0,unknown,300000.0,0,1,1,unknown
Casablanca,ben_m_sick,False,Maison,70.0,4.0,3.0,unknown,1700000.0,0,1,1,unknown
Casablanca,al_fida,False,Maison,120.0,3.0,1.0,unknown,580000.0,0,1,1,unknown
Casablanca,anfa,False,Maison,50.0,3.0,2.0,unknown,600000.0,0,1,1,unknown
Casablanca,sidi_bernoussi,False,Maison,99.0,2.0,2.0,unknown,3400000.0,0,1,1,unknown
Casablanca,hay_moulay_rachid_1,False,Maison,100.0,3.0,3.0,unknown,460000.0,0,1,1,unknown
Casablanca,sbata,False,Maison,64.0,6.0,3.0,unknown,570000.0,0,1,1,unknown
Casablanca,oulfa,False,Maison,84.0,5.0,3.0,unknown,2800000.0,0,1,1,unknown
Casablanca,aïn_chock,False,Maison,400.0,4.0,2.0,unknown,3200000.0,0,1,1,unknown
Casablanca,hay_sadri,False,Maison,100.0,8.0,4.0,unknown,850000.0,0,1,1,unknown
Casablanca,oulfa,False,Maison,121.0,8.0,0.0,unknown,3000000.0,0,1,1,unknown
Casablanca,oulfa,False,Maison,126.0,6.0,3.0,unknown,3300000.0,0,1,1,unknown
Casablanca,sidi_bernoussi,False,Maison,77.0,5.0,3.0,unknown,1220000.0,0,1,1,unknown
Casablanca,oulfa,False,Maison,64.0,6.0,2.0,unknown,760000.0,0,1,1,unknown
Casablanca,oulfa,False,Maison,98.0,3.0,3.0,unknown,3200000.0,0,1,1,unknown
Casablanca,florida,False,Maison,75.0,3.0,4.0,unknown,3200000.0,0,1,1,unknown
Casablanca,al_qods,False,Maison,85.0,6.0,4.0,unknown,2000000.0,0,1,1,unknown
Casablanca,sidi_maarouf,False,Maison,120.0,9.0,7.0,unknown,5200000.0,0,1,1,unknown
Casablanca,oulfa,False,Maison,84.0,3.0,2.0,unknown,2200000.0,0,1,1,unknown
Casablanca,ben_m_sick,False,Maison,64.0,4.0,2.0,unknown,1350000.0,0,1,1,unknown
Casablanca,beauséjour,False,Maison,136.0,6.0,4.0,unknown,2600000.0,0,1,1,unknown
Casablanca,al_qods,False,Maison,141.0,5.0,4.0,unknown,2600000.0,0,1,1,unknown
Casablanca,aïn_chock,False,Maison,100.0,4.0,2.0,unknown,2050000.0,0,1,1,unknown
Casablanca,aïn_chock,False,Maison,100.0,6.0,3.0,unknown,3400000.0,0,1,1,unknown
Casablanca,c.i.l,False,Maison,400.0,6.0,6.0,unknown,10000000.0,0,1,1,unknown
Casablanca,sidi_maarouf,False,Maison,70.0,5.0,2.0,unknown,1650000.0,0,1,1,unknown
Casablanca,ben_m_sick,False,Maison,57.0,6.0,3.0,unknown,1200000.0,0,1,1,unknown
Casablanca,route_d_azemmour,False,Maison,500.0,8.0,4.0,unknown,9000000.0,0,1,1,unknown
Casablanca,oulfa,False,Maison,408.0,4.0,4.0,unknown,5000000.0,0,1,1,unknown
Casablanca,hay_al_amal,False,Maison,400.0,5.0,3.0,unknown,2600000.0,0,1,1,unknown
Casablanca,aïn_chock,False,Maison,112.0,4.0,3.0,unknown,2650000.0,0,1,1,unknown
Casablanca,aïn_chock,False,Maison,100.0,5.0,4.0,unknown,2250000.0,0,1,1,unknown
Casablanca,aïn_chock,False,Maison,112.0,6.0,3.0,unknown,2650000.0,0,1,1,unknown
Casablanca,oulfa,False,Maison,100.0,4.0,3.0,unknown,2200000.0,0,1,1,unknown
Casablanca,autre_secteur,True,Maison,180.0,3.0,4.0,unknown,1700000.0,0,1,1,unknown
Casablanca,autre_secteur,True,Maison,100.0,4.0,2.0,unknown,2750000.0,0,1,1,unknown
Casablanca,autre_secteur,True,Maison,134.0,3.0,2.0,unknown,1240000.0,0,1,1,unknown
Casablanca,aïn_chock,False,Maison,324.0,6.0,3.0,unknown,2650000.0,0,1,1,unknown
Casablanca,aïn_chock,False,Maison,100.0,4.0,2.0,unknown,3000000.0,0,1,1,unknown
Casablanca,sidi_othmane,False,Maison,220.0,4.0,3.0,unknown,2350000.0,0,1,1,unknown
Casablanca,aïn_chock,False,Maison,112.0,3.0,2.0,unknown,2650000.0,0,1,1,unknown
Casablanca,aïn_chock,False,Maison,324.0,6.0,2.0,unknown,2650000.0,0,1,1,unknown
Casablanca,aïn_chock,False,Maison,240.0,4.0,2.0,unknown,265000.0,0,1,1,unknown
Casablanca,oulfa,False,Maison,99.0,8.0,3.0,unknown,1800000.0,0,1,1,unknown
Casablanca,sidi_belyout,False,Maison,283.0,3.0,3.0,unknown,6000000.0,0,1,1,unknown
Casablanca,aïn_chock,False,Maison,112.0,4.0,2.0,unknown,2650000.0,0,1,1,unknown
Casablanca,aïn_chock,False,Maison,400.0,6.0,3.0,unknown,3400000.0,0,1,1,unknown
Casablanca,aïn_chock,False,Maison,100.0,8.0,5.0,unknown,2650000.0,0,1,1,unknown
Casablanca,hay_moulay_rachid_4,False,Maison,240.0,4.0,3.0,unknown,999000.0,0,1,1,unknown
Casablanca,sidi_moumen,False,Maison,56.0,2.0,1.0,unknown,390000.0,0,1,1,unknown
Casablanca,autre_secteur,True,Maison,300.0,6.0,1.0,unknown,800000.0,0,1,1,unknown
Casablanca,sidi_bernoussi,False,Maison,200.0,5.0,3.0,unknown,800000.0,0,1,1,unknown
Casablanca,oulfa,False,Maison,80.0,7.0,3.0,unknown,1600000.0,0,1,1,unknown
Casablanca,sidi_maarouf,False,Maison,185.0,3.0,2.0,unknown,1450000.0,0,1,1,unknown
Casablanca,laimoune,False,Maison,300.0,4.0,3.0,unknown,3600000.0,0,1,1,unknown
Casablanca,sidi_bernoussi,False,Maison,57.0,8.0,3.0,unknown,900000.0,0,1,1,unknown
Casablanca,sidi_bernoussi,False,Maison,320.0,4.0,4.0,unknown,2100000.0,0,1,1,unknown
Casablanca,oulfa,False,Maison,400.0,8.0,3.0,unknown,4500000.0,0,1,1,unknown
Casablanca,sbata,False,Maison,60.0,4.0,3.0,unknown,1360000.0,0,1,1,unknown
Casablanca,aïn_chock,False,Maison,100.0,4.0,2.0,unknown,2200000.0,0,1,1,unknown
Casablanca,sidi_maarouf,False,Maison,650.0,6.0,4.0,unknown,3500000.0,0,1,1,unknown
Casablanca,c.i.l,False,Maison,150.0,3.0,2.0,unknown,2800000.0,0,1,1,unknown
Casablanca,aïn_borja,False,Maison,86.0,2.0,1.0,unknown,800000.0,0,1,1,unknown
Casablanca,ben_m_sick,False,Maison,48.0,1.0,1.0,unknown,1450000.0,0,1,1,unknown
Casablanca,aïn_chock,False,Maison,360.0,6.0,3.0,unknown,2700000.0,0,1,1,unknown
Casablanca,ben_m_sick,False,Maison,330.0,8.0,7.0,unknown,2590000.0,0,1,1,unknown
Casablanca,casablanca_finance_city,False,Maison,85.0,6.0,2.0,unknown,170000.0,0,1,1,unknown
Casablanca,hay_el_farah,False,Maison,78.0,8.0,4.0,unknown,940000.0,0,1,1,unknown
Casablanca,sidi_moumen,False,Maison,99.0,4.0,2.0,unknown,920000.0,0,1,1,unknown
Casablanca,hay_sadri,False,Maison,100.0,10.0,4.0,unknown,2300000.0,0,1,1,unknown
Casablanca,oulfa,False,Maison,200.0,6.0,3.0,unknown,2800000.0,0,1,1,unknown
Casablanca,aïn_chock,False,Maison,300.0,4.0,2.0,unknown,2700000.0,0,1,1,unknown
Casablanca,aïn_chock,False,Maison,100.0,6.0,3.0,unknown,3300000.0,0,1,1,unknown
Casablanca,ain_sebaa,False,Maison,54.0,2.0,1.0,unknown,420000.0,0,1,1,unknown
Casablanca,al_fida,False,Maison,55.0,3.0,2.0,unknown,800000.0,0,1,1,unknown
Casablanca,mers_sultan,False,Maison,65.0,8.0,3.0,unknown,1750000.0,0,1,1,unknown
Casablanca,hay_mohammadi,False,Maison,64.0,8.0,2.0,unknown,1000000.0,0,1,1,unknown
Casablanca,sidi_bernoussi,False,Maison,240.0,4.0,3.0,unknown,3300000.0,0,1,1,unknown
Casablanca,aïn_chock,False,Maison,385.0,5.0,2.0,unknown,2600000.0,0,1,1,unknown
Casablanca,hay_albaraka,False,Maison,75.0,2.0,1.0,unknown,580000.0,0,1,1,unknown
Casablanca,sidi_othmane,False,Maison,74.0,1.0,1.0,unknown,170000.0,0,1,1,unknown
Casablanca,oulfa,False,Maison,300.0,6.0,4.0,unknown,3800000.0,0,1,1,unknown
Casablanca,2_mars,False,Maison,110.0,6.0,4.0,unknown,3650000.0,0,1,1,unknown
Casablanca,aïn_chock,False,Maison,100.0,6.0,4.0,unknown,2400000.0,0,1,1,unknown
Casablanca,aïn_chock,False,Maison,400.0,6.0,3.0,unknown,3200000.0,0,1,1,unknown
Casablanca,ain_sebaa,False,Maison,61.0,1.0,1.0,unknown,360000.0,0,1,1,unknown
Casablanca,laimoune,False,Maison,252.0,4.0,3.0,unknown,2500000.0,0,1,1,unknown
Casablanca,al_fida,False,Maison,51.0,4.0,2.0,unknown,430000.0,0,1,1,unknown
Casablanca,al_fida,False,Maison,61.0,5.0,2.0,unknown,1600000.0,0,1,1,unknown
Casablanca,al_fida,False,Maison,165.0,5.0,1.0,unknown,1000000.0,0,1,1,unknown
Casablanca,ain_sebaa,False,Maison,161.0,3.0,2.0,unknown,1750000.0,0,1,1,unknown
Casablanca,sidi_bernoussi,False,Maison,84.0,6.0,3.0,unknown,1760000.0,0,1,1,unknown
Casablanca,hay_inara,False,Maison,110.0,1.0,1.0,unknown,1000000.0,0,1,1,unknown
Casablanca,aïn_chock,False,Maison,400.0,5.0,3.0,unknown,2600000.0,0,1,1,unknown
Casablanca,al_fida,False,Maison,64.0,1.0,1.0,unknown,750000.0,0,1,1,unknown
Casablanca,maarif,False,Maison,160.0,3.0,2.0,unknown,1400000.0,0,1,1,unknown
Casablanca,ain_sebaa,False,Maison,567.0,5.0,2.0,unknown,6984000.0,0,1,1,unknown
Casablanca,hay_hana,False,Maison,110.0,8.0,2.0,unknown,2600000.0,0,1,1,unknown
Casablanca,hay_hana,False,Maison,160.0,4.0,3.0,unknown,3400000.0,0,1,1,unknown
Casablanca,al_fida,False,Maison,65.0,4.0,3.0,unknown,880000.0,0,1,1,unknown
Casablanca,sidi_bernoussi,False,Maison,200.0,4.0,3.0,unknown,1500000.0,0,1,1,unknown
Casablanca,ain_sebaa,False,Maison,222.0,3.0,2.0,unknown,1700000.0,0,1,1,unknown
Casablanca,aïn_chock,False,Maison,112.0,2.0,2.0,unknown,2650000.0,0,1,1,unknown
Casablanca,sidi_bernoussi,False,Maison,100.0,5.0,3.0,unknown,3450000.0,0,1,1,unknown
Casablanca,sidi_othmane,False,Maison,99.0,10.0,2.0,unknown,800000.0,0,1,1,unknown
Casablanca,sbata,False,Maison,65.0,7.0,3.0,unknown,1800000.0,0,1,1,unknown
Casablanca,sidi_maarouf,False,Maison,72.0,6.0,3.0,unknown,3000000.0,0,1,1,unknown
Casablanca,sidi_maarouf,False,Maison,240.0,5.0,3.0,unknown,1800000.0,0,1,1,unknown
Casablanca,ain_sebaa,False,Maison,57.0,1.0,1.0,unknown,430000.0,0,1,1,unknown
Casablanca,sidi_maarouf,False,Maison,420.0,4.0,3.0,unknown,2700000.0,0,1,1,unknown
Casablanca,autre_secteur,True,Maison,100.0,3.0,2.0,unknown,2500000.0,0,1,1,unknown
Casablanca,bournazil,False,Maison,84.0,7.0,4.0,unknown,2400000.0,0,1,1,unknown
Casablanca,sbata,False,Maison,36.0,1.0,1.0,unknown,530000.0,0,1,1,unknown
Casablanca,oulfa,False,Maison,50.0,2.0,0.0,unknown,300000.0,0,1,1,unknown
Casablanca,hay_mohammadi,False,Maison,64.0,2.0,1.0,unknown,750000.0,0,1,1,unknown
Casablanca,ben_m_sick,False,Maison,120.0,8.0,4.0,unknown,3200000.0,0,1,1,unknown
Casablanca,mers_sultan,False,Maison,64.0,8.0,4.0,unknown,970000.0,0,1,1,unknown
Casablanca,sbata,False,Maison,95.0,9.0,4.0,unknown,1400000.0,0,1,1,unknown
Casablanca,sidi_maarouf,False,Maison,580.0,8.0,6.0,unknown,3900000.0,0,1,1,unknown
Casablanca,aïn_chock,False,Maison,260.0,7.0,3.0,unknown,1850000.0,0,1,1,unknown
Casablanca,al_qods,False,Maison,87.0,3.0,1.0,unknown,3700000.0,0,1,1,unknown
Casablanca,hay_chrifa,False,Maison,110.0,10.0,6.0,unknown,4100000.0,0,1,1,unknown
Casablanca,sidi_maarouf,False,Maison,217.0,4.0,2.0,unknown,2000000.0,0,1,1,unknown
Casablanca,sidi_maarouf,False,Maison,120.0,4.0,3.0,unknown,3100000.0,0,1,1,unknown
Casablanca,sidi_maarouf,False,Maison,121.0,4.0,3.0,unknown,3600000.0,0,1,1,unknown
Rabat,quartier_de_l_océan,False,Maison,111.0,2.0,1.0,unknown,1400000.0,0,1,1,unknown
Rabat,autre_secteur,True,Maison,400.0,4.0,4.0,unknown,4900000.0,0,1,1,unknown
Rabat,el_youssoufia,False,Maison,623.0,10.0,4.0,unknown,4900000.0,0,1,1,unknown
Rabat,guich_oudaya,False,Maison,350.0,7.0,5.0,unknown,3400000.0,0,1,1,unknown
Rabat,hay_nahda,False,Maison,100.0,4.0,2.0,unknown,2600000.0,0,1,1,unknown
Rabat,yacoub_el_mansour,False,Maison,170.0,6.0,2.0,unknown,3200000.0,0,1,1,unknown
Rabat,hay_riad,False,Maison,883.0,5.0,4.0,unknown,11000000.0,0,1,1,unknown
Rabat,hay_nahda,False,Maison,60.0,2.0,1.0,unknown,140000.0,0,1,1,unknown
Rabat,yacoub_el_mansour,False,Maison,270.0,6.0,3.0,unknown,3600000.0,0,1,1,unknown
Rabat,guich_oudaya,False,Maison,300.0,7.0,3.0,unknown,3500000.0,0,1,1,unknown
Rabat,yacoub_el_mansour,False,Maison,100.0,4.0,6.0,unknown,3630000.0,0,1,1,unknown
Rabat,yacoub_el_mansour,False,Maison,49.0,4.0,2.0,unknown,900000.0,0,1,1,unknown
Rabat,guich_oudaya,False,Maison,100.0,5.0,3.0,unknown,3600000.0,0,1,1,unknown
Rabat,yacoub_el_mansour,False,Maison,30.0,4.0,2.0,unknown,1000000.0,0,1,1,unknown
Rabat,yacoub_el_mansour,False,Maison,108.0,4.0,4.0,unknown,3000000.0,0,1,1,unknown
Rabat,yacoub_el_mansour,False,Maison,145.0,5.0,2.0,unknown,3300000.0,0,1,1,unknown
Rabat,yacoub_el_mansour,False,Maison,81.0,2.0,1.0,unknown,1400000.0,0,1,1,unknown
Rabat,aakkari,False,Maison,106.0,5.0,2.0,unknown,1012500.0,0,1,1,unknown
Rabat,autre_secteur,True,Maison,160.0,5.0,3.0,unknown,3800000.0,0,1,1,unknown
Rabat,yacoub_el_mansour,False,Maison,171.0,4.0,1.0,unknown,2900000.0,0,1,1,unknown
Rabat,hay_nahda,False,Maison,140.0,4.0,2.0,unknown,1550000.0,0,1,1,unknown
Rabat,hay_nahda,False,Maison,108.0,3.0,2.0,unknown,3500000.0,0,1,1,unknown
Rabat,aakkari,False,Maison,159.0,2.0,2.0,unknown,2700000.0,0,1,1,unknown
Rabat,autre_secteur,True,Maison,200.0,5.0,2.0,unknown,3900000.0,0,1,1,unknown
Rabat,aakkari,False,Maison,115.0,5.0,2.0,unknown,1400000.0,0,1,1,unknown
Rabat,yacoub_el_mansour,False,Maison,100.0,4.0,6.0,unknown,3960000.0,0,1,1,unknown
Rabat,yacoub_el_mansour,False,Maison,100.0,4.0,5.0,unknown,3960000.0,0,1,1,unknown
Rabat,autre_secteur,True,Maison,300.0,5.0,2.0,unknown,5000000.0,0,1,1,unknown
Rabat,diour_jamaa,False,Maison,256.0,4.0,2.0,unknown,6000000.0,0,1,1,unknown
Rabat,taqaddoum,False,Maison,120.0,4.0,3.0,unknown,1500000.0,0,1,1,unknown
Rabat,hay_nahda,False,Maison,100.0,2.0,2.0,unknown,240000.0,0,1,1,unknown
Rabat,hay_el_fath,False,Maison,170.0,3.0,2.0,unknown,4600000.0,0,1,1,unknown
Rabat,taqaddoum,False,Maison,60.0,2.0,1.0,unknown,190000.0,0,1,1,unknown
Rabat,quartier_de_l_océan,False,Maison,60.0,2.0,1.0,unknown,1100000.0,0,1,1,unknown
Rabat,taqaddoum,False,Maison,80.0,2.0,1.0,unknown,880000.0,0,1,1,unknown
Rabat,aviation___mabella,False,Maison,280.0,3.0,2.0,unknown,3950000.0,0,1,1,unknown
Rabat,yacoub_el_mansour,False,Maison,172.0,6.0,4.0,unknown,4100000.0,0,1,1,unknown
Rabat,yacoub_el_mansour,False,Maison,170.0,4.0,3.0,unknown,5500000.0,0,1,1,unknown
Rabat,autre_secteur,True,Maison,110.0,3.0,2.0,unknown,1900000.0,0,1,1,unknown
Rabat,yacoub_el_mansour,False,Maison,108.0,2.0,1.0,unknown,1999990.0,0,1,1,unknown
Rabat,taqaddoum,False,Maison,50.0,2.0,1.0,unknown,170000.0,0,1,1,unknown
Rabat,hay_nahda,False,Maison,90.0,4.0,1.0,unknown,1900000.0,0,1,1,unknown
Rabat,hay_nahda,False,Maison,90.0,2.0,1.0,unknown,850000.0,0,1,1,unknown
Rabat,yacoub_el_mansour,False,Maison,257.0,10.0,5.0,unknown,2000000.0,0,1,1,unknown
Rabat,hay_riad,False,Maison,300.0,3.0,3.0,unknown,4800000.0,0,1,1,unknown
Rabat,hay_nahda,False,Maison,63.0,4.0,2.0,unknown,1100000.0,0,1,1,unknown
Rabat,yacoub_el_mansour,False,Maison,63.0,4.0,2.0,unknown,1200000.0,0,1,1,unknown
Rabat,yacoub_el_mansour,False,Maison,108.0,3.0,2.0,unknown,3500000.0,0,1,1,unknown
Rabat,hay_nahda,False,Maison,100.0,6.0,3.0,unknown,2200000.0,0,1,1,unknown
Rabat,yacoub_el_mansour,False,Maison,54.0,5.0,3.0,unknown,1200000.0,0,1,1,unknown
Rabat,autre_secteur,True,Maison,56.0,5.0,3.0,unknown,95000.0,0,1,1,unknown
Rabat,agdal,False,Maison,650.0,5.0,3.0,unknown,9000000.0,0,1,1,unknown
Rabat,el_youssoufia,False,Maison,68.0,9.0,4.0,unknown,1280000.0,0,1,1,unknown
Rabat,hay_nahda,False,Maison,70.0,5.0,3.0,unknown,1500000.0,0,1,1,unknown
Rabat,souissi,False,Maison,2012.0,5.0,6.0,unknown,27000000.0,0,1,1,unknown
Rabat,yacoub_el_mansour,False,Maison,240.0,3.0,2.0,unknown,1600000.0,0,1,1,unknown
Rabat,yacoub_el_mansour,False,Maison,130.0,3.0,1.0,unknown,1650000.0,0,1,1,unknown
Rabat,abi_ragrag,False,Maison,75.0,5.0,4.0,unknown,670000.0,0,1,1,unknown
Rabat,hassan,False,Maison,65.0,4.0,2.0,unknown,500000.0,0,1,1,unknown
Rabat,hay_nahda,False,Maison,157.0,4.0,2.0,unknown,3200000.0,0,1,1,unknown
Rabat,yacoub_el_mansour,False,Maison,110.0,11.0,4.0,unknown,2300000.0,0,1,1,unknown
Rabat,yacoub_el_mansour,False,Maison,182.0,6.0,3.0,unknown,5000000.0,0,1,1,unknown
Rabat,hay_nahda,False,Maison,90.0,2.0,2.0,unknown,2500000.0,0,1,1,unknown
Rabat,hay_nahda,False,Maison,108.0,3.0,1.0,unknown,3800000.0,0,1,1,unknown
Rabat,autre_secteur,True,Maison,120.0,2.0,2.0,unknown,1700000.0,0,1,1,unknown
Rabat,taqaddoum,False,Maison,150.0,2.0,2.0,unknown,960000.0,0,1,1,unknown
Rabat,souissi,False,Maison,2000.0,4.0,5.0,unknown,15000000.0,0,1,1,unknown
Rabat,hassan,False,Maison,128.0,6.0,2.0,unknown,800000.0,0,1,1,unknown
Rabat,yacoub_el_mansour,False,Maison,60.0,8.0,1.0,unknown,1800000.0,0,1,1,unknown
Rabat,yacoub_el_mansour,False,Maison,103.0,4.0,3.0,unknown,2700000.0,0,1,1,unknown
Rabat,yacoub_el_mansour,False,Maison,213.0,6.0,3.0,unknown,2850000.0,0,1,1,unknown
Rabat,yacoub_el_mansour,False,Maison,171.0,4.0,0.0,unknown,2900000.0,0,1,1,unknown
Rabat,aakkari,False,Maison,117.0,2.0,1.0,unknown,1400000.0,0,1,1,unknown
Rabat,autre_secteur,True,Maison,108.0,7.0,2.0,unknown,1400000.0,0,1,1,unknown
Rabat,yacoub_el_mansour,False,Maison,54.0,2.0,1.0,unknown,1250000.0,0,1,1,unknown
Rabat,hay_nahda,False,Maison,101.0,5.0,4.0,unknown,2200000.0,0,1,1,unknown
Rabat,yacoub_el_mansour,False,Maison,50.0,2.0,0.0,unknown,400000.0,0,1,1,unknown
Rabat,yacoub_el_mansour,False,Maison,60.0,7.0,3.0,unknown,1200000.0,0,1,1,unknown
Rabat,el_youssoufia,False,Maison,50.0,1.0,1.0,unknown,450000.0,0,1,1,unknown
Rabat,yacoub_el_mansour,False,Maison,170.0,6.0,6.0,unknown,5000000.0,0,1,1,unknown
Rabat,yacoub_el_mansour,False,Maison,180.0,5.0,2.0,unknown,970000.0,0,1,1,unknown
Rabat,taqaddoum,False,Maison,67.0,2.0,1.0,unknown,900000.0,0,1,1,unknown
Rabat,autre_secteur,True,Maison,60.0,2.0,1.0,unknown,780000.0,0,1,1,unknown
Rabat,hay_nahda,False,Maison,297.0,4.0,4.0,unknown,4100000.0,0,1,1,unknown
Rabat,el_youssoufia,False,Maison,180.0,3.0,3.0,unknown,1070000.0,0,1,1,unknown
Rabat,yacoub_el_mansour,False,Maison,50.0,4.0,3.0,unknown,1200000.0,0,1,1,unknown
Rabat,el_youssoufia,False,Maison,1000.0,2.0,1.0,unknown,4000000.0,0,1,1,unknown
Rabat,el_youssoufia,False,Maison,272.0,8.0,5.0,unknown,1700000.0,0,1,1,unknown
Rabat,hay_nahda,False,Maison,210.0,7.0,2.0,unknown,2800000.0,0,1,1,unknown
Rabat,yacoub_el_mansour,False,Maison,311.0,8.0,3.0,unknown,5800000.0,0,1,1,unknown
Rabat,el_bassatine,False,Maison,100.0,1.0,1.0,unknown,850000.0,0,1,1,unknown
Rabat,seyad,False,Maison,200.0,4.0,2.0,unknown,1750000.0,0,1,1,unknown
Rabat,ain_sebaa,False,Maison,64.0,4.0,2.0,unknown,500000.0,0,1,1,unknown
Rabat,massira_2,False,Maison,65.0,5.0,2.0,unknown,960000.0,0,1,1,unknown
Rabat,ain_sebaa,False,Maison,64.0,4.0,3.0,unknown,500000.0,0,1,1,unknown
Rabat,hay_inbiat,False,Maison,70.0,2.0,1.0,unknown,440000.0,0,1,1,unknown
Rabat,autre_secteur,True,Maison,100.0,2.0,1.0,unknown,400000.0,0,1,1,unknown
Rabat,el_bassatine,False,Maison,100.0,2.0,2.0,unknown,850000.0,0,1,1,unknown
Rabat,autre_secteur,True,Maison,64.0,4.0,3.0,unknown,495000.0,0,1,1,unknown
Rabat,sala_el_jadida,False,Maison,296.0,8.0,3.0,unknown,1600000.0,0,1,1,unknown
Rabat,autre_secteur,True,Maison,90.0,2.0,2.0,unknown,600000.0,0,1,1,unknown
Rabat,autre_secteur,True,Maison,78.0,2.0,2.0,unknown,580000.0,0,1,1,unknown
Rabat,tabriquet,False,Maison,432.0,8.0,4.0,unknown,1600000.0,0,1,1,unknown
Rabat,wifak,False,Maison,300.0,5.0,3.0,unknown,2600000.0,0,1,1,unknown
Rabat,bir_rami,False,Maison,76.0,4.0,2.0,unknown,820000.0,0,1,1,unknown
Rabat,saada,False,Maison,120.0,2.0,1.0,unknown,1700000.0,0,1,1,unknown
Rabat,tifelt,False,Maison,68.0,3.0,2.0,unknown,760000.0,0,1,1,unknown
Rabat,wifak,False,Maison,108.0,4.0,2.0,unknown,3600000.0,0,1,1,unknown
Rabat,ouled_oujih,False,Maison,125.0,3.0,1.0,unknown,1400000.0,0,1,1,unknown
Rabat,autre_secteur,True,Maison,111.0,8.0,3.0,unknown,1600000.0,0,1,1,unknown
Rabat,ain_el_hayat,False,Maison,247.0,4.0,4.0,unknown,1550000.0,0,1,1,unknown
Rabat,autre_secteur,True,Maison,250.0,2.0,1.0,unknown,350000.0,0,1,1,unknown
Rabat,marjane_2,False,Maison,110.0,3.0,1.0,unknown,1900000.0,0,1,1,unknown
Rabat,bele_vue,False,Maison,340.0,5.0,3.0,unknown,1750000.0,0,1,1,unknown
Rabat,ancienne_médina,False,Maison,90.0,5.0,2.0,unknown,420000.0,0,1,1,unknown
Rabat,riad_oulad_mtaa,False,Maison,90.0,5.0,4.0,unknown,2900000.0,0,1,1,unknown
Rabat,wislane,False,Maison,344.0,5.0,3.0,unknown,1500000.0,0,1,1,unknown
Rabat,hay_chmaou,False,Maison,194.0,5.0,4.0,unknown,3100000.0,0,1,1,unknown
Rabat,zerhounia,False,Maison,320.0,2.0,2.0,unknown,1600000.0,0,1,1,unknown
El-jadida,el_jadida,False,Maison,100.0,2.0,2.0,unknown,640000.0,0,1,1,unknown
Rabat,tifelt,False,Maison,350.0,7.0,3.0,unknown,1680000.0,0,1,1,unknown
Rabat,oued_eddahab,False,Maison,100.0,3.0,2.0,unknown,2600000.0,0,1,1,unknown
Rabat,autre_secteur,True,Maison,105.0,3.0,2.0,unknown,360000.0,0,1,1,unknown
Rabat,wifak,False,Maison,291.0,6.0,3.0,unknown,1850000.0,0,1,1,unknown
Rabat,tifelt,False,Maison,98.0,3.0,2.0,unknown,1450000.0,0,1,1,unknown
Rabat,ain_el_hayat,False,Maison,107.0,3.0,1.0,unknown,1500000.0,0,1,1,unknown
Rabat,ouled_oujih,False,Maison,100.0,5.0,3.0,unknown,3000000.0,0,1,1,unknown
Rabat,tabriquet,False,Maison,400.0,10.0,4.0,unknown,2600000.0,0,1,1,unknown
Rabat,massira_1,False,Maison,102.0,9.0,2.0,unknown,2200000.0,0,1,1,unknown
Rabat,wifak,False,Maison,80.0,4.0,4.0,unknown,2200000.0,0,1,1,unknown
Rabat,el_bassatine,False,Maison,120.0,7.0,4.0,unknown,1000000.0,0,1,1,unknown
Rabat,wislane,False,Maison,426.0,5.0,4.0,unknown,1440000.0,0,1,1,unknown
Rabat,autre_secteur,True,Maison,210.0,5.0,2.0,unknown,850000.0,0,1,1,unknown
Rabat,autre_secteur,True,Maison,154.0,4.0,4.0,unknown,1500000.0,0,1,1,unknown
Rabat,harhoura,False,Maison,264.0,5.0,3.0,unknown,3200000.0,0,1,1,unknown
Rabat,autre_secteur,True,Maison,312.0,3.0,2.0,unknown,520000.0,0,1,1,unknown
Rabat,marjane_2,False,Maison,420.0,6.0,2.0,unknown,1450000.0,0,1,1,unknown
Rabat,wifak,False,Maison,90.0,5.0,3.0,unknown,2400000.0,0,1,1,unknown
Rabat,ain_el_hayat,False,Maison,300.0,5.0,3.0,unknown,1290000.0,0,1,1,unknown
Rabat,autre_secteur,True,Maison,156.0,7.0,4.0,unknown,1500000.0,0,1,1,unknown
Rabat,el_bassatine,False,Maison,110.0,5.0,3.0,unknown,880000.0,0,1,1,unknown
Rabat,bir_rami_est,False,Maison,402.0,4.0,3.0,unknown,2850000.0,0,1,1,unknown
Rabat,saknia,False,Maison,300.0,7.0,3.0,unknown,1400000.0,0,1,1,unknown
Rabat,autre_secteur,True,Maison,55.0,2.0,1.0,unknown,170000.0,0,1,1,unknown
Rabat,bettana,False,Maison,300.0,6.0,2.0,unknown,2000000.0,0,1,1,unknown
Rabat,autre_secteur,True,Maison,130.0,4.0,6.0,unknown,4000000.0,0,1,1,unknown
Rabat,saada,False,Maison,60.0,4.0,2.0,unknown,340000.0,0,1,1,unknown
Rabat,ain_el_hayat,False,Maison,247.0,5.0,4.0,unknown,1550000.0,0,1,1,unknown
Rabat,wifak,False,Maison,260.0,4.0,3.0,unknown,3100000.0,0,1,1,unknown
Rabat,bourj_moulay_omar,False,Maison,64.0,3.0,4.0,unknown,660000.0,0,1,1,unknown
Rabat,autre_secteur,True,Maison,150.0,6.0,4.0,unknown,1470000.0,0,1,1,unknown
Rabat,autre_secteur,True,Maison,98.0,8.0,4.0,unknown,3500000.0,0,1,1,unknown
Rabat,marjane_2,False,Maison,100.0,3.0,1.0,unknown,2499000.0,0,1,1,unknown
Rabat,hay_rahma,False,Maison,71.0,1.0,1.0,unknown,2600000.0,0,1,1,unknown
Rabat,autre_secteur,True,Maison,108.0,3.0,1.0,unknown,1000000.0,0,1,1,unknown
Rabat,autre_secteur,True,Maison,330.0,7.0,4.0,unknown,1600000.0,0,1,1,unknown
Rabat,alliance,False,Maison,210.0,3.0,3.0,unknown,1280000.0,0,1,1,unknown
Rabat,autre_secteur,True,Maison,300.0,4.0,2.0,unknown,3000000.0,0,1,1,unknown
Rabat,saada,False,Maison,200.0,4.0,2.0,unknown,960000.0,0,1,1,unknown
Rabat,ouled_oujih,False,Maison,125.0,4.0,3.0,unknown,2650000.0,0,1,1,unknown
Rabat,massira_1,False,Maison,96.0,1.0,0.0,unknown,2200000.0,0,1,1,unknown
Rabat,wislane,False,Maison,64.0,2.0,1.0,unknown,650000.0,0,1,1,unknown
Rabat,skikina,False,Maison,107.0,7.0,4.0,unknown,2500000.0,0,1,1,unknown
Rabat,massira_1,False,Maison,96.0,5.0,4.0,unknown,2480000.0,0,1,1,unknown
Rabat,autre_secteur,True,Maison,198.0,2.0,1.0,unknown,1800000.0,0,1,1,unknown
Rabat,centre,True,Maison,120.0,3.0,2.0,unknown,900000.0,0,1,1,unknown
Rabat,ouled_arfa,False,Maison,67.0,2.0,2.0,unknown,420000.0,0,1,1,unknown
Rabat,wislane,False,Maison,239.0,4.0,3.0,unknown,900000.0,0,1,1,unknown
Rabat,centre,True,Maison,138.0,6.0,2.0,unknown,1800000.0,0,1,1,unknown
Rabat,tifelt,False,Maison,82.0,1.0,1.0,unknown,850000.0,0,1,1,unknown
Rabat,el_bassatine,False,Maison,254.0,4.0,3.0,unknown,1000000.0,0,1,1,unknown
Rabat,alliance,False,Maison,100.0,2.0,2.0,unknown,1030000.0,0,1,1,unknown
Rabat,autre_secteur,True,Maison,80.0,6.0,3.0,unknown,1700000.0,0,1,1,unknown
Rabat,el_bassatine,False,Maison,200.0,4.0,3.0,unknown,900000.0,0,1,1,unknown
Rabat,bettana,False,Maison,91.0,6.0,2.0,unknown,500000.0,0,1,1,unknown
Rabat,najmat_al_janoub,False,Maison,123.0,3.0,1.0,unknown,850000.0,0,1,1,unknown
Rabat,el_haddada,False,Maison,240.0,5.0,2.0,unknown,1100000.0,0,1,1,unknown
Rabat,autre_secteur,True,Maison,140.0,8.0,4.0,unknown,2100000.0,0,1,1,unknown
Rabat,ain_atig,False,Maison,100.0,4.0,4.0,unknown,2700000.0,0,1,1,unknown
Rabat,kasbat_al_mahdia,False,Maison,100.0,3.0,2.0,unknown,390000.0,0,1,1,unknown
Rabat,autre_secteur,True,Maison,100.0,3.0,2.0,unknown,800000.0,0,1,1,unknown
Rabat,skikina,False,Maison,167.0,4.0,4.0,unknown,3700000.0,0,1,1,unknown
Rabat,hay_essalam,False,Maison,336.0,8.0,3.0,unknown,1950000.0,0,1,1,unknown
Rabat,bourj_moulay_omar,False,Maison,51.0,4.0,2.0,unknown,500000.0,0,1,1,unknown
Rabat,bir_rami_est,False,Maison,352.0,5.0,3.0,unknown,2150000.0,0,1,1,unknown
Rabat,narjiss,False,Maison,200.0,5.0,2.0,unknown,1380000.0,0,1,1,unknown
Rabat,alaouiyine,False,Maison,124.0,3.0,2.0,unknown,650000.0,0,1,1,unknown
Rabat,autre_secteur,True,Maison,450.0,4.0,2.0,unknown,1580000.0,0,1,1,unknown
Rabat,autre_secteur,True,Maison,211.0,2.0,1.0,unknown,2100000.0,0,1,1,unknown
Rabat,el_ismailia,False,Maison,110.0,8.0,3.0,unknown,130000.0,0,1,1,unknown
Rabat,alliance,False,Maison,92.0,3.0,1.0,unknown,760000.0,0,1,1,unknown
Rabat,saknia,False,Maison,150.0,4.0,2.0,unknown,1000000.0,0,1,1,unknown
Rabat,alliance,False,Maison,210.0,4.0,3.0,unknown,1380000.0,0,1,1,unknown
Rabat,autre_secteur,True,Maison,330.0,5.0,4.0,unknown,1520000.0,0,1,1,unknown
Rabat,wifak,False,Maison,324.0,5.0,3.0,unknown,2600000.0,0,1,1,unknown
Rabat,massira_2,False,Maison,65.0,4.0,2.0,unknown,1250000.0,0,1,1,unknown
Rabat,autre_secteur,True,Maison,96.0,6.0,2.0,unknown,3200000.0,0,1,1,unknown
Rabat,hay_rahma,False,Maison,165.0,4.0,4.0,unknown,1250000.0,0,1,1,unknown
Rabat,ouled_oujih,False,Maison,125.0,8.0,6.0,unknown,2500000.0,0,1,1,unknown
Rabat,mèdina,False,Maison,359.0,8.0,6.0,unknown,1400000.0,0,1,1,unknown
Rabat,meknès,False,Maison,150.0,2.0,1.0,unknown,720000.0,0,1,1,unknown
Rabat,centre,True,Maison,110.0,5.0,3.0,unknown,1600000.0,0,1,1,unknown
Rabat,salé,False,Maison,93.0,3.0,2.0,unknown,1750000.0,0,1,1,unknown
Rabat,kénitra,False,Maison,96.0,3.0,1.0,unknown,820000.0,0,1,1,unknown
Rabat,wifak,False,Maison,97.0,4.0,3.0,unknown,2700000.0,0,1,1,unknown
Rabat,frougui,False,Maison,500.0,6.0,4.0,unknown,2100000.0,0,1,1,unknown
Rabat,ouled_oujih,False,Maison,70.0,2.0,1.0,unknown,590000.0,0,1,1,unknown
Rabat,autre_secteur,True,Maison,85.0,8.0,2.0,unknown,1500000.0,0,1,1,unknown
Rabat,derb_ghalef,False,Maison,98.0,3.0,3.0,unknown,850000.0,0,1,1,unknown
Rabat,hay_oued_dahab,False,Maison,125.0,3.0,2.0,unknown,3000000.0,0,1,1,unknown
Rabat,el_ismailia,False,Maison,350.0,6.0,3.0,unknown,1850000.0,0,1,1,unknown
Rabat,ain_el_hayat,False,Maison,100.0,6.0,4.0,unknown,1150000.0,0,1,1,unknown
Rabat,mèdina,False,Maison,110.0,8.0,5.0,unknown,1250000.0,0,1,1,unknown
Rabat,hay_essalam,False,Maison,112.0,2.0,1.0,unknown,550000.0,0,1,1,unknown
Rabat,wifak,False,Maison,171.0,2.0,1.0,unknown,2800000.0,0,1,1,unknown
Rabat,autre_secteur,True,Maison,450.0,10.0,4.0,unknown,2000000.0,0,1,1,unknown
Rabat,autre_secteur,True,Maison,288.0,4.0,3.0,unknown,1500000.0,0,1,1,unknown
Rabat,hay_essalam,False,Maison,90.0,3.0,2.0,unknown,720000.0,0,1,1,unknown
Rabat,alliance,False,Maison,300.0,4.0,5.0,unknown,1980000.0,0,1,1,unknown
Rabat,harhoura,False,Maison,200.0,4.0,2.0,unknown,2700000.0,0,1,1,unknown
Rabat,alliance,False,Maison,100.0,3.0,3.0,unknown,1400000.0,0,1,1,unknown
Rabat,jawhara,False,Maison,103.0,9.0,3.0,unknown,2600000.0,0,1,1,unknown
Rabat,nahda_1,False,Maison,65.0,4.0,2.0,unknown,980000.0,0,1,1,unknown
Rabat,belkhir,False,Maison,89.0,5.0,4.0,unknown,1300000.0,0,1,1,unknown
Rabat,khabazat,False,Maison,76.0,3.0,2.0,unknown,600000.0,0,1,1,unknown
Rabat,wislane,False,Maison,130.0,10.0,4.0,unknown,950000.0,0,1,1,unknown
Rabat,bir_rami,False,Maison,94.0,4.0,4.0,unknown,1250000.0,0,1,1,unknown
Rabat,el_qaria,False,Maison,50.0,1.0,1.0,unknown,260000.0,0,1,1,unknown
Rabat,mouilha,False,Maison,64.0,2.0,1.0,unknown,520000.0,0,1,1,unknown
Rabat,bir_rami,False,Maison,229.0,7.0,3.0,unknown,2700000.0,0,1,1,unknown
Rabat,bab_sebta,False,Maison,115.0,6.0,1.0,unknown,3300000.0,0,1,1,unknown
Rabat,autre_secteur,True,Maison,75.0,2.0,3.0,unknown,1350000.0,0,1,1,unknown
Rabat,bourj_moulay_omar,False,Maison,239.0,6.0,3.0,unknown,650000.0,0,1,1,unknown
Rabat,bir_rami,False,Maison,80.0,2.0,1.0,unknown,140000.0,0,1,1,unknown
Rabat,hay_karima,False,Maison,96.0,5.0,2.0,unknown,2100000.0,0,1,1,unknown
Rabat,bourj_moulay_omar,False,Maison,120.0,5.0,3.0,unknown,850000.0,0,1,1,unknown
Rabat,hay_essalam,False,Maison,61.0,2.0,1.0,unknown,340000.0,0,1,1,unknown
Rabat,tabriquet,False,Maison,160.0,1.0,0.0,unknown,2000000.0,0,1,1,unknown
Rabat,massira_2,False,Maison,65.0,1.0,1.0,unknown,800000.0,0,1,1,unknown
Rabat,bir_rami,False,Maison,408.0,5.0,3.0,unknown,1700000.0,0,1,1,unknown
Rabat,temara_plage,False,Maison,116.0,2.0,2.0,unknown,1980000.0,0,1,1,unknown
Rabat,wifak,False,Maison,350.0,6.0,3.0,unknown,4500000.0,0,1,1,unknown
Rabat,skikina,False,Maison,167.0,4.0,5.0,unknown,3500000.0,0,1,1,unknown
Rabat,salé,False,Maison,90.0,4.0,3.0,unknown,2200000.0,0,1,1,unknown
Rabat,al_kalaa,False,Maison,44.0,4.0,2.0,unknown,320000.0,0,1,1,unknown
Rabat,ouled_oujih,False,Maison,104.0,3.0,2.0,unknown,1050000.0,0,1,1,unknown
Rabat,autre_secteur,True,Maison,76.0,3.0,2.0,unknown,600000.0,0,1,1,unknown
Rabat,kasbah,False,Maison,100.0,4.0,2.0,unknown,1180000.0,0,1,1,unknown
Rabat,autre_secteur,True,Maison,450.0,5.0,4.0,unknown,4800000.0,0,1,1,unknown
Rabat,wifak,False,Maison,86.0,3.0,4.0,unknown,1900000.0,0,1,1,unknown
Rabat,bir_rami,False,Maison,87.0,4.0,3.0,unknown,1050000.0,0,1,1,unknown
Rabat,bir_rami,False,Maison,97.0,4.0,1.0,unknown,1390000.0,0,1,1,unknown
Rabat,el_qaria,False,Maison,128.0,3.0,0.0,unknown,1600000.0,0,1,1,unknown
Rabat,hay_essalam,False,Maison,336.0,7.0,4.0,unknown,1950000.0,0,1,1,unknown
Rabat,alliance,False,Maison,100.0,4.0,4.0,unknown,1360000.0,0,1,1,unknown
Rabat,el_haddada,False,Maison,97.0,5.0,2.0,unknown,1800000.0,0,1,1,unknown
Rabat,hay_salam,False,Maison,54.0,2.0,1.0,unknown,450000.0,0,1,1,unknown
Rabat,ouled_oujih,False,Maison,380.0,5.0,2.0,unknown,2500000.0,0,1,1,unknown
Rabat,wislane,False,Maison,360.0,3.0,3.0,unknown,1900000.0,0,1,1,unknown
Rabat,nahda_2,False,Maison,65.0,2.0,1.0,unknown,1100000.0,0,1,1,unknown
Rabat,bourj_moulay_omar,False,Maison,120.0,3.0,2.0,unknown,1500000.0,0,1,1,unknown
Rabat,tabriquet,False,Maison,74.0,2.0,0.0,unknown,1400000.0,0,1,1,unknown
Rabat,autre_secteur,True,Maison,400.0,3.0,3.0,unknown,1000000.0,0,1,1,unknown
Rabat,mèdina,False,Maison,280.0,5.0,3.0,unknown,1500000.0,0,1,1,unknown
Rabat,salé,False,Maison,80.0,6.0,3.0,unknown,1400000.0,0,1,1,unknown
Rabat,saada,False,Maison,100.0,9.0,3.0,unknown,1290000.0,0,1,1,unknown
Rabat,autre_secteur,True,Maison,300.0,3.0,1.0,unknown,300000.0,0,1,1,unknown
Rabat,sidi_abdellah,False,Maison,107.0,3.0,2.0,unknown,2400000.0,0,1,1,unknown
Rabat,wislane,False,Maison,126.0,4.0,2.0,unknown,530000.0,0,1,1,unknown
Rabat,centre,True,Maison,91.0,2.0,2.0,unknown,1280000.0,0,1,1,unknown
Rabat,bele_vue,False,Maison,280.0,5.0,3.0,0.0,1700000.0,1,1,1,unknown
Rabat,alliance,False,Maison,100.0,4.0,4.0,unknown,1850000.0,0,1,1,unknown
Rabat,alliance,False,Maison,100.0,4.0,3.0,unknown,1450000.0,0,1,1,unknown
Rabat,mkinssia,False,Maison,231.0,4.0,2.0,unknown,1850000.0,0,1,1,unknown
Rabat,marjane_2,False,Maison,100.0,6.0,3.0,unknown,1550000.0,0,1,1,unknown
Rabat,wifak,False,Maison,246.0,6.0,2.0,unknown,5000000.0,0,1,1,unknown
Rabat,saada,False,Maison,120.0,3.0,2.0,unknown,970000.0,0,1,1,unknown
Rabat,sala_el_jadida,False,Maison,170.0,4.0,2.0,unknown,1250000.0,0,1,1,unknown
Rabat,el_bassatine,False,Maison,104.0,5.0,3.0,unknown,1550000.0,0,1,1,unknown
Rabat,ouled_oujih,False,Maison,200.0,3.0,2.0,unknown,1300000.0,0,1,1,unknown
Rabat,centre,True,Maison,106.0,3.0,2.0,unknown,750000.0,0,1,1,unknown
Rabat,maghreb_arabi,False,Maison,69.0,7.0,4.0,unknown,1560000.0,0,1,1,unknown
Rabat,autre_secteur,True,Maison,100.0,4.0,3.0,unknown,130000.0,0,1,1,unknown
Rabat,mèdina,False,Maison,120.0,1.0,2.0,unknown,3400000.0,0,1,1,unknown
Rabat,sidi_bouzekri,False,Maison,60.0,2.0,3.0,unknown,950000.0,0,1,1,unknown
Rabat,saknia,False,Maison,90.0,6.0,3.0,unknown,1140000.0,0,1,1,unknown
Rabat,bir_rami,False,Maison,395.0,6.0,2.0,unknown,3800000.0,0,1,1,unknown
Marrakech,route_de_casablanca,False,Maison,189.0,6.0,3.0,unknown,2350000.0,0,1,1,unknown
Marrakech,route_de_casablanca,False,Maison,301.0,5.0,4.0,unknown,3500000.0,0,1,1,unknown
Marrakech,amerchich,False,Maison,92.0,3.0,2.0,unknown,1550000.0,0,1,1,unknown
Marrakech,bab_el_khemis,False,Maison,107.0,2.0,2.0,unknown,1100000.0,0,1,1,unknown
Marrakech,bab_doukkala,False,Maison,242.0,6.0,4.0,unknown,6000000.0,0,1,1,unknown
Marrakech,bab_el_khemis,False,Maison,104.0,3.0,1.0,unknown,1300000.0,0,1,1,unknown
Marrakech,daoudiate,False,Maison,130.0,3.0,2.0,unknown,1500000.0,0,1,1,unknown
Marrakech,route_de_ouarzazate,False,Maison,75.0,3.0,2.0,unknown,750000.0,0,1,1,unknown
Marrakech,route_de_ouarzazate,False,Maison,100.0,4.0,2.0,unknown,1200000.0,0,1,1,unknown
Marrakech,les_portes_de_marrakech,False,Maison,120.0,2.0,1.0,unknown,495000.0,0,1,1,unknown
Marrakech,m_hamid,False,Maison,111.0,3.0,1.0,unknown,3000000.0,0,1,1,unknown
Marrakech,route_de_safi,False,Maison,84.0,6.0,4.0,unknown,1400000.0,0,1,1,unknown
Marrakech,massira_3,False,Maison,175.0,3.0,3.0,unknown,2000000.0,0,1,1,unknown
Marrakech,route_de_tamansourt,False,Maison,240.0,2.0,2.0,unknown,2190000.0,0,1,1,unknown
Marrakech,sidi_abbad,False,Maison,110.0,3.0,1.0,unknown,400000.0,0,1,1,unknown
Marrakech,route_de_casablanca,False,Maison,240.0,3.0,3.0,unknown,1600000.0,0,1,1,unknown
Marrakech,socoma,False,Maison,114.0,3.0,2.0,unknown,1400000.0,0,1,1,unknown
Marrakech,route_d_ourika,False,Maison,80.0,2.0,1.0,unknown,280000.0,0,1,1,unknown
Marrakech,autre_secteur,True,Maison,200.0,3.0,2.0,unknown,1400000.0,0,1,1,unknown
Marrakech,route_d_ourika,False,Maison,207.0,3.0,1.0,unknown,760000.0,0,1,1,unknown
Marrakech,sofia,False,Maison,85.0,4.0,2.0,unknown,2100000.0,0,1,1,unknown
Marrakech,autre_secteur,True,Maison,90.0,5.0,2.0,unknown,450000.0,0,1,1,unknown
Marrakech,route_de_ouarzazate,False,Maison,110.0,3.0,3.0,unknown,1200000.0,0,1,1,unknown
Marrakech,autre_secteur,True,Maison,270.0,6.0,3.0,unknown,750000.0,0,1,1,unknown
Marrakech,route_d_ourika,False,Maison,900.0,4.0,3.0,unknown,2400000.0,0,1,1,unknown
Marrakech,m_hamid,False,Maison,96.0,5.0,3.0,unknown,580000.0,0,1,1,unknown
Marrakech,route_de_casablanca,False,Maison,100.0,4.0,3.0,unknown,1500000.0,0,1,1,unknown
Marrakech,bouaakkaz,False,Maison,108.0,3.0,2.0,unknown,2400000.0,0,1,1,unknown
Marrakech,oued_ourika,False,Maison,140.0,2.0,2.0,unknown,440000.0,0,1,1,unknown
Marrakech,route_d_ourika,False,Maison,84.0,4.0,2.0,unknown,1300000.0,0,1,1,unknown
Marrakech,m_hamid,False,Maison,600.0,6.0,3.0,unknown,5000000.0,0,1,1,unknown
Marrakech,route_d_agadir___essaouira,False,Maison,100.0,4.0,2.0,unknown,800000.0,0,1,1,unknown
Marrakech,sidi_abbad,False,Maison,100.0,8.0,3.0,unknown,2000000.0,0,1,1,unknown
Marrakech,assif,False,Maison,360.0,4.0,2.0,unknown,1900000.0,0,1,1,unknown
Marrakech,route_de_casablanca,False,Maison,300.0,4.0,2.0,unknown,2400000.0,0,1,1,unknown
Marrakech,guéliz,False,Maison,230.0,3.0,2.0,unknown,3000000.0,0,1,1,unknown
Marrakech,ancienne_médina,False,Maison,70.0,6.0,3.0,unknown,1600000.0,0,1,1,unknown
Marrakech,daoudiate,False,Maison,96.0,4.0,2.0,unknown,1900000.0,0,1,1,unknown
Marrakech,route_d_agadir___essaouira,False,Maison,75.0,3.0,1.0,unknown,500000.0,0,1,1,unknown
Marrakech,hay_izdihar,False,Maison,120.0,6.0,5.0,unknown,2650000.0,0,1,1,unknown
Marrakech,route_d_ourika,False,Maison,60.0,3.0,2.0,unknown,450000.0,0,1,1,unknown
Marrakech,route_d_ourika,False,Maison,106.0,3.0,2.0,unknown,300000.0,0,1,1,unknown
Marrakech,route_d_ourika,False,Maison,50.0,2.0,1.0,unknown,300000.0,0,1,1,unknown
Marrakech,ancienne_médina,False,Maison,120.0,8.0,5.0,unknown,160000.0,0,1,1,unknown
Marrakech,route_de_ouarzazate,False,Maison,200.0,1.0,2.0,unknown,300000.0,0,1,1,unknown
Marrakech,hay_izdihar,False,Maison,300.0,9.0,3.0,unknown,3000000.0,0,1,1,unknown
Marrakech,allal_el_fassi,False,Maison,156.0,4.0,1.0,unknown,1400000.0,0,1,1,unknown
Marrakech,route_de_ouarzazate,False,Maison,200.0,4.0,1.0,unknown,300000.0,0,1,1,unknown
Marrakech,sidi_youssef_ben_ali,False,Maison,150.0,6.0,3.0,unknown,2000000.0,0,1,1,unknown
Marrakech,route_d_ourika,False,Maison,200.0,5.0,2.0,unknown,690000.0,0,1,1,unknown
Marrakech,route_d_ourika,False,Maison,83.0,4.0,3.0,unknown,230000.0,0,1,1,unknown
Marrakech,sidi_youssef_ben_ali,False,Maison,69.0,3.0,1.0,unknown,600000.0,0,1,1,unknown
Marrakech,hay_charaf,False,Maison,100.0,4.0,3.0,unknown,2800000.0,0,1,1,unknown
Marrakech,route_de_casablanca,False,Maison,310.0,4.0,3.0,unknown,2400000.0,0,1,1,unknown
Marrakech,ancienne_médina,False,Maison,124.0,9.0,3.0,unknown,2400000.0,0,1,1,unknown
Marrakech,allal_el_fassi,False,Maison,300.0,8.0,3.0,unknown,1870000.0,0,1,1,unknown
Marrakech,daoudiate,False,Maison,110.0,9.0,3.0,unknown,1500000.0,0,1,1,unknown
Marrakech,m_hamid,False,Maison,80.0,5.0,3.0,unknown,1900000.0,0,1,1,unknown
Marrakech,centre_ville,True,Maison,165.0,5.0,2.0,unknown,2800000.0,0,1,1,unknown
Marrakech,centre_ville,True,Maison,190.0,3.0,2.0,unknown,1350000.0,0,1,1,unknown
Marrakech,m_hamid,False,Maison,82.0,7.0,3.0,unknown,1300000.0,0,1,1,unknown
Marrakech,m_hamid,False,Maison,70.0,3.0,3.0,unknown,1200000.0,0,1,1,unknown
Marrakech,massira_3,False,Maison,156.0,2.0,2.0,unknown,2000000.0,0,1,1,unknown
Marrakech,ancienne_médina,False,Maison,65.0,2.0,2.0,unknown,1400000.0,0,1,1,unknown
Marrakech,ancienne_médina,False,Maison,108.0,8.0,3.0,unknown,1400000.0,0,1,1,unknown
Marrakech,targa,False,Maison,320.0,4.0,2.0,unknown,3800000.0,0,1,1,unknown
Marrakech,m_hamid,False,Maison,91.0,6.0,3.0,unknown,1900000.0,0,1,1,unknown
Marrakech,centre_ville,True,Maison,46.0,3.0,2.0,unknown,760000.0,0,1,1,unknown
Marrakech,route_de_casablanca,False,Maison,120.0,6.0,4.0,unknown,2800000.0,0,1,1,unknown
Marrakech,route_de_fès,False,Maison,430.0,3.0,2.0,unknown,1190000.0,0,1,1,unknown
Marrakech,azli,False,Maison,140.0,6.0,3.0,unknown,1680000.0,0,1,1,unknown
Marrakech,autre_secteur,True,Maison,140.0,3.0,2.0,unknown,1700000.0,0,1,1,unknown
Marrakech,inara,False,Maison,215.0,4.0,3.0,unknown,1500000.0,0,1,1,unknown
Marrakech,route_de_tamansourt,False,Maison,64.0,2.0,1.0,unknown,600000.0,0,1,1,unknown
Marrakech,route_de_fès,False,Maison,336.0,5.0,2.0,unknown,1800000.0,0,1,1,unknown
Marrakech,issil,False,Maison,92.0,3.0,2.0,unknown,1700000.0,0,1,1,unknown
Marrakech,azzouzia,False,Maison,120.0,2.0,1.0,unknown,2500000.0,0,1,1,unknown
Marrakech,route_de_tahanaoute,False,Maison,260.0,3.0,4.0,unknown,3500000.0,0,1,1,unknown
Marrakech,hay_al_massar,False,Maison,199.0,6.0,4.0,unknown,3200000.0,0,1,1,unknown
Marrakech,es_saada,False,Maison,57.0,2.0,1.0,unknown,400000.0,0,1,1,unknown
Marrakech,route_d_ourika,False,Maison,270.0,4.0,3.0,unknown,2800000.0,0,1,1,unknown
Marrakech,massira_1,False,Maison,112.0,8.0,2.0,unknown,150000.0,0,1,1,unknown
Marrakech,autre_secteur,True,Maison,140.0,4.0,3.0,unknown,830000.0,0,1,1,unknown
Marrakech,hay_al_bahja,False,Maison,63.0,4.0,1.0,unknown,770000.0,0,1,1,unknown
Marrakech,m_hamid,False,Maison,108.0,4.0,2.0,unknown,2200000.0,0,1,1,unknown
Marrakech,azli,False,Maison,90.0,8.0,6.0,unknown,1450000.0,0,1,1,unknown
Marrakech,m_hamid,False,Maison,80.0,5.0,2.0,unknown,1650000.0,0,1,1,unknown
Marrakech,afaq,False,Maison,210.0,4.0,3.0,unknown,850000.0,0,1,1,unknown
Marrakech,m_hamid,False,Maison,388.0,6.0,3.0,unknown,3600000.0,0,1,1,unknown
Marrakech,daoudiate,False,Maison,110.0,5.0,3.0,unknown,1900000.0,0,1,1,unknown
Marrakech,agdal,False,Maison,800.0,5.0,5.0,unknown,11000000.0,0,1,1,unknown
Marrakech,hay_al_massar,False,Maison,251.0,6.0,2.0,unknown,3600000.0,0,1,1,unknown
Marrakech,route_d_amezmiz,False,Maison,260.0,4.0,3.0,unknown,3500000.0,0,1,1,unknown
Marrakech,hay_izdihar,False,Maison,100.0,8.0,4.0,unknown,2800000.0,0,1,1,unknown
Marrakech,route_d_ourika,False,Maison,330.0,4.0,3.0,unknown,2700000.0,0,1,1,unknown
Marrakech,bin_lkchali,False,Maison,107.0,3.0,1.0,unknown,500000.0,0,1,1,unknown
Marrakech,route_d_ourika,False,Maison,540.0,3.0,2.0,unknown,1200000.0,0,1,1,unknown
Marrakech,route_d_amezmiz,False,Maison,260.0,3.0,4.0,unknown,3500000.0,0,1,1,unknown
Marrakech,m_hamid,False,Maison,100.0,3.0,2.0,unknown,770000.0,0,1,1,unknown
Marrakech,route_de_casablanca,False,Maison,101.0,5.0,4.0,unknown,2300000.0,0,1,1,unknown
Marrakech,massira_3,False,Maison,83.0,6.0,4.0,unknown,2000000.0,0,1,1,unknown
Marrakech,centre_ville,True,Maison,114.0,9.0,1.0,unknown,1250000.0,0,1,1,unknown
Marrakech,hay_targa,False,Maison,77.0,4.0,2.0,unknown,110000.0,0,1,1,unknown
Marrakech,route_de_tahanaoute,False,Maison,83.0,3.0,1.0,unknown,1100000.0,0,1,1,unknown
Marrakech,autre_secteur,True,Maison,1450.0,5.0,3.0,unknown,1700000.0,0,1,1,unknown
Marrakech,agdal,False,Maison,243.0,2.0,3.0,unknown,2700000.0,0,1,1,unknown
Marrakech,ancienne_médina,False,Maison,95.0,3.0,2.0,unknown,2000000.0,0,1,1,unknown
Marrakech,autre_secteur,True,Maison,90.0,8.0,2.0,unknown,1700000.0,0,1,1,unknown
Marrakech,route_d_amezmiz,False,Maison,100.0,2.0,1.0,unknown,500000.0,0,1,1,unknown
Marrakech,allal_el_fassi,False,Maison,96.0,4.0,2.0,unknown,1750000.0,0,1,1,unknown
Marrakech,daoudiate,False,Maison,105.0,4.0,1.0,unknown,1600000.0,0,1,1,unknown
Marrakech,route_de_casablanca,False,Maison,90.0,2.0,1.0,unknown,1350000.0,0,1,1,unknown
Marrakech,sidi_youssef_ben_ali,False,Maison,50.0,3.0,0.0,unknown,590000.0,0,1,1,unknown
Marrakech,route_de_fès,False,Maison,150.0,2.0,1.0,unknown,450000.0,0,1,1,unknown
Marrakech,m_hamid,False,Maison,90.0,4.0,3.0,unknown,1900000.0,0,1,1,unknown
Marrakech,autre_secteur,True,Maison,50.0,6.0,3.0,unknown,420000.0,0,1,1,unknown
Marrakech,autre_secteur,True,Maison,85.0,1.0,0.0,unknown,110000.0,0,1,1,unknown
Marrakech,massira_3,False,Maison,97.0,7.0,4.0,unknown,1800000.0,0,1,1,unknown
Marrakech,rouidat,False,Maison,230.0,4.0,3.0,unknown,4200000.0,0,1,1,unknown
Marrakech,route_d_ourika,False,Maison,200.0,4.0,2.0,unknown,320000.0,0,1,1,unknown
Marrakech,route_de_casablanca,False,Maison,115.0,7.0,4.0,unknown,2750000.0,0,1,1,unknown
Marrakech,berrima,False,Maison,140.0,6.0,2.0,unknown,3500000.0,0,1,1,unknown
Marrakech,route_de_sidi_a._ghiat,False,Maison,148.0,2.0,1.0,unknown,250000.0,0,1,1,unknown
Marrakech,route_de_tamansourt,False,Maison,70.0,2.0,1.0,unknown,140000.0,0,1,1,unknown
Marrakech,autre_secteur,True,Maison,60.0,2.0,1.0,unknown,190000.0,0,1,1,unknown
Marrakech,route_de_ouarzazate,False,Maison,320.0,3.0,1.0,unknown,695000.0,0,1,1,unknown
Marrakech,autre_secteur,True,Maison,56.0,2.0,1.0,unknown,650000.0,0,1,1,unknown
Marrakech,m_hamid,False,Maison,120.0,7.0,3.0,unknown,1900000.0,0,1,1,unknown
Marrakech,autre_secteur,True,Maison,36.0,2.0,1.0,unknown,650000.0,0,1,1,unknown
Marrakech,annakhil,False,Maison,80.0,4.0,1.0,unknown,1100000.0,0,1,1,unknown
Marrakech,m_hamid,False,Maison,146.0,4.0,4.0,unknown,2300000.0,0,1,1,unknown
Marrakech,m_hamid,False,Maison,108.0,6.0,4.0,unknown,2850000.0,0,1,1,unknown
Marrakech,route_de_tamansourt,False,Maison,72.0,4.0,3.0,unknown,1800000.0,0,1,1,unknown
Marrakech,sanaoubar,False,Maison,100.0,8.0,3.0,unknown,2900000.0,0,1,1,unknown
Marrakech,afaq,False,Maison,90.0,2.0,1.0,unknown,460000.0,0,1,1,unknown
Marrakech,route_de_sidi_a._ghiat,False,Maison,500.0,4.0,2.0,unknown,700000.0,0,1,1,unknown
Marrakech,m_hamid,False,Maison,120.0,6.0,2.0,unknown,1900000.0,0,1,1,unknown
Marrakech,m_hamid,False,Maison,96.0,6.0,4.0,unknown,2200000.0,0,1,1,unknown
Marrakech,massira_1,False,Maison,240.0,11.0,3.0,unknown,2200000.0,0,1,1,unknown
Marrakech,massira_1,False,Maison,108.0,3.0,1.0,unknown,1500000.0,0,1,1,unknown
Marrakech,m_hamid,False,Maison,73.0,6.0,4.0,unknown,1300000.0,0,1,1,unknown
Marrakech,hay_izdihar,False,Maison,117.0,6.0,2.0,unknown,2800000.0,0,1,1,unknown
Marrakech,michouar,False,Maison,56.0,2.0,1.0,unknown,700000.0,0,1,1,unknown
Marrakech,m_hamid,False,Maison,83.0,4.0,3.0,unknown,1450000.0,0,1,1,unknown
Marrakech,ancienne_médina,False,Maison,36.0,2.0,1.0,unknown,600000.0,0,1,1,unknown
Marrakech,les_portes_de_marrakech,False,Maison,100.0,6.0,1.0,unknown,2800000.0,0,1,1,unknown
Marrakech,m_hamid,False,Maison,98.0,9.0,3.0,unknown,1450000.0,0,1,1,unknown
Marrakech,massira_2,False,Maison,96.0,6.0,3.0,unknown,1980000.0,0,1,1,unknown
Marrakech,route_d_agadir___essaouira,False,Maison,160.0,3.0,1.0,unknown,250000.0,0,1,1,unknown
Marrakech,m_hamid,False,Maison,80.0,4.0,4.0,unknown,1600000.0,0,1,1,unknown
Marrakech,route_d_ourika,False,Maison,120.0,2.0,1.0,unknown,250000.0,0,1,1,unknown
Marrakech,route_d_ourika,False,Maison,200.0,3.0,3.0,unknown,950000.0,0,1,1,unknown
Marrakech,targa,False,Maison,540.0,4.0,3.0,unknown,4360000.0,0,1,1,unknown
Marrakech,allal_el_fassi,False,Maison,96.0,4.0,2.0,unknown,2100000.0,0,1,1,unknown
Marrakech,route_de_ouarzazate,False,Maison,240.0,2.0,4.0,unknown,1200000.0,0,1,1,unknown
Marrakech,route_de_tamansourt,False,Maison,69.0,3.0,3.0,unknown,750000.0,0,1,1,unknown
Marrakech,route_d_amezmiz,False,Maison,310.0,7.0,4.0,unknown,1650000.0,0,1,1,unknown
Marrakech,m_hamid,False,Maison,120.0,4.0,2.0,unknown,1600000.0,0,1,1,unknown
Marrakech,m_hamid,False,Maison,100.0,6.0,2.0,unknown,1700000.0,0,1,1,unknown
Marrakech,m_hamid,False,Maison,100.0,6.0,3.0,unknown,1700000.0,0,1,1,unknown
Marrakech,el_moukef,False,Maison,65.0,6.0,2.0,unknown,1200000.0,0,1,1,unknown
Marrakech,sidi_youssef_ben_ali,False,Maison,257.0,6.0,3.0,unknown,3400000.0,0,1,1,unknown
Marrakech,route_d_amezmiz,False,Maison,700.0,6.0,1.0,unknown,3000000.0,0,1,1,unknown
Marrakech,route_d_ourika,False,Maison,100.0,2.0,1.0,unknown,350000.0,0,1,1,unknown
Marrakech,oued_ourika,False,Maison,380.0,3.0,2.0,unknown,1200000.0,0,1,1,unknown
Marrakech,autre_secteur,True,Maison,92.0,7.0,3.0,unknown,1550000.0,0,1,1,unknown
Marrakech,bab_doukkala,False,Maison,84.0,5.0,2.0,unknown,2500000.0,0,1,1,unknown
Marrakech,massira_1,False,Maison,560.0,8.0,3.0,unknown,3950000.0,0,1,1,unknown
Marrakech,route_de_ouarzazate,False,Maison,300.0,3.0,3.0,unknown,350000.0,0,1,1,unknown
Marrakech,autre_secteur,True,Maison,650.0,7.0,4.0,unknown,3200000.0,0,1,1,unknown
Marrakech,issil,False,Maison,366.0,8.0,3.0,unknown,2850000.0,0,1,1,unknown
Marrakech,route_d_agadir___essaouira,False,Maison,75.0,2.0,2.0,unknown,350000.0,0,1,1,unknown
Marrakech,hay_al_haouz,False,Maison,120.0,6.0,3.0,unknown,1200000.0,0,1,1,unknown
Marrakech,autre_secteur,True,Maison,100.0,3.0,2.0,unknown,1100000.0,0,1,1,unknown
Marrakech,kechich,False,Maison,78.0,4.0,2.0,unknown,1600000.0,0,1,1,unknown
Marrakech,m_hamid,False,Maison,358.0,7.0,3.0,unknown,2200000.0,0,1,1,unknown
Marrakech,route_d_ourika,False,Maison,136.0,6.0,3.0,unknown,1400000.0,0,1,1,unknown
Marrakech,m_hamid,False,Maison,70.0,3.0,1.0,unknown,430000.0,0,1,1,unknown
Marrakech,route_de_ouarzazate,False,Maison,50.0,2.0,1.0,unknown,250000.0,0,1,1,unknown
Marrakech,autre_secteur,True,Maison,58.0,3.0,3.0,unknown,600000.0,0,1,1,unknown
Marrakech,route_de_ouarzazate,False,Maison,1900.0,4.0,2.0,unknown,3500000.0,0,1,1,unknown
Marrakech,route_de_sidi_a._ghiat,False,Maison,200.0,2.0,1.0,unknown,370000.0,0,1,1,unknown
Marrakech,semlalia,False,Maison,115.0,3.0,2.0,unknown,1630000.0,0,1,1,unknown
Marrakech,ancienne_médina,False,Maison,84.0,6.0,3.0,unknown,1680000.0,0,1,1,unknown
Marrakech,massira_1,False,Maison,127.0,5.0,1.0,unknown,1100000.0,0,1,1,unknown
Marrakech,ancienne_médina,False,Maison,65.0,4.0,3.0,unknown,1350000.0,0,1,1,unknown
Marrakech,centre_ville,True,Maison,85.0,4.0,2.0,unknown,3000000.0,0,1,1,unknown
Marrakech,m_hamid,False,Maison,144.0,6.0,3.0,unknown,2700000.0,0,1,1,unknown
Marrakech,ain_mezouar,False,Maison,115.0,4.0,2.0,unknown,1600000.0,0,1,1,unknown
Marrakech,route_d_ourika,False,Maison,300.0,3.0,4.0,unknown,750000.0,0,1,1,unknown
Marrakech,route_d_ourika,False,Maison,200.0,2.0,3.0,unknown,900000.0,0,1,1,unknown
Marrakech,ancienne_médina,False,Maison,51.0,4.0,2.0,unknown,550000.0,0,1,1,unknown
Marrakech,azzouzia,False,Maison,109.0,4.0,2.0,unknown,2400000.0,0,1,1,unknown
Marrakech,sidi_ben_slimane_el_jazouli,False,Maison,200.0,4.0,4.0,unknown,1200000.0,0,1,1,unknown
Marrakech,autre_secteur,True,Maison,65.0,3.0,2.0,unknown,660000.0,0,1,1,unknown
Marrakech,agdal,False,Maison,110.0,8.0,3.0,unknown,1600000.0,0,1,1,unknown
Marrakech,daoudiate,False,Maison,102.0,7.0,4.0,unknown,1900000.0,0,1,1,unknown
Marrakech,azzouzia,False,Maison,109.0,4.0,1.0,unknown,2300000.0,0,1,1,unknown
Marrakech,route_de_ouarzazate,False,Maison,90.0,4.0,3.0,unknown,650000.0,0,1,1,unknown
Marrakech,m_hamid,False,Maison,120.0,4.0,2.0,unknown,1900000.0,0,1,1,unknown
Marrakech,route_de_ouarzazate,False,Maison,75.0,3.0,3.0,unknown,720000.0,0,1,1,unknown
Marrakech,targa,False,Maison,302.0,6.0,4.0,unknown,3400000.0,0,1,1,unknown
Marrakech,targa,False,Maison,60.0,2.0,1.0,unknown,550000.0,0,1,1,unknown
Marrakech,targa,False,Maison,400.0,5.0,4.0,unknown,4500000.0,0,1,1,unknown
Marrakech,hay_al_massar,False,Maison,205.0,12.0,5.0,unknown,3300000.0,0,1,1,unknown
Marrakech,daoudiate,False,Maison,100.0,1.0,0.0,unknown,2500000.0,0,1,1,unknown
Marrakech,azzouzia,False,Maison,75.0,5.0,3.0,unknown,1200000.0,0,1,1,unknown
Marrakech,sidi_youssef_ben_ali,False,Maison,115.0,4.0,2.0,unknown,1100000.0,0,1,1,unknown
Marrakech,route_de_casablanca,False,Maison,70.0,3.0,1.0,unknown,410000.0,0,1,1,unknown
Marrakech,route_de_casablanca,False,Maison,35.0,1.0,1.0,unknown,160000.0,0,1,1,unknown
Marrakech,autre_secteur,True,Maison,70.0,3.0,4.0,unknown,400000.0,0,1,1,unknown
Marrakech,autre_secteur,True,Maison,190.0,4.0,3.0,unknown,1100000.0,0,1,1,unknown
Marrakech,autre_secteur,True,Maison,79.0,3.0,2.0,unknown,1450000.0,0,1,1,unknown
Marrakech,massira_2,False,Maison,96.0,7.0,2.0,unknown,1400000.0,0,1,1,unknown
Marrakech,azli,False,Maison,127.0,4.0,3.0,unknown,2600000.0,0,1,1,unknown
Marrakech,agdal,False,Maison,400.0,3.0,2.0,unknown,4800000.0,0,1,1,unknown
Marrakech,daoudiate,False,Maison,57.0,3.0,2.0,unknown,1400000.0,0,1,1,unknown
Marrakech,agdal,False,Maison,400.0,4.0,3.0,unknown,4800000.0,0,1,1,unknown
Marrakech,autre_secteur,True,Maison,82.0,4.0,2.0,unknown,150000.0,0,1,1,unknown
Marrakech,inara,False,Maison,96.0,5.0,3.0,unknown,150000.0,0,1,1,unknown
Marrakech,ancienne_médina,False,Maison,60.0,2.0,3.0,unknown,1100000.0,0,1,1,unknown
Marrakech,mabrouka,False,Maison,100.0,1.0,0.0,unknown,500000.0,0,1,1,unknown
Marrakech,ben_saleh,False,Maison,290.0,7.0,2.0,unknown,2800000.0,0,1,1,unknown
Marrakech,autre_secteur,True,Maison,120.0,1.0,1.0,unknown,280000.0,0,1,1,unknown
Marrakech,agdal,False,Maison,400.0,3.0,3.0,unknown,4800000.0,0,1,1,unknown
Marrakech,route_d_ourika,False,Maison,145.0,8.0,6.0,unknown,2000000.0,0,1,1,unknown
Marrakech,hay_targa,False,Maison,220.0,4.0,2.0,unknown,1800000.0,0,1,1,unknown
Marrakech,m_hamid,False,Maison,121.0,7.0,3.0,unknown,1700000.0,0,1,1,unknown
Marrakech,m_hamid,False,Maison,86.0,4.0,1.0,unknown,1900000.0,0,1,1,unknown
Marrakech,route_d_ourika,False,Maison,260.0,8.0,4.0,unknown,660000.0,0,1,1,unknown
Marrakech,autre_secteur,True,Maison,98.0,3.0,2.0,unknown,450000.0,0,1,1,unknown
Marrakech,route_d_ourika,False,Maison,130.0,4.0,3.0,unknown,900000.0,0,1,1,unknown
Marrakech,route_de_ouarzazate,False,Maison,240.0,6.0,3.0,unknown,1100000.0,0,1,1,unknown
Marrakech,m_hamid,False,Maison,346.0,10.0,4.0,unknown,1450000.0,0,1,1,unknown
Marrakech,sidi_youssef_ben_ali,False,Maison,84.0,3.0,2.0,unknown,660000.0,0,1,1,unknown
Marrakech,route_d_ourika,False,Maison,360.0,2.0,1.0,unknown,750000.0,0,1,1,unknown
Marrakech,route_de_ouarzazate,False,Maison,200.0,4.0,2.0,unknown,400000.0,0,1,1,unknown
Marrakech,sidi_youssef_ben_ali,False,Maison,100.0,8.0,4.0,unknown,1500000.0,0,1,1,unknown
Marrakech,es_saada,False,Maison,67.0,2.0,1.0,unknown,280000.0,0,1,1,unknown
Marrakech,m_hamid,False,Maison,80.0,5.0,2.0,unknown,1600000.0,0,1,1,unknown
Marrakech,hay_charaf,False,Maison,339.0,7.0,4.0,unknown,2800000.0,0,1,1,unknown
Marrakech,m_hamid,False,Maison,90.0,6.0,3.0,unknown,1750000.0,0,1,1,unknown
Marrakech,socoma,False,Maison,250.0,10.0,3.0,unknown,3000000.0,0,1,1,unknown
Marrakech,m_hamid,False,Maison,60.0,5.0,2.0,unknown,860000.0,0,1,1,unknown
Marrakech,route_de_tahanaoute,False,Maison,125.0,1.0,1.0,unknown,200000.0,0,1,1,unknown
Marrakech,autre_secteur,True,Maison,104.0,4.0,2.0,unknown,730000.0,0,1,1,unknown
Marrakech,bouaakkaz,False,Maison,252.0,6.0,1.0,unknown,1000000.0,0,1,1,unknown
Marrakech,route_de_tahanaoute,False,Maison,178.0,1.0,0.0,unknown,500000.0,0,1,1,unknown
Marrakech,bab_aylan,False,Maison,86.0,4.0,2.0,unknown,1400000.0,0,1,1,unknown
Marrakech,ancienne_médina,False,Maison,102.0,8.0,1.0,unknown,2600000.0,0,1,1,unknown
Marrakech,socoma,False,Maison,308.0,2.0,1.0,unknown,1200000.0,0,1,1,unknown
Marrakech,route_de_tamansourt,False,Maison,200.0,4.0,3.0,unknown,860000.0,0,1,1,unknown
Marrakech,autre_secteur,True,Maison,38.0,1.0,1.0,unknown,340000.0,0,1,1,unknown
Marrakech,sofia,False,Maison,85.0,4.0,3.0,unknown,2000000.0,0,1,1,unknown
Marrakech,ancienne_médina,False,Maison,70.0,4.0,1.0,unknown,1200000.0,0,1,1,unknown
Marrakech,route_de_tamansourt,False,Maison,72.0,5.0,5.0,unknown,980000.0,0,1,1,unknown
Marrakech,massira,False,Maison,100.0,4.0,3.0,unknown,1400000.0,0,1,1,unknown
Marrakech,azli,False,Maison,90.0,10.0,6.0,unknown,1450000.0,0,1,1,unknown
Marrakech,afaq,False,Maison,80.0,3.0,2.0,unknown,300000.0,0,1,1,unknown
Marrakech,m_hamid,False,Maison,108.0,4.0,2.0,unknown,1280000.0,0,1,1,unknown
Marrakech,azzouzia,False,Maison,230.0,4.0,3.0,unknown,1800000.0,0,1,1,unknown
Marrakech,agdal,False,Maison,560.0,4.0,6.0,unknown,13500000.0,0,1,1,unknown
Marrakech,route_de_casablanca,False,Maison,105.0,5.0,3.0,unknown,1400000.0,0,1,1,unknown
Marrakech,hay_targa,False,Maison,85.0,4.0,3.0,unknown,2000000.0,0,1,1,unknown
Marrakech,m_hamid,False,Maison,110.0,3.0,2.0,unknown,1280000.0,0,1,1,unknown
Marrakech,m_hamid,False,Maison,113.0,4.0,2.0,unknown,1500000.0,0,1,1,unknown
Marrakech,sidi_abdellah_ghiat,False,Maison,1200.0,3.0,2.0,unknown,2500000.0,0,1,1,unknown
Marrakech,massira_1,False,Maison,150.0,6.0,2.0,unknown,2350000.0,0,1,1,unknown
Marrakech,route_de_sidi_a._ghiat,False,Maison,1400.0,3.0,2.0,unknown,1900000.0,0,1,1,unknown
Marrakech,m_hamid,False,Maison,60.0,1.0,1.0,unknown,100000.0,0,1,1,unknown
Marrakech,bab_ghmat,False,Maison,100.0,6.0,2.0,unknown,1700000.0,0,1,1,unknown
Marrakech,m_hamid,False,Maison,135.0,4.0,2.0,unknown,960000.0,0,1,1,unknown
Marrakech,route_de_fès,False,Maison,107.0,4.0,2.0,unknown,600000.0,0,1,1,unknown
Marrakech,afaq,False,Maison,92.0,5.0,3.0,unknown,1120000.0,0,1,1,unknown
Marrakech,route_d_amezmiz,False,Maison,130.0,3.0,2.0,unknown,1900000.0,0,1,1,unknown
Marrakech,sidi_youssef_ben_ali,False,Maison,81.0,6.0,3.0,unknown,1100000.0,0,1,1,unknown
Marrakech,route_de_casablanca,False,Maison,480.0,7.0,4.0,unknown,1650000.0,0,1,1,unknown
Marrakech,sidi_youssef_ben_ali,False,Maison,100.0,7.0,3.0,unknown,1400000.0,0,1,1,unknown
Marrakech,m_hamid,False,Maison,80.0,5.0,3.0,unknown,1650000.0,0,1,1,unknown
Marrakech,autre_secteur,True,Maison,263.0,5.0,3.0,unknown,1300000.0,0,1,1,unknown
Marrakech,hay_al_hassani,False,Maison,154.0,13.0,4.0,unknown,1800000.0,0,1,1,unknown
Marrakech,m_hamid,False,Maison,150.0,8.0,8.0,unknown,2800000.0,0,1,1,unknown
Marrakech,route_d_agadir___essaouira,False,Maison,70.0,2.0,1.0,unknown,150000.0,0,1,1,unknown
Marrakech,m_hamid,False,Maison,107.0,7.0,3.0,unknown,2040000.0,0,1,1,unknown
Marrakech,bab_doukkala,False,Maison,85.0,4.0,1.0,unknown,1400000.0,0,1,1,unknown
Marrakech,m_hamid,False,Maison,235.0,2.0,3.0,unknown,1400000.0,0,1,1,unknown
Marrakech,m_hamid,False,Maison,120.0,6.0,3.0,unknown,1850000.0,0,1,1,unknown
Marrakech,route_de_casablanca,False,Maison,300.0,3.0,2.0,unknown,4800000.0,0,1,1,unknown
Marrakech,route_d_ourika,False,Maison,450.0,4.0,3.0,unknown,800000.0,0,1,1,unknown
Marrakech,sidi_youssef_ben_ali,False,Maison,146.0,6.0,3.0,unknown,1500000.0,0,1,1,unknown
Marrakech,rouidat,False,Maison,201.0,8.0,4.0,unknown,2600000.0,0,1,1,unknown
Marrakech,sidi_youssef_ben_ali,False,Maison,120.0,4.0,2.0,unknown,900000.0,0,1,1,unknown
Marrakech,m_hamid,False,Maison,120.0,3.0,0.0,unknown,210000.0,0,1,1,unknown
Marrakech,daoudiate,False,Maison,100.0,4.0,2.0,unknown,1600000.0,0,1,1,unknown
Marrakech,m_hamid,False,Maison,80.0,5.0,3.0,unknown,1800000.0,0,1,1,unknown
Marrakech,route_de_fès,False,Maison,250.0,6.0,7.0,unknown,2500000.0,0,1,1,unknown
Marrakech,iziki,False,Maison,96.0,2.0,0.0,unknown,500000.0,0,1,1,unknown
Marrakech,route_d_ourika,False,Maison,200.0,3.0,2.0,unknown,500000.0,0,1,1,unknown
Marrakech,route_d_ourika,False,Maison,400.0,3.0,2.0,unknown,4600000.0,0,1,1,unknown
Marrakech,massira_2,False,Maison,90.0,6.0,5.0,unknown,2200000.0,0,1,1,unknown
Marrakech,route_de_tahanaoute,False,Maison,178.0,3.0,1.0,unknown,500000.0,0,1,1,unknown
Marrakech,michouar,False,Maison,85.0,5.0,2.0,unknown,1300000.0,0,1,1,unknown
Marrakech,route_de_casablanca,False,Maison,108.0,2.0,1.0,unknown,660000.0,0,1,1,unknown
Marrakech,ain_mezouar,False,Maison,106.0,6.0,2.0,unknown,580000.0,0,1,1,unknown
Marrakech,daoudiate,False,Maison,243.0,6.0,2.0,unknown,4600000.0,0,1,1,unknown
Marrakech,route_de_tamansourt,False,Maison,80.0,4.0,2.0,unknown,1400000.0,0,1,1,unknown
Marrakech,massira_1,False,Maison,72.0,4.0,2.0,unknown,1200000.0,0,1,1,unknown
Marrakech,autre_secteur,True,Maison,56.0,2.0,1.0,unknown,300000.0,0,1,1,unknown
Marrakech,route_d_ourika,False,Maison,200.0,4.0,2.0,unknown,700000.0,0,1,1,unknown
Marrakech,afaq,False,Maison,60.0,5.0,1.0,unknown,310000.0,0,1,1,unknown
Marrakech,av_mohammed_vi,False,Maison,110.0,3.0,2.0,unknown,2850000.0,0,1,1,unknown
Marrakech,route_d_ourika,False,Maison,294.0,7.0,3.0,unknown,1470000.0,0,1,1,unknown
Marrakech,route_de_tahanaoute,False,Maison,100.0,3.0,2.0,unknown,1380000.0,0,1,1,unknown
Marrakech,route_de_safi,False,Maison,74.0,5.0,3.0,unknown,1300000.0,0,1,1,unknown
Marrakech,route_d_ourika,False,Maison,200.0,3.0,3.0,unknown,750000.0,0,1,1,unknown
Marrakech,sanaoubar,False,Maison,82.0,5.0,2.0,unknown,2100000.0,0,1,1,unknown
Marrakech,hay_annahda,False,Maison,144.0,6.0,4.0,unknown,2600000.0,0,1,1,unknown
Marrakech,bab_aylan,False,Maison,160.0,3.0,2.0,unknown,1400000.0,0,1,1,unknown
Marrakech,socoma,False,Maison,96.0,4.0,4.0,unknown,1400000.0,0,1,1,unknown
Marrakech,bab_aylan,False,Maison,452.0,5.0,5.0,unknown,4200000.0,0,1,1,unknown
Marrakech,m_hamid,False,Maison,80.0,3.0,3.0,unknown,2120000.0,0,1,1,unknown
Marrakech,daoudiate,False,Maison,62.0,7.0,4.0,unknown,800000.0,0,1,1,unknown
Marrakech,bab_ghmat,False,Maison,125.0,5.0,3.0,unknown,1800000.0,0,1,1,unknown
Marrakech,route_de_safi,False,Maison,260.0,4.0,5.0,unknown,900000.0,0,1,1,unknown
Marrakech,route_de_lalla_takerkoust,False,Maison,150.0,3.0,3.0,unknown,1000000.0,0,1,1,unknown
Marrakech,massar,False,Maison,56.0,5.0,3.0,unknown,1150000.0,0,1,1,unknown
Marrakech,autre_secteur,True,Maison,80.0,4.0,2.0,unknown,850000.0,0,1,1,unknown
Marrakech,route_d_ourika,False,Maison,220.0,3.0,1.0,unknown,300000.0,0,1,1,unknown
Marrakech,m_hamid,False,Maison,135.0,5.0,2.0,unknown,1900000.0,0,1,1,unknown
Marrakech,m_hamid,False,Maison,90.0,5.0,3.0,unknown,1600000.0,0,1,1,unknown
Marrakech,bouaakkaz,False,Maison,80.0,4.0,2.0,unknown,1500000.0,0,1,1,unknown
Marrakech,route_d_amezmiz,False,Maison,781.0,4.0,4.0,unknown,1450000.0,0,1,1,unknown
Marrakech,route_de_ouarzazate,False,Maison,100.0,3.0,2.0,unknown,1100000.0,0,1,1,unknown
Marrakech,iziki,False,Maison,78.0,3.0,1.0,unknown,600000.0,0,1,1,unknown
Marrakech,m_hamid,False,Maison,200.0,2.0,2.0,unknown,2300000.0,0,1,1,unknown
Marrakech,sidi_youssef_ben_ali,False,Maison,60.0,4.0,3.0,unknown,145000.0,0,1,1,unknown
Marrakech,m_hamid,False,Maison,80.0,4.0,2.0,unknown,2600000.0,0,1,1,unknown
Marrakech,route_de_tamansourt,False,Maison,220.0,4.0,5.0,unknown,1000000.0,0,1,1,unknown
Marrakech,azzouzia,False,Maison,112.0,4.0,3.0,unknown,2200000.0,0,1,1,unknown
Marrakech,afaq,False,Maison,92.0,4.0,2.0,unknown,720000.0,0,1,1,unknown
Marrakech,annakhil,False,Maison,100.0,4.0,2.0,unknown,2600000.0,0,1,1,unknown
Marrakech,route_de_fès,False,Maison,278.0,2.0,2.0,unknown,2600000.0,0,1,1,unknown
Marrakech,route_de_casablanca,False,Maison,100.0,8.0,4.0,unknown,995000.0,0,1,1,unknown
Marrakech,ancienne_médina,False,Maison,340.0,8.0,2.0,unknown,1700000.0,0,1,1,unknown
Marrakech,bab_ighli,False,Maison,100.0,5.0,2.0,unknown,2400000.0,0,1,1,unknown
Marrakech,m_hamid,False,Maison,60.0,2.0,1.0,unknown,460000.0,0,1,1,unknown
Marrakech,daoudiate,False,Maison,60.0,6.0,3.0,unknown,1000000.0,0,1,1,unknown
Marrakech,route_d_ourika,False,Maison,60.0,3.0,1.0,unknown,370000.0,0,1,1,unknown
Marrakech,oued_ourika,False,Maison,70.0,4.0,1.0,unknown,400000.0,0,1,1,unknown
Marrakech,daoudiate,False,Maison,54.0,3.0,3.0,unknown,780000.0,0,1,1,unknown
Marrakech,bouaakkaz,False,Maison,80.0,4.0,2.0,unknown,1300000.0,0,1,1,unknown
Marrakech,route_de_safi,False,Maison,390.0,6.0,4.0,unknown,4200000.0,0,1,1,unknown
Marrakech,iziki,False,Maison,50.0,2.0,1.0,unknown,500000.0,0,1,1,unknown
Marrakech,route_d_ourika,False,Maison,500.0,4.0,5.0,unknown,6400000.0,0,1,1,unknown
Marrakech,autre_secteur,True,Maison,40.0,1.0,1.0,unknown,280000.0,0,1,1,unknown
Marrakech,route_de_tahanaoute,False,Maison,1400.0,2.0,2.0,unknown,3000000.0,0,1,1,unknown
Marrakech,guéliz,False,Maison,370.0,8.0,4.0,unknown,1890000.0,0,1,1,unknown
Marrakech,autre_secteur,True,Maison,87.0,6.0,2.0,unknown,1600000.0,0,1,1,unknown
Marrakech,route_d_amezmiz,False,Maison,49.0,1.0,0.0,unknown,320000.0,0,1,1,unknown
Marrakech,massira,False,Maison,85.0,4.0,2.0,unknown,2000000.0,0,1,1,unknown
Marrakech,route_de_tahanaoute,False,Maison,85.0,2.0,1.0,unknown,160000.0,0,1,1,unknown
Marrakech,m_hamid,False,Maison,87.0,8.0,4.0,unknown,1500000.0,0,1,1,unknown
Marrakech,route_de_ouarzazate,False,Maison,100.0,3.0,1.0,unknown,360000.0,0,1,1,unknown
Marrakech,route_de_safi,False,Maison,390.0,6.0,4.0,unknown,3900000.0,0,1,1,unknown
Marrakech,sidi_abbad,False,Maison,150.0,6.0,4.0,unknown,1900000.0,0,1,1,unknown
Marrakech,route_d_agadir___essaouira,False,Maison,86.0,2.0,1.0,unknown,180000.0,0,1,1,unknown
Marrakech,daoudiate,False,Maison,81.0,8.0,3.0,unknown,1600000.0,0,1,1,unknown
Marrakech,sidi_youssef_ben_ali,False,Maison,42.0,2.0,2.0,unknown,760000.0,0,1,1,unknown
Marrakech,route_de_tahanaoute,False,Maison,100.0,2.0,1.0,unknown,180000.0,0,1,1,unknown
Marrakech,m_hamid,False,Maison,85.0,5.0,2.0,unknown,1400000.0,0,1,1,unknown
Marrakech,m_hamid,False,Maison,204.0,2.0,1.0,unknown,540000.0,0,1,1,unknown
Marrakech,ancienne_médina,False,Maison,54.0,4.0,3.0,unknown,540000.0,0,1,1,unknown
Marrakech,route_de_sidi_a._ghiat,False,Maison,50.0,4.0,1.0,unknown,170000.0,0,1,1,unknown
Marrakech,m_hamid,False,Maison,115.0,9.0,3.0,unknown,1400000.0,0,1,1,unknown
Marrakech,sidi_abbad,False,Maison,101.0,6.0,3.0,unknown,2600000.0,0,1,1,unknown
Marrakech,m_hamid,False,Maison,100.0,6.0,2.0,unknown,2000000.0,0,1,1,unknown
Marrakech,route_d_ourika,False,Maison,122.0,6.0,3.0,unknown,1800000.0,0,1,1,unknown
Marrakech,autre_secteur,True,Maison,80.0,4.0,2.0,unknown,2300000.0,0,1,1,unknown
Marrakech,azzouzia,False,Maison,75.0,3.0,3.0,unknown,1100000.0,0,1,1,unknown
Marrakech,m_hamid,False,Maison,312.0,6.0,4.0,unknown,1600000.0,0,1,1,unknown
Marrakech,route_de_casablanca,False,Maison,140.0,4.0,2.0,unknown,1200000.0,0,1,1,unknown
Marrakech,route_de_tamansourt,False,Maison,72.0,4.0,3.0,unknown,900000.0,0,1,1,unknown
Marrakech,route_de_ouarzazate,False,Maison,200.0,3.0,1.0,unknown,550000.0,0,1,1,unknown
Marrakech,m_hamid,False,Maison,170.0,4.0,2.0,unknown,1400000.0,0,1,1,unknown
Marrakech,centre_ville,True,Maison,100.0,3.0,3.0,unknown,1500000.0,0,1,1,unknown
Marrakech,m_hamid,False,Maison,70.0,4.0,2.0,unknown,1800000.0,0,1,1,unknown
Marrakech,route_de_tamansourt,False,Maison,72.0,6.0,3.0,unknown,960000.0,0,1,1,unknown
Marrakech,m_hamid,False,Maison,95.0,5.0,4.0,unknown,2300000.0,0,1,1,unknown
Marrakech,autre_secteur,True,Maison,100.0,4.0,2.0,unknown,140000.0,0,1,1,unknown
Marrakech,assouel,False,Maison,81.0,5.0,3.0,unknown,2500000.0,0,1,1,unknown
Marrakech,route_de_casablanca,False,Maison,118.0,5.0,4.0,unknown,2600000.0,0,1,1,unknown
Marrakech,route_de_ouarzazate,False,Maison,60.0,4.0,3.0,unknown,400000.0,0,1,1,unknown
Marrakech,m_hamid,False,Maison,90.0,5.0,3.0,unknown,2600000.0,0,1,1,unknown
Marrakech,m_hamid,False,Maison,120.0,7.0,4.0,unknown,1680000.0,0,1,1,unknown
Marrakech,hay_massira,False,Maison,138.0,9.0,2.0,unknown,2000000.0,0,1,1,unknown
Marrakech,ain_mezouar,False,Maison,106.0,7.0,2.0,unknown,500000.0,0,1,1,unknown
Marrakech,bab_doukkala,False,Maison,200.0,4.0,2.0,unknown,6000000.0,0,1,1,unknown
Marrakech,route_d_ourika,False,Maison,70.0,4.0,1.0,unknown,300000.0,0,1,1,unknown
Marrakech,daoudiate,False,Maison,100.0,9.0,2.0,unknown,1500000.0,0,1,1,unknown
Marrakech,agdal,False,Maison,200.0,1.0,1.0,unknown,3800000.0,0,1,1,unknown
Marrakech,route_d_agadir___essaouira,False,Maison,220.0,3.0,3.0,unknown,370000.0,0,1,1,unknown
Marrakech,sidi_youssef_ben_ali,False,Maison,90.0,6.0,4.0,unknown,1600000.0,0,1,1,unknown
Marrakech,route_d_agadir___essaouira,False,Maison,300.0,4.0,2.0,unknown,2200000.0,0,1,1,unknown
Marrakech,m_hamid,False,Maison,344.0,6.0,3.0,unknown,1600000.0,0,1,1,unknown
Marrakech,autre_secteur,True,Maison,244.0,3.0,3.0,unknown,650000.0,0,1,1,unknown
Marrakech,m_hamid,False,Maison,101.0,8.0,3.0,unknown,1760000.0,0,1,1,unknown
Marrakech,daoudiate,False,Maison,150.0,5.0,2.0,unknown,2200000.0,0,1,1,unknown
Marrakech,hay_al_hassani,False,Maison,110.0,8.0,1.0,unknown,900000.0,0,1,1,unknown
Marrakech,route_de_ouarzazate,False,Maison,108.0,2.0,2.0,unknown,370000.0,0,1,1,unknown
Marrakech,issil,False,Maison,350.0,8.0,3.0,unknown,2800000.0,0,1,1,unknown
Marrakech,route_d_ourika,False,Maison,85.0,2.0,1.0,unknown,1400000.0,0,1,1,unknown
Marrakech,targa,False,Maison,389.0,4.0,5.0,unknown,6200000.0,0,1,1,unknown
Marrakech,route_de_ouarzazate,False,Maison,76.0,2.0,1.0,unknown,210000.0,0,1,1,unknown
Marrakech,bab_lhmar,False,Maison,72.0,4.0,2.0,unknown,1800000.0,0,1,1,unknown
Marrakech,es_saada,False,Maison,50.0,1.0,1.0,unknown,120000.0,0,1,1,unknown
Marrakech,autre_secteur,True,Maison,130.0,7.0,4.0,unknown,1500000.0,0,1,1,unknown
Marrakech,azzouzia,False,Maison,75.0,4.0,2.0,unknown,1600000.0,0,1,1,unknown
Marrakech,targa,False,Maison,270.0,4.0,4.0,unknown,2000000.0,0,1,1,unknown
Marrakech,hay_al_hassani,False,Maison,160.0,11.0,6.0,unknown,2600000.0,0,1,1,unknown
Marrakech,route_de_fès,False,Maison,84.0,8.0,2.0,unknown,1200000.0,0,1,1,unknown
Marrakech,azzouzia,False,Maison,237.0,4.0,3.0,unknown,1600000.0,0,1,1,unknown
Marrakech,m_hamid,False,Maison,96.0,4.0,4.0,unknown,2200000.0,0,1,1,unknown
Marrakech,m_hamid,False,Maison,157.0,7.0,4.0,unknown,2600000.0,0,1,1,unknown
Marrakech,autre_secteur,True,Maison,200.0,4.0,2.0,unknown,390000.0,0,1,1,unknown
Marrakech,m_hamid,False,Maison,120.0,6.0,3.0,unknown,2100000.0,0,1,1,unknown
Marrakech,hay_al_hassani,False,Maison,74.0,4.0,2.0,unknown,1200000.0,0,1,1,unknown
Marrakech,m_hamid,False,Maison,170.0,4.0,2.0,unknown,930000.0,0,1,1,unknown
Marrakech,sidi_youssef_ben_ali,False,Maison,280.0,1.0,2.0,unknown,5800000.0,0,1,1,unknown
Marrakech,route_de_casablanca,False,Maison,89.0,4.0,3.0,unknown,1760000.0,0,1,1,unknown
Marrakech,autre_secteur,True,Maison,120.0,2.0,1.0,unknown,190000.0,0,1,1,unknown
Marrakech,ancienne_médina,False,Maison,70.0,5.0,3.0,unknown,1600000.0,0,1,1,unknown
Marrakech,route_de_sidi_a._ghiat,False,Maison,70.0,2.0,3.0,unknown,660000.0,0,1,1,unknown
Marrakech,route_d_ourika,False,Maison,160.0,4.0,4.0,unknown,1800000.0,0,1,1,unknown
Marrakech,route_de_tamansourt,False,Maison,78.0,8.0,4.0,unknown,1600000.0,0,1,1,unknown
Marrakech,m_hamid,False,Maison,96.0,3.0,2.0,unknown,1600000.0,0,1,1,unknown
Marrakech,m_hamid,False,Maison,250.0,5.0,3.0,unknown,1400000.0,0,1,1,unknown
Marrakech,ancienne_médina,False,Maison,60.0,3.0,2.0,unknown,700000.0,0,1,1,unknown
Marrakech,hay_izdihar,False,Maison,79.0,5.0,2.0,unknown,1800000.0,0,1,1,unknown
Marrakech,sidi_abbad,False,Maison,151.0,6.0,3.0,unknown,2600000.0,0,1,1,unknown
Marrakech,khénifra,False,Maison,60.0,2.0,2.0,unknown,420000.0,0,1,1,unknown
Marrakech,khénifra,False,Maison,60.0,4.0,2.0,unknown,400000.0,0,1,1,unknown
Settat,settat,False,Maison,120.0,3.0,2.0,unknown,800000.0,0,1,1,unknown
Marrakech,autre_secteur,True,Maison,64.0,2.0,2.0,unknown,540000.0,0,1,1,unknown
Marrakech,autre_secteur,True,Maison,120.0,7.0,1.0,unknown,1350000.0,0,1,1,unknown
Marrakech,tassila,False,Maison,350.0,5.0,4.0,unknown,5000000.0,0,1,1,unknown
Marrakech,al_wifaq,False,Maison,144.0,4.0,4.0,unknown,4000000.0,0,1,1,unknown
Marrakech,zone_industrielle_agadir,False,Maison,73.0,4.0,2.0,unknown,600000.0,0,1,1,unknown
Marrakech,centre_ville,True,Maison,80.0,2.0,1.0,unknown,1400000.0,0,1,1,unknown
Marrakech,anza,False,Maison,80.0,4.0,2.0,unknown,1700000.0,0,1,1,unknown
Marrakech,cité_adrar,False,Maison,80.0,4.0,2.0,unknown,2200000.0,0,1,1,unknown
Marrakech,tilila,False,Maison,112.0,5.0,3.0,unknown,3000000.0,0,1,1,unknown
Marrakech,béni_mellal,False,Maison,200.0,5.0,3.0,unknown,1200000.0,0,1,1,unknown
Marrakech,hay_salam,False,Maison,100.0,4.0,4.0,unknown,2600000.0,0,1,1,unknown
Marrakech,khénifra,False,Maison,95.0,7.0,4.0,unknown,1460000.0,0,1,1,unknown
Marrakech,khénifra,False,Maison,209.0,4.0,2.0,unknown,900000.0,0,1,1,unknown
Marrakech,autre_secteur,True,Maison,314.0,5.0,3.0,unknown,3150000.0,0,1,1,unknown
Marrakech,taddart_anza,False,Maison,73.0,4.0,3.0,unknown,1070000.0,0,1,1,unknown
Marrakech,anza,False,Maison,100.0,5.0,3.0,unknown,220000.0,0,1,1,unknown
Marrakech,béni_mellal,False,Maison,80.0,3.0,1.0,unknown,660000.0,0,1,1,unknown
Marrakech,riad_salam,False,Maison,109.0,4.0,2.0,unknown,1900000.0,0,1,1,unknown
Marrakech,autre_secteur,True,Maison,80.0,5.0,6.0,unknown,1900000.0,0,1,1,unknown
Marrakech,béni_mellal,False,Maison,606.0,3.0,2.0,unknown,950000.0,0,1,1,unknown
Marrakech,zone_industrielle_agadir,False,Maison,100.0,6.0,2.0,unknown,3000000.0,0,1,1,unknown
Marrakech,khénifra,False,Maison,687.0,7.0,2.0,unknown,700000.0,0,1,1,unknown
Marrakech,khénifra,False,Maison,200.0,2.0,2.0,unknown,500000.0,0,1,1,unknown
Marrakech,autre_secteur,True,Maison,80.0,8.0,3.0,unknown,1900000.0,0,1,1,unknown
Marrakech,tamraght,False,Maison,70.0,6.0,2.0,unknown,1250000.0,0,1,1,unknown
Marrakech,al_wifaq,False,Maison,339.0,7.0,4.0,unknown,2400000.0,0,1,1,unknown
Marrakech,khénifra,False,Maison,88.0,6.0,3.0,unknown,520000.0,0,1,1,unknown
Marrakech,autre_secteur,True,Maison,225.0,9.0,5.0,unknown,1500000.0,0,1,1,unknown
Marrakech,al_wifaq,False,Maison,144.0,9.0,3.0,unknown,3800000.0,0,1,1,unknown
Marrakech,tamraght,False,Maison,200.0,10.0,5.0,unknown,1400000.0,0,1,1,unknown
Marrakech,tamraght,False,Maison,190.0,11.0,4.0,unknown,1850000.0,0,1,1,unknown
Marrakech,agadir_oufella,False,Maison,200.0,6.0,3.0,unknown,1580000.0,0,1,1,unknown
Marrakech,khénifra,False,Maison,60.0,5.0,2.0,unknown,400000.0,0,1,1,unknown
Marrakech,taddart_anza,False,Maison,40.0,4.0,2.0,unknown,420000.0,0,1,1,unknown
Marrakech,bouargane,False,Maison,90.0,4.0,2.0,unknown,1600000.0,0,1,1,unknown
Marrakech,ouarzazate,False,Maison,136.0,3.0,3.0,unknown,650000.0,0,1,1,unknown
Marrakech,ahl_agadir,False,Maison,150.0,2.0,2.0,unknown,1750000.0,0,1,1,unknown
Marrakech,tamraght,False,Maison,106.0,2.0,2.0,unknown,940000.0,0,1,1,unknown
Marrakech,chbanat,False,Maison,100.0,3.0,2.0,unknown,800000.0,0,1,1,unknown
Tanger,benkirane,False,Maison,60.0,1.0,2.0,unknown,700000.0,0,1,1,unknown
Tanger,autre_secteur,True,Maison,136.0,5.0,3.0,unknown,1500000.0,0,1,1,unknown
Tanger,aouama_gharbia,False,Maison,90.0,4.0,2.0,unknown,1850000.0,0,1,1,unknown
Tanger,autre_secteur,True,Maison,557.0,5.0,3.0,unknown,1600000.0,0,1,1,unknown
Tanger,casabarata,False,Maison,40.0,4.0,4.0,unknown,950000.0,0,1,1,unknown
Tanger,ben_dibane,False,Maison,160.0,6.0,3.0,unknown,3500000.0,0,1,1,unknown
Tanger,autre_secteur,True,Maison,165.0,2.0,2.0,unknown,2500000.0,0,1,1,unknown
Tanger,autre_secteur,True,Maison,120.0,4.0,4.0,unknown,3300000.0,0,1,1,unknown
Tanger,autre_secteur,True,Maison,287.0,6.0,3.0,unknown,1900000.0,0,1,1,unknown
Tanger,castilla,False,Maison,460.0,8.0,3.0,unknown,8400000.0,0,1,1,unknown
Tanger,autre_secteur,True,Maison,50.0,2.0,4.0,unknown,1000000.0,0,1,1,unknown
Tanger,mesnana,False,Maison,93.0,2.0,1.0,unknown,1050000.0,0,1,1,unknown
Tanger,autre_secteur,True,Maison,300.0,5.0,3.0,unknown,3100000.0,0,1,1,unknown
Tanger,aouama_gharbia,False,Maison,90.0,4.0,2.0,unknown,1900000.0,0,1,1,unknown
Tanger,autre_secteur,True,Maison,200.0,6.0,3.0,unknown,1350000.0,0,1,1,unknown
Tanger,tanja_balia,False,Maison,100.0,3.0,2.0,unknown,1500000.0,0,1,1,unknown
Tanger,marjane,False,Maison,93.0,2.0,1.0,unknown,810000.0,0,1,1,unknown
Tanger,tanja_balia,False,Maison,85.0,9.0,1.0,unknown,3500000.0,0,1,1,unknown
Tanger,drissia,False,Maison,485.0,7.0,4.0,unknown,3200000.0,0,1,1,unknown
Tanger,drissia,False,Maison,431.0,7.0,4.0,unknown,3300000.0,0,1,1,unknown
Tanger,aouama_gharbia,False,Maison,592.0,2.0,2.0,unknown,4900000.0,0,1,1,unknown
Tanger,autre_secteur,True,Maison,173.0,4.0,3.0,unknown,1630000.0,0,1,1,unknown
Tanger,aouama_gharbia,False,Maison,50.0,2.0,1.0,unknown,500000.0,0,1,1,unknown
Tanger,aouama_gharbia,False,Maison,82.0,2.0,2.0,unknown,450000.0,0,1,1,unknown
Tanger,beni_makada_lakdima,False,Maison,280.0,5.0,3.0,unknown,1515000.0,0,1,1,unknown
Tanger,autre_secteur,True,Maison,300.0,7.0,4.0,unknown,3050000.0,0,1,1,unknown
Tanger,autre_secteur,True,Maison,700.0,6.0,5.0,unknown,3500000.0,0,1,1,unknown
Tanger,drissia,False,Maison,170.0,11.0,3.0,unknown,3500000.0,0,1,1,unknown
Tanger,autre_secteur,True,Maison,276.0,1.0,2.0,unknown,900000.0,0,1,1,unknown
Tanger,autre_secteur,True,Maison,320.0,4.0,3.0,unknown,2380000.0,0,1,1,unknown
Tanger,mesnana,False,Maison,100.0,3.0,3.0,unknown,3700000.0,0,1,1,unknown
Tanger,casabarata,False,Maison,50.0,4.0,3.0,unknown,1400000.0,0,1,1,unknown
Tanger,boukhalef,False,Maison,77.0,4.0,3.0,unknown,1600000.0,0,1,1,unknown
Tanger,branes_2,False,Maison,100.0,6.0,4.0,unknown,2800000.0,0,1,1,unknown
Tanger,mghogha,False,Maison,70.0,5.0,3.0,unknown,795000.0,0,1,1,unknown
Tanger,benkirane,False,Maison,55.0,2.0,1.0,unknown,1000000.0,0,1,1,unknown
Tanger,beni_said,False,Maison,66.0,2.0,1.0,unknown,950000.0,0,1,1,unknown
Tanger,drissia,False,Maison,105.0,5.0,4.0,unknown,2000000.0,0,1,1,unknown
Tanger,aouama_gharbia,False,Maison,80.0,2.0,1.0,unknown,1780000.0,0,1,1,unknown
Tanger,tanja_balia,False,Maison,250.0,4.0,4.0,unknown,1550000.0,0,1,1,unknown
Tanger,ziatene,False,Maison,51.0,2.0,2.0,unknown,610000.0,0,1,1,unknown
Tanger,aouama_gharbia,False,Maison,40.0,2.0,1.0,unknown,380000.0,0,1,1,unknown
Tanger,drissia,False,Maison,320.0,5.0,2.0,unknown,3750000.0,0,1,1,unknown
Tanger,autre_secteur,True,Maison,100.0,2.0,1.0,unknown,1800000.0,0,1,1,unknown
Tanger,beni_makada_lakdima,False,Maison,133.0,2.0,1.0,unknown,1900000.0,0,1,1,unknown
Tanger,autre_secteur,True,Maison,114.0,7.0,4.0,unknown,3500000.0,0,1,1,unknown
Tanger,ben_dibane,False,Maison,55.0,1.0,1.0,unknown,800000.0,0,1,1,unknown
Tanger,autre_secteur,True,Maison,220.0,3.0,2.0,unknown,750000.0,0,1,1,unknown
Tanger,benkirane,False,Maison,60.0,4.0,4.0,unknown,1380000.0,0,1,1,unknown
Tanger,drissia,False,Maison,110.0,5.0,3.0,unknown,2000000.0,0,1,1,unknown
Tanger,ben_dibane,False,Maison,80.0,2.0,3.0,unknown,175000.0,0,1,1,unknown
Tanger,centre_ville,True,Maison,111.0,6.0,2.0,unknown,1600000.0,0,1,1,unknown
Tanger,drissia,False,Maison,600.0,8.0,8.0,unknown,6850000.0,0,1,1,unknown
Tanger,centre_ville,True,Maison,110.0,6.0,5.0,unknown,2200000.0,0,1,1,unknown
Tanger,aouama_gharbia,False,Maison,65.0,6.0,2.0,unknown,120000.0,0,1,1,unknown
Tanger,mghogha,False,Maison,350.0,5.0,3.0,unknown,2250000.0,0,1,1,unknown
Tanger,hay_al_bassatine,False,Maison,74.0,2.0,1.0,unknown,900000.0,0,1,1,unknown
Tanger,tanja_balia,False,Maison,90.0,6.0,3.0,unknown,3000000.0,0,1,1,unknown
Tanger,autre_secteur,True,Maison,300.0,2.0,2.0,unknown,340000.0,0,1,1,unknown
Tanger,tanja_balia,False,Maison,456.0,5.0,4.0,unknown,2100000.0,0,1,1,unknown
Tanger,manar,False,Maison,132.0,4.0,2.0,unknown,820000.0,0,1,1,unknown
Tanger,autre_secteur,True,Maison,50.0,3.0,3.0,unknown,1050000.0,0,1,1,unknown
Tanger,centre_ville,True,Maison,156.0,3.0,1.0,unknown,3000000.0,0,1,1,unknown
Tanger,autre_secteur,True,Maison,276.0,3.0,2.0,unknown,1050000.0,0,1,1,unknown
Tanger,ahlane,False,Maison,120.0,6.0,4.0,unknown,3800000.0,0,1,1,unknown
Tanger,ahlane,False,Maison,100.0,8.0,4.0,unknown,4800000.0,0,1,1,unknown
Tanger,val_fleuri,False,Maison,100.0,5.0,2.0,unknown,2200000.0,0,1,1,unknown
Tanger,hay_el_boughaz,False,Maison,100.0,6.0,4.0,unknown,2600000.0,0,1,1,unknown
Tanger,mesnana,False,Maison,65.0,4.0,4.0,unknown,1400000.0,0,1,1,unknown
Tanger,branes_2,False,Maison,150.0,4.0,3.0,unknown,5500000.0,0,1,1,unknown
Tanger,achakar,False,Maison,80.0,4.0,4.0,unknown,2350000.0,0,1,1,unknown
Tanger,autre_secteur,True,Maison,300.0,3.0,2.0,unknown,850000.0,0,1,1,unknown
Tanger,al_mandar_al_jamil,False,Maison,142.0,3.0,2.0,unknown,2200000.0,0,1,1,unknown
Tanger,ziatene,False,Maison,95.0,4.0,3.0,unknown,2200000.0,0,1,1,unknown
Tanger,aouama_gharbia,False,Maison,80.0,4.0,3.0,unknown,1900000.0,0,1,1,unknown
Tanger,benkirane,False,Maison,50.0,8.0,2.0,unknown,600000.0,0,1,1,unknown
Tanger,mesnana,False,Maison,80.0,5.0,3.0,unknown,980000.0,0,1,1,unknown
Tanger,autre_secteur,True,Maison,90.0,5.0,3.0,unknown,2200000.0,0,1,1,unknown
Tanger,branes_2,False,Maison,246.0,3.0,4.0,unknown,4000000.0,0,1,1,unknown
Tanger,jirrari,False,Maison,100.0,5.0,2.0,unknown,1600000.0,0,1,1,unknown
Tanger,castilla,False,Maison,161.0,6.0,3.0,unknown,3300000.0,0,1,1,unknown
Tanger,boukhalef,False,Maison,168.0,3.0,2.0,unknown,1600000.0,0,1,1,unknown
Tanger,centre_ville,True,Maison,100.0,3.0,2.0,unknown,2850000.0,0,1,1,unknown
Tanger,centre_ville,True,Maison,100.0,4.0,3.0,unknown,2850000.0,0,1,1,unknown
Tanger,manar,False,Maison,380.0,3.0,2.0,unknown,1800000.0,0,1,1,unknown
Tanger,marchan,False,Maison,100.0,4.0,3.0,unknown,2850000.0,0,1,1,unknown
Tanger,aouama_gharbia,False,Maison,100.0,2.0,1.0,unknown,950000.0,0,1,1,unknown
Tanger,mesnana,False,Maison,600.0,5.0,2.0,unknown,750000.0,0,1,1,unknown
Tanger,centre,True,Maison,60.0,2.0,1.0,unknown,200000.0,0,1,1,unknown
Tanger,m_nar,False,Maison,360.0,3.0,2.0,unknown,1800000.0,0,1,1,unknown
Tanger,haddad,False,Maison,100.0,9.0,4.0,unknown,3000000.0,0,1,1,unknown
Tanger,castilla,False,Maison,109.0,5.0,4.0,unknown,2000000.0,0,1,1,unknown
Tanger,al_amal,False,Maison,110.0,6.0,3.0,unknown,3200000.0,0,1,1,unknown
Tanger,autre_secteur,True,Maison,400.0,8.0,4.0,unknown,2150000.0,0,1,1,unknown
Tanger,tanger_city_center,False,Maison,100.0,6.0,4.0,unknown,2800000.0,0,1,1,unknown
Tanger,tanger_city_center,False,Maison,40.0,2.0,2.0,unknown,460000.0,0,1,1,unknown
Tanger,autre_secteur,True,Maison,300.0,4.0,4.0,unknown,1300000.0,0,1,1,unknown
Tanger,moujahidine,False,Maison,110.0,9.0,6.0,unknown,3900000.0,0,1,1,unknown
Tanger,aouama_gharbia,False,Maison,240.0,3.0,3.0,unknown,850000.0,0,1,1,unknown
Tanger,autre_secteur,True,Maison,308.0,4.0,2.0,unknown,3000000.0,0,1,1,unknown
Tanger,autre_secteur,True,Maison,285.0,4.0,3.0,unknown,2800000.0,0,1,1,unknown
Tanger,hay_el_boughaz,False,Maison,100.0,9.0,4.0,unknown,2600000.0,0,1,1,unknown
Tanger,moujahidine,False,Maison,60.0,2.0,1.0,unknown,600000.0,0,1,1,unknown
Tanger,ennasr,False,Maison,120.0,5.0,3.0,unknown,3100000.0,0,1,1,unknown
Tanger,el_majd,False,Maison,114.0,6.0,5.0,unknown,300000.0,0,1,1,unknown
Tanger,haddad,False,Maison,323.0,2.0,1.0,unknown,3200000.0,0,1,1,unknown
Tanger,centre,True,Maison,300.0,6.0,6.0,unknown,7500000.0,0,1,1,unknown
Tanger,ahlane,False,Maison,120.0,6.0,2.0,unknown,3800000.0,0,1,1,unknown
Tanger,autre_secteur,True,Maison,170.0,4.0,2.0,unknown,1800000.0,0,1,1,unknown
Tanger,autre_secteur,True,Maison,220.0,2.0,2.0,unknown,1500000.0,0,1,1,unknown
Tanger,mghogha,False,Maison,100.0,4.0,2.0,unknown,2600000.0,0,1,1,unknown
Tanger,castilla,False,Maison,190.0,5.0,3.0,unknown,7000000.0,0,1,1,unknown
Tanger,souani,False,Maison,50.0,3.0,2.0,unknown,950000.0,0,1,1,unknown
Tanger,al_amal,False,Maison,276.0,4.0,3.0,unknown,2800000.0,0,1,1,unknown
Tanger,mghogha,False,Maison,122.0,4.0,2.0,unknown,750000.0,0,1,1,unknown
Tanger,el_oued,False,Maison,90.0,1.0,1.0,unknown,700000.0,0,1,1,unknown
Tanger,souani,False,Maison,94.0,3.0,2.0,unknown,1700000.0,0,1,1,unknown
Tanger,casabarata,False,Maison,55.0,2.0,1.0,unknown,580000.0,0,1,1,unknown
Tanger,les_rosiers,False,Maison,300.0,2.0,1.0,unknown,350000.0,0,1,1,unknown
Tanger,centre_ville,True,Maison,130.0,3.0,2.0,unknown,4700000.0,0,1,1,unknown
Tanger,branes_2,False,Maison,850.0,10.0,4.0,unknown,9000000.0,0,1,1,unknown
Tanger,girari,False,Maison,110.0,14.0,10.0,unknown,1500000.0,0,1,1,unknown
Tanger,mghogha,False,Maison,99.0,4.0,2.0,unknown,2600000.0,0,1,1,unknown
Tanger,centre_ville,True,Maison,63.0,6.0,4.0,unknown,1650000.0,0,1,1,unknown
Tanger,hay_hassani,False,Maison,296.0,4.0,2.0,unknown,3000000.0,0,1,1,unknown
Tanger,moujahidine,False,Maison,124.0,8.0,8.0,unknown,5200000.0,0,1,1,unknown
Tanger,centre_ville,True,Maison,117.0,5.0,2.0,unknown,2700000.0,0,1,1,unknown
Tanger,autre_secteur,True,Maison,360.0,3.0,1.0,unknown,3100000.0,0,1,1,unknown
Tanger,ahlane,False,Maison,134.0,6.0,3.0,unknown,3700000.0,0,1,1,unknown
Tanger,autre_secteur,True,Maison,500.0,3.0,3.0,unknown,1600000.0,0,1,1,unknown
Tanger,mesnana,False,Maison,119.0,5.0,2.0,unknown,220000.0,0,1,1,unknown
Tanger,drissia,False,Maison,400.0,8.0,4.0,unknown,2150000.0,0,1,1,unknown
Tanger,autre_secteur,True,Maison,100.0,5.0,4.0,unknown,300000.0,0,1,1,unknown
Tanger,autre_secteur,True,Maison,65.0,6.0,4.0,unknown,180000.0,0,1,1,unknown
Tanger,autre_secteur,True,Maison,173.0,3.0,2.0,unknown,2335000.0,0,1,1,unknown
Tanger,aouama_gharbia,False,Maison,150.0,3.0,2.0,unknown,980000.0,0,1,1,unknown
Tanger,autre_secteur,True,Maison,60.0,2.0,1.0,unknown,750000.0,0,1,1,unknown
Tanger,al_amal,False,Maison,275.0,4.0,2.0,unknown,2800000.0,0,1,1,unknown
Tanger,ben_dibane,False,Maison,84.0,2.0,1.0,unknown,1600000.0,0,1,1,unknown
Tanger,branes_1,False,Maison,60.0,3.0,3.0,unknown,1650000.0,0,1,1,unknown
Tanger,el_khair_1,False,Maison,100.0,6.0,4.0,unknown,1950000.0,0,1,1,unknown
Tanger,souani,False,Maison,161.0,4.0,2.0,unknown,3000000.0,0,1,1,unknown
Tanger,centre_ville,True,Maison,95.0,4.0,2.0,unknown,3200000.0,0,1,1,unknown
Tanger,aharrarine,False,Maison,86.0,5.0,3.0,unknown,850000.0,0,1,1,unknown
Tanger,aviation,False,Maison,450.0,5.0,4.0,unknown,2500000.0,0,1,1,unknown
Tanger,bel_air___val_fleuri,False,Maison,97.0,10.0,6.0,unknown,3600000.0,0,1,1,unknown
Tanger,marjane,False,Maison,283.0,4.0,2.0,unknown,1500000.0,0,1,1,unknown
Tanger,casabarata,False,Maison,50.0,5.0,3.0,unknown,1400000.0,0,1,1,unknown
Tanger,ziatene,False,Maison,220.0,7.0,5.0,unknown,1800000.0,0,1,1,unknown
Tanger,charf,False,Maison,50.0,3.0,3.0,unknown,960000.0,0,1,1,unknown
Tanger,branes_2,False,Maison,100.0,5.0,3.0,unknown,3100000.0,0,1,1,unknown
Tanger,tanja_balia,False,Maison,280.0,8.0,7.0,unknown,4300000.0,0,1,1,unknown
Tanger,al_amal,False,Maison,275.0,4.0,3.0,unknown,2800000.0,0,1,1,unknown
Tanger,autre_secteur,True,Maison,109.0,8.0,6.0,unknown,4500000.0,0,1,1,unknown
Tanger,mesnana,False,Maison,50.0,2.0,3.0,unknown,800000.0,0,1,1,unknown
Tanger,tanja_balia,False,Maison,100.0,4.0,1.0,unknown,3180000.0,0,1,1,unknown
Tanger,ahlane,False,Maison,681.0,6.0,3.0,unknown,6900000.0,0,1,1,unknown
Tanger,jirrari,False,Maison,94.0,7.0,4.0,unknown,1600000.0,0,1,1,unknown
Tanger,jirrari,False,Maison,115.0,8.0,4.0,unknown,2500000.0,0,1,1,unknown
Tanger,aouama_gharbia,False,Maison,150.0,12.0,6.0,unknown,4000000.0,0,1,1,unknown
Tanger,autre_secteur,True,Maison,60.0,3.0,3.0,unknown,550000.0,0,1,1,unknown
Tanger,mesnana,False,Maison,110.0,4.0,3.0,unknown,3500000.0,0,1,1,unknown
Tanger,aharrarine,False,Maison,100.0,1.0,0.0,unknown,2000000.0,0,1,1,unknown
Tanger,autre_secteur,True,Maison,70.0,2.0,1.0,unknown,400000.0,0,1,1,unknown
Tanger,drissia,False,Maison,115.0,6.0,2.0,unknown,2200000.0,0,1,1,unknown
Tanger,ahlane,False,Maison,120.0,7.0,3.0,unknown,3800000.0,0,1,1,unknown
Tanger,mesnana,False,Maison,140.0,4.0,2.0,unknown,2750000.0,0,1,1,unknown
Tanger,drissia,False,Maison,100.0,5.0,3.0,unknown,3500000.0,0,1,1,unknown
Tanger,autre_secteur,True,Maison,130.0,6.0,6.0,unknown,3250000.0,0,1,1,unknown
Tanger,tanja_balia,False,Maison,101.0,1.0,1.0,unknown,3500000.0,0,1,1,unknown
Tanger,mesnana,False,Maison,58.0,1.0,0.0,unknown,750000.0,0,1,1,unknown
Tanger,benkirane,False,Maison,80.0,3.0,2.0,unknown,1200000.0,0,1,1,unknown
Tanger,girari,False,Maison,100.0,4.0,4.0,unknown,1600000.0,0,1,1,unknown
Tanger,girari,False,Maison,100.0,6.0,4.0,unknown,1600000.0,0,1,1,unknown
Tanger,jirrari,False,Maison,100.0,3.0,3.0,unknown,1600000.0,0,1,1,unknown
Tanger,al_warda,False,Maison,87.0,4.0,2.0,unknown,2000000.0,0,1,1,unknown
Tanger,casabarata,False,Maison,85.0,6.0,2.0,unknown,1380000.0,0,1,1,unknown
Tanger,beni_makada_lakdima,False,Maison,200.0,5.0,2.0,unknown,2000000.0,0,1,1,unknown
Tanger,autre_secteur,True,Maison,77.0,1.0,1.0,unknown,310000.0,0,1,1,unknown
Tanger,branes_1,False,Maison,50.0,4.0,3.0,unknown,1350000.0,0,1,1,unknown
Tanger,laaouina,False,Maison,100.0,4.0,3.0,unknown,2600000.0,0,1,1,unknown
Tanger,tanja_balia,False,Maison,320.0,3.0,4.0,unknown,2500000.0,0,1,1,unknown
Tanger,aharrarine,False,Maison,90.0,4.0,2.0,unknown,850000.0,0,1,1,unknown
Tanger,aouama_gharbia,False,Maison,100.0,6.0,3.0,unknown,1800000.0,0,1,1,unknown
Tanger,branes_1,False,Maison,100.0,5.0,4.0,unknown,2600000.0,0,1,1,unknown
Tanger,autre_secteur,True,Maison,250.0,5.0,4.0,unknown,1600000.0,0,1,1,unknown
Tanger,autre_secteur,True,Maison,1500.0,6.0,5.0,unknown,2960000.0,0,1,1,unknown
Tanger,autre_secteur,True,Maison,113.0,6.0,5.0,unknown,3000000.0,0,1,1,unknown
Tanger,drissia,False,Maison,74.0,2.0,1.0,unknown,1500000.0,0,1,1,unknown
Tanger,al_warda,False,Maison,80.0,2.0,1.0,unknown,1200000.0,0,1,1,unknown
Tanger,lalla_chafia,False,Maison,131.0,3.0,2.0,unknown,3200000.0,0,1,1,unknown
Tanger,achakar,False,Maison,65.0,2.0,1.0,unknown,2000000.0,0,1,1,unknown
Tanger,branes_kdima,False,Maison,58.0,1.0,1.0,unknown,750000.0,0,1,1,unknown
Tanger,autre_secteur,True,Maison,114.0,3.0,2.0,unknown,3400000.0,0,1,1,unknown
Tanger,autre_secteur,True,Maison,130.0,10.0,6.0,unknown,3700000.0,0,1,1,unknown
Tanger,centre_ville,True,Maison,137.0,3.0,0.0,unknown,3000000.0,0,1,1,unknown
Tanger,branes_1,False,Maison,170.0,3.0,2.0,unknown,5500000.0,0,1,1,unknown
Tanger,autre_secteur,True,Maison,71.0,4.0,2.0,unknown,650000.0,0,1,1,unknown
Tanger,mesnana,False,Maison,69.0,3.0,5.0,unknown,140000.0,0,1,1,unknown
Tanger,marchane,False,Maison,225.0,7.0,3.0,unknown,1480000.0,0,1,1,unknown
Tanger,médina,False,Maison,450.0,4.0,2.0,unknown,22000000.0,0,1,1,unknown
Tanger,tanja_balia,False,Maison,85.0,6.0,3.0,unknown,1780000.0,0,1,1,unknown
Tanger,jirrari,False,Maison,77.0,1.0,1.0,unknown,310000.0,0,1,1,unknown
Tanger,autre_secteur,True,Maison,100.0,5.0,3.0,unknown,2800000.0,0,1,1,unknown
Tanger,autre_secteur,True,Maison,70.0,2.0,1.0,unknown,1800000.0,0,1,1,unknown
Tanger,beni_said,False,Maison,60.0,1.0,1.0,unknown,1450000.0,0,1,1,unknown
Tanger,beausejour,False,Maison,100.0,2.0,1.0,unknown,2200000.0,0,1,1,unknown
Tanger,drissia,False,Maison,90.0,3.0,2.0,unknown,2600000.0,0,1,1,unknown
Tanger,autre_secteur,True,Maison,100.0,3.0,1.0,unknown,950000.0,0,1,1,unknown
Tanger,mesnana,False,Maison,50.0,1.0,1.0,unknown,750000.0,0,1,1,unknown
Tanger,jirrari,False,Maison,207.0,6.0,6.0,unknown,3000000.0,0,1,1,unknown
Tanger,médina,False,Maison,93.0,6.0,4.0,unknown,1400000.0,0,1,1,unknown
Tanger,m_nar,False,Maison,70.0,4.0,3.0,unknown,670000.0,0,1,1,unknown
Tanger,branes_2,False,Maison,100.0,5.0,3.0,unknown,3200000.0,0,1,1,unknown
Tanger,branes_1,False,Maison,190.0,12.0,8.0,unknown,7400000.0,0,1,1,unknown
Tanger,mesnana,False,Maison,50.0,2.0,2.0,unknown,830000.0,0,1,1,unknown
Tanger,ben_dibane,False,Maison,65.0,4.0,2.0,unknown,850000.0,0,1,1,unknown
Tanger,branes_1,False,Maison,110.0,8.0,3.0,unknown,3500000.0,0,1,1,unknown
Tanger,marjane,False,Maison,132.0,7.0,9.0,unknown,4600000.0,0,1,1,unknown
Tanger,aviation,False,Maison,110.0,5.0,4.0,unknown,2500000.0,0,1,1,unknown
Tanger,administratif,False,Maison,130.0,5.0,4.0,unknown,2950000.0,0,1,1,unknown
Tanger,centre,True,Maison,79.0,6.0,4.0,unknown,3200000.0,0,1,1,unknown
Tanger,m_sallah,False,Maison,40.0,5.0,2.0,unknown,900000.0,0,1,1,unknown
Tanger,autre_secteur,True,Maison,76.0,2.0,2.0,unknown,900000.0,0,1,1,unknown
Tanger,beni_said,False,Maison,100.0,2.0,1.0,unknown,1600000.0,0,1,1,unknown
Tanger,autre_secteur,True,Maison,100.0,2.0,0.0,unknown,690000.0,0,1,1,unknown
Tanger,aouama_gharbia,False,Maison,55.0,3.0,3.0,unknown,800000.0,0,1,1,unknown
Tanger,branes_2,False,Maison,142.0,6.0,6.0,unknown,5000000.0,0,1,1,unknown
Tanger,ben_dibane,False,Maison,128.0,4.0,2.0,unknown,2500000.0,0,1,1,unknown
Tanger,autre_secteur,True,Maison,226.0,4.0,3.0,unknown,1700000.0,0,1,1,unknown
Tanger,autre_secteur,True,Maison,80.0,2.0,3.0,unknown,690000.0,0,1,1,unknown
Tanger,branes_kdima,False,Maison,72.0,3.0,2.0,unknown,160000.0,0,1,1,unknown
Tanger,beni_makada_lakdima,False,Maison,70.0,1.0,1.0,unknown,900000.0,0,1,1,unknown
Tanger,tanja_balia,False,Maison,105.0,2.0,1.0,unknown,160000.0,0,1,1,unknown
Tanger,val_fleuri,False,Maison,98.0,6.0,3.0,unknown,3500000.0,0,1,1,unknown
Tanger,m_nar,False,Maison,100.0,3.0,2.0,unknown,550000.0,0,1,1,unknown
Tanger,ahlane,False,Maison,120.0,8.0,3.0,unknown,3300000.0,0,1,1,unknown
Tanger,boukhalef,False,Maison,180.0,6.0,3.0,unknown,2700000.0,0,1,1,unknown
Tanger,souani,False,Maison,192.0,4.0,2.0,unknown,1300000.0,0,1,1,unknown
Tanger,souani,False,Maison,256.0,7.0,4.0,unknown,1600000.0,0,1,1,unknown
Tanger,el_majd,False,Maison,104.0,5.0,3.0,unknown,2500000.0,0,1,1,unknown
Tanger,tanja_balia,False,Maison,100.0,4.0,3.0,unknown,3100000.0,0,1,1,unknown
Tanger,aouama_gharbia,False,Maison,74.0,5.0,5.0,unknown,850000.0,0,1,1,unknown
Tanger,charf,False,Maison,228.0,3.0,3.0,unknown,1200000.0,0,1,1,unknown
Tanger,autre_secteur,True,Maison,163.0,2.0,2.0,unknown,750000.0,0,1,1,unknown
Tanger,bir_chifa,False,Maison,57.0,2.0,1.0,unknown,330000.0,0,1,1,unknown
Tanger,autre_secteur,True,Maison,165.0,4.0,4.0,unknown,900000.0,0,1,1,unknown
Tanger,msala,False,Maison,150.0,2.0,2.0,unknown,900000.0,0,1,1,unknown
Tanger,ahlane,False,Maison,109.0,3.0,2.0,unknown,2400000.0,0,1,1,unknown
Tanger,autre_secteur,True,Maison,75.0,1.0,1.0,unknown,1450000.0,0,1,1,unknown
Tanger,tanja_balia,False,Maison,100.0,4.0,3.0,unknown,3290000.0,0,1,1,unknown
Tanger,jbel_kbir,False,Maison,100.0,6.0,3.0,unknown,1100000.0,0,1,1,unknown
Tanger,mesnana,False,Maison,118.0,3.0,2.0,unknown,660000.0,0,1,1,unknown
Tanger,beni_makada_lakdima,False,Maison,96.0,4.0,2.0,unknown,3000000.0,0,1,1,unknown
Tanger,drissia,False,Maison,104.0,8.0,4.0,unknown,2600000.0,0,1,1,unknown
Tanger,msala,False,Maison,47.0,2.0,1.0,unknown,1050000.0,0,1,1,unknown
Tanger,autre_secteur,True,Maison,100.0,2.0,1.0,unknown,260000.0,0,1,1,unknown
Tanger,médina,False,Maison,238.0,2.0,2.0,unknown,750000.0,0,1,1,unknown
Tanger,jbel_kbir,False,Maison,100.0,2.0,3.0,unknown,1300000.0,0,1,1,unknown
Tanger,la_nouvelle_ville_ibn_battouta,False,Maison,238.0,2.0,2.0,unknown,750000.0,0,1,1,unknown
Tanger,autre_secteur,True,Maison,60.0,1.0,1.0,unknown,550000.0,0,1,1,unknown
Tanger,branes_kdima,False,Maison,60.0,4.0,4.0,unknown,1650000.0,0,1,1,unknown
Tanger,aharrarine,False,Maison,93.0,2.0,0.0,unknown,1420000.0,0,1,1,unknown
Tanger,zouitina,False,Maison,50.0,4.0,3.0,unknown,600000.0,0,1,1,unknown
Tanger,centre,True,Maison,100.0,8.0,3.0,unknown,2600000.0,0,1,1,unknown
Tanger,ziatene,False,Maison,100.0,3.0,2.0,unknown,3700000.0,0,1,1,unknown
Tanger,al_kasaba,False,Maison,200.0,4.0,4.0,unknown,2550000.0,0,1,1,unknown
Tanger,drissia,False,Maison,100.0,6.0,4.0,unknown,1900000.0,0,1,1,unknown
Tanger,casabarata,False,Maison,120.0,7.0,3.0,unknown,180000.0,0,1,1,unknown
Tanger,val_fleuri,False,Maison,93.0,7.0,3.0,unknown,3100000.0,0,1,1,unknown
Tanger,beni_said,False,Maison,70.0,3.0,2.0,unknown,680000.0,0,1,1,unknown
Tanger,branes_kdima,False,Maison,50.0,4.0,2.0,unknown,700000.0,0,1,1,unknown
Tanger,gourziana,False,Maison,103.0,4.0,2.0,unknown,2500000.0,0,1,1,unknown
Tanger,centre,True,Maison,101.0,6.0,5.0,unknown,2750000.0,0,1,1,unknown
Tanger,autre_secteur,True,Maison,147.0,4.0,2.0,unknown,5500000.0,0,1,1,unknown
Tanger,bel_air___val_fleuri,False,Maison,450.0,5.0,4.0,unknown,3150000.0,0,1,1,unknown
Tanger,autre_secteur,True,Maison,120.0,1.0,2.0,unknown,550000.0,0,1,1,unknown
Tanger,ahlane,False,Maison,135.0,12.0,5.0,unknown,5150000.0,0,1,1,unknown
Tanger,tanja_balia,False,Maison,50.0,4.0,3.0,unknown,2300000.0,0,1,1,unknown
Tanger,aharrarine,False,Maison,117.0,6.0,5.0,unknown,3605000.0,0,1,1,unknown
Tanger,autre_secteur,True,Maison,90.0,2.0,1.0,unknown,260000.0,0,1,1,unknown
Tanger,makhoukha,False,Maison,100.0,9.0,4.0,unknown,2500000.0,0,1,1,unknown
Tanger,boukhalef,False,Maison,90.0,6.0,4.0,unknown,1300000.0,0,1,1,unknown
Tanger,val_fleuri,False,Maison,93.0,3.0,3.0,unknown,2300000.0,0,1,1,unknown
Tanger,drissia,False,Maison,250.0,4.0,3.0,unknown,7000000.0,0,1,1,unknown
Tanger,el_majd,False,Maison,230.0,3.0,3.0,unknown,2550000.0,0,1,1,unknown
Tanger,bir_chifa,False,Maison,65.0,4.0,2.0,unknown,650000.0,0,1,1,unknown
Tanger,branes_kdima,False,Maison,110.0,6.0,4.0,unknown,1500000.0,0,1,1,unknown
Tanger,drissia,False,Maison,160.0,5.0,2.0,unknown,2200000.0,0,1,1,unknown
Tanger,centre,True,Maison,82.0,3.0,2.0,unknown,1100000.0,0,1,1,unknown
Tanger,autre_secteur,True,Maison,95.0,6.0,4.0,unknown,3800000.0,0,1,1,unknown
Tanger,ahlane,False,Maison,135.0,6.0,4.0,unknown,3000000.0,0,1,1,unknown
Tanger,autre_secteur,True,Maison,60.0,2.0,2.0,unknown,750000.0,0,1,1,unknown
Tanger,mesnana,False,Maison,798.0,8.0,5.0,unknown,5200000.0,0,1,1,unknown
Tanger,centre,True,Maison,101.0,6.0,3.0,unknown,2350000.0,0,1,1,unknown
Tanger,tanja_balia,False,Maison,101.0,6.0,3.0,unknown,2750000.0,0,1,1,unknown
Tanger,autre_secteur,True,Maison,60.0,4.0,3.0,unknown,1800000.0,0,1,1,unknown
Tanger,fnideq,False,Maison,100.0,7.0,4.0,unknown,2400000.0,0,1,1,unknown
Tanger,autre_secteur,True,Maison,293.0,5.0,3.0,unknown,2100000.0,0,1,1,unknown
Tanger,ksar_el_kebir,False,Maison,110.0,6.0,4.0,unknown,1000000.0,0,1,1,unknown
Tanger,al_mallalienne,False,Maison,264.0,7.0,5.0,unknown,2600000.0,0,1,1,unknown
Tanger,al_mallalienne,False,Maison,264.0,6.0,5.0,unknown,2600000.0,0,1,1,unknown
Tanger,larache,False,Maison,130.0,2.0,2.0,unknown,615000.0,0,1,1,unknown
Tanger,chefchaouen,False,Maison,90.0,2.0,2.0,unknown,430000.0,0,1,1,unknown
Tanger,autre_secteur,True,Maison,100.0,4.0,1.0,unknown,750000.0,0,1,1,unknown
Tanger,ksar_el_kebir,False,Maison,90.0,5.0,2.0,unknown,500000.0,0,1,1,unknown
Tanger,martil,False,Maison,66.0,3.0,2.0,unknown,880000.0,0,1,1,unknown
Tanger,martil,False,Maison,96.0,3.0,2.0,unknown,850000.0,0,1,1,unknown
Tanger,taboula,False,Maison,240.0,3.0,3.0,unknown,1200000.0,0,1,1,unknown
Tanger,torrota,False,Maison,90.0,1.0,2.0,unknown,700000.0,0,1,1,unknown
Tanger,larache,False,Maison,670.0,11.0,6.0,unknown,3000000.0,0,1,1,unknown
Tanger,al_azhar,False,Maison,500.0,4.0,3.0,unknown,800000.0,0,1,1,unknown
Tanger,mdiq,False,Maison,150.0,5.0,2.0,unknown,3000000.0,0,1,1,unknown
Tanger,safir,False,Maison,126.0,7.0,4.0,unknown,1600000.0,0,1,1,unknown
Tanger,martil,False,Maison,390.0,4.0,4.0,unknown,2500000.0,0,1,1,unknown
Tanger,autre_secteur,True,Maison,200.0,5.0,3.0,unknown,2500000.0,0,1,1,unknown
Tanger,martil,False,Maison,240.0,3.0,1.0,unknown,700000.0,0,1,1,unknown
Tanger,martil,False,Maison,58.0,2.0,1.0,unknown,400000.0,0,1,1,unknown
Tanger,mdiq,False,Maison,74.0,2.0,1.0,unknown,1060000.0,0,1,1,unknown
Tanger,ksar_el_kebir,False,Maison,188.0,10.0,4.0,unknown,1300000.0,0,1,1,unknown
Tanger,centre_ville,True,Maison,400.0,4.0,2.0,unknown,2200000.0,0,1,1,unknown
Tanger,fnideq,False,Maison,60.0,2.0,0.0,unknown,240000.0,0,1,1,unknown
Tanger,al_azhar,False,Maison,135.0,3.0,1.0,unknown,330000.0,0,1,1,unknown
Tanger,ksar_el_kebir,False,Maison,170.0,4.0,3.0,unknown,1500000.0,0,1,1,unknown
Tanger,taboula,False,Maison,383.0,6.0,4.0,unknown,1750000.0,0,1,1,unknown
Tanger,al_mallalienne,False,Maison,430.0,6.0,5.0,unknown,2600000.0,0,1,1,unknown
Tanger,dyor_del_makhzen,False,Maison,25.0,2.0,1.0,unknown,100000.0,0,1,1,unknown
Tanger,martil,False,Maison,78.0,6.0,4.0,unknown,860000.0,0,1,1,unknown
Tanger,route_de_ceuta,False,Maison,115.0,6.0,4.0,unknown,2500000.0,0,1,1,unknown
Tanger,taboula,False,Maison,300.0,2.0,2.0,unknown,580000.0,0,1,1,unknown
Tanger,ksar_el_kebir,False,Maison,109.0,4.0,4.0,unknown,900000.0,0,1,1,unknown
Tanger,ksar_el_kebir,False,Maison,130.0,4.0,2.0,unknown,700000.0,0,1,1,unknown
Tanger,touilaa_foqia,False,Maison,300.0,7.0,5.0,unknown,1800000.0,0,1,1,unknown
Tanger,taghazout,False,Maison,160.0,4.0,2.0,unknown,1350000.0,0,1,1,unknown
Tanger,larache,False,Maison,150.0,6.0,3.0,unknown,800000.0,0,1,1,unknown
Tanger,al_azhar,False,Maison,88.0,2.0,1.0,unknown,580000.0,0,1,1,unknown
Tanger,centre_ville,True,Maison,100.0,9.0,4.0,unknown,1800000.0,0,1,1,unknown
Tanger,ksar_el_kebir,False,Maison,162.0,10.0,3.0,unknown,1950000.0,0,1,1,unknown
Tanger,dersa,False,Maison,72.0,5.0,3.0,unknown,570000.0,0,1,1,unknown
Tanger,chefchaouen,False,Maison,100.0,1.0,2.0,unknown,550000.0,0,1,1,unknown
Tanger,martil,False,Maison,100.0,5.0,4.0,unknown,2400000.0,0,1,1,unknown
Tanger,ouazzane,False,Maison,70.0,5.0,2.0,unknown,390000.0,0,1,1,unknown
Tanger,martil,False,Maison,450.0,3.0,4.0,unknown,12000000.0,0,1,1,unknown
Tanger,ksar_el_kebir,False,Maison,65.0,3.0,3.0,unknown,350000.0,0,1,1,unknown
Tanger,autre_secteur,True,Maison,120.0,4.0,2.0,unknown,880000.0,0,1,1,unknown
Tanger,touabel,False,Maison,184.0,4.0,1.0,unknown,800000.0,0,1,1,unknown
Tanger,ksar_el_kebir,False,Maison,115.0,3.0,1.0,unknown,280000.0,0,1,1,unknown
Tanger,safir,False,Maison,110.0,8.0,5.0,unknown,2600000.0,0,1,1,unknown
Tanger,autre_secteur,True,Maison,400.0,2.0,1.0,unknown,570000.0,0,1,1,unknown
Tanger,ouazzane,False,Maison,70.0,5.0,2.0,unknown,395000.0,0,1,1,unknown
Tanger,martil,False,Maison,166.0,3.0,2.0,unknown,2000000.0,0,1,1,unknown
Tanger,al_azhar,False,Maison,85.0,5.0,3.0,unknown,680000.0,0,1,1,unknown
Tanger,martil,False,Maison,90.0,6.0,4.0,unknown,130000.0,0,1,1,unknown
Tanger,touabel,False,Maison,100.0,5.0,2.0,unknown,1150000.0,0,1,1,unknown
Tanger,ksar_el_kebir,False,Maison,220.0,5.0,3.0,unknown,1200000.0,0,1,1,unknown
Tanger,chefchaouen,False,Maison,485.0,6.0,3.0,unknown,3500000.0,0,1,1,unknown
Tanger,martil,False,Maison,49.0,2.0,1.0,unknown,560000.0,0,1,1,unknown
Agadir,autre_secteur,True,Maison,80.0,2.0,1.0,unknown,800000.0,0,1,1,unknown
Agadir,hay_zaytoun,False,Maison,300.0,6.0,3.0,unknown,3600000.0,0,1,1,unknown
Agadir,tilila,False,Maison,112.0,6.0,4.0,unknown,2800000.0,0,1,1,unknown
Agadir,al_wifaq,False,Maison,144.0,6.0,3.0,unknown,360000.0,0,1,1,unknown
Agadir,hay_mohammadi,False,Maison,100.0,7.0,4.0,unknown,3200000.0,0,1,1,unknown
Agadir,autre_secteur,True,Maison,70.0,5.0,3.0,unknown,1600000.0,0,1,1,unknown
Agadir,autre_secteur,True,Maison,64.0,5.0,3.0,unknown,480000.0,0,1,1,unknown
Agadir,tamraght,False,Maison,200.0,3.0,2.0,unknown,1300000.0,0,1,1,unknown
Agadir,abattoirs,False,Maison,68.0,4.0,3.0,unknown,1800000.0,0,1,1,unknown
Agadir,extension_dakhla,False,Maison,75.0,3.0,2.0,unknown,1300000.0,0,1,1,unknown
Agadir,tamraght,False,Maison,300.0,7.0,4.0,unknown,1600000.0,0,1,1,unknown
Agadir,al_wifaq,False,Maison,462.0,6.0,4.0,unknown,2500000.0,0,1,1,unknown
Agadir,hay_qods,False,Maison,191.0,11.0,3.0,unknown,3900000.0,0,1,1,unknown
Agadir,autre_secteur,True,Maison,61.0,4.0,2.0,unknown,750000.0,0,1,1,unknown
Agadir,lekhiam,False,Maison,80.0,7.0,3.0,unknown,1700000.0,0,1,1,unknown
Agadir,hay_hassani,False,Maison,206.0,5.0,3.0,unknown,2650000.0,0,1,1,unknown
Agadir,autre_secteur,True,Maison,70.0,4.0,2.0,unknown,800000.0,0,1,1,unknown
Agadir,hay_zaytoun,False,Maison,290.0,4.0,4.0,unknown,1700000.0,0,1,1,unknown
Agadir,les_amicales,False,Maison,82.0,4.0,2.0,unknown,120000.0,0,1,1,unknown
Agadir,el_houda,False,Maison,100.0,5.0,3.0,unknown,2500000.0,0,1,1,unknown
Agadir,centre_ville,True,Maison,145.0,3.0,0.0,unknown,3000000.0,0,1,1,unknown
Agadir,tamraght,False,Maison,140.0,2.0,1.0,unknown,250000.0,0,1,1,unknown
Agadir,tamraght,False,Maison,180.0,2.0,1.0,unknown,650000.0,0,1,1,unknown
Agadir,tamraght,False,Maison,228.0,9.0,3.0,unknown,980000.0,0,1,1,unknown
Agadir,anza,False,Maison,80.0,2.0,2.0,unknown,1300000.0,0,1,1,unknown
Agadir,autre_secteur,True,Maison,110.0,5.0,5.0,unknown,2000000.0,0,1,1,unknown
Agadir,al_wifaq,False,Maison,83.0,8.0,2.0,unknown,1500000.0,0,1,1,unknown
Agadir,autre_secteur,True,Maison,75.0,8.0,4.0,unknown,140000.0,0,1,1,unknown
Agadir,autre_secteur,True,Maison,60.0,6.0,2.0,unknown,500000.0,0,1,1,unknown
Agadir,autre_secteur,True,Maison,130.0,1.0,1.0,unknown,1200000.0,0,1,1,unknown
Agadir,hay_zaytoun,False,Maison,84.0,2.0,1.0,unknown,1400000.0,0,1,1,unknown
Agadir,autre_secteur,True,Maison,400.0,3.0,5.0,unknown,3200000.0,0,1,1,unknown
Agadir,autre_secteur,True,Maison,141.0,4.0,3.0,unknown,1200000.0,0,1,1,unknown
Agadir,haut_anza,False,Maison,58.0,3.0,2.0,unknown,700000.0,0,1,1,unknown
Agadir,haut_anza,False,Maison,200.0,4.0,2.0,unknown,1300000.0,0,1,1,unknown
Agadir,autre_secteur,True,Maison,78.0,6.0,2.0,unknown,1000000.0,0,1,1,unknown
Agadir,tilila,False,Maison,112.0,5.0,2.0,unknown,2200000.0,0,1,1,unknown
Agadir,amicales,False,Maison,102.0,5.0,2.0,unknown,1200000.0,0,1,1,unknown
Agadir,hay_zaytoun,False,Maison,84.0,4.0,2.0,unknown,1250000.0,0,1,1,unknown
Agadir,bouargane,False,Maison,220.0,4.0,2.0,unknown,2000000.0,0,1,1,unknown
Agadir,autre_secteur,True,Maison,163.0,2.0,2.0,unknown,400000.0,0,1,1,unknown
Agadir,al_wifaq,False,Maison,48.0,1.0,1.0,unknown,520000.0,0,1,1,unknown
Agadir,le_centre_ville,False,Maison,50.0,5.0,1.0,unknown,500000.0,0,1,1,unknown
Agadir,abattoirs,False,Maison,83.0,9.0,3.0,unknown,2000000.0,0,1,1,unknown
Agadir,hay_dakhla,False,Maison,112.0,4.0,4.0,unknown,2500000.0,0,1,1,unknown
Agadir,hay_salam,False,Maison,112.0,9.0,7.0,unknown,2100000.0,0,1,1,unknown
Agadir,autre_secteur,True,Maison,50.0,3.0,2.0,unknown,350000.0,0,1,1,unknown
Agadir,agadir,False,Maison,106.0,7.0,4.0,unknown,1900000.0,0,1,1,unknown
Agadir,hay_salam,False,Maison,113.0,7.0,2.0,unknown,2250000.0,0,1,1,unknown
Agadir,hay_qods,False,Maison,100.0,4.0,2.0,unknown,1600000.0,0,1,1,unknown
Agadir,autre_secteur,True,Maison,79.0,4.0,1.0,unknown,1200000.0,0,1,1,unknown
Agadir,hay_qods,False,Maison,200.0,15.0,6.0,unknown,3000000.0,0,1,1,unknown
Agadir,autre_secteur,True,Maison,60.0,5.0,4.0,unknown,950000.0,0,1,1,unknown
Agadir,autre_secteur,True,Maison,80.0,5.0,3.0,unknown,500000.0,0,1,1,unknown
Agadir,talborjt,False,Maison,75.0,5.0,2.0,unknown,1850000.0,0,1,1,unknown
Agadir,hay_mohammadi,False,Maison,75.0,6.0,3.0,unknown,2100000.0,0,1,1,unknown
Agadir,haut_anza,False,Maison,70.0,4.0,2.0,unknown,2660000.0,0,1,1,unknown
Agadir,tamraght,False,Maison,570.0,12.0,4.0,unknown,1600000.0,0,1,1,unknown
Agadir,centre_ville,True,Maison,70.0,2.0,1.0,unknown,1200000.0,0,1,1,unknown
Agadir,autre_secteur,True,Maison,90.0,5.0,3.0,unknown,2000000.0,0,1,1,unknown
Agadir,autre_secteur,True,Maison,60.0,3.0,1.0,unknown,450000.0,0,1,1,unknown
Agadir,autre_secteur,True,Maison,150.0,2.0,1.0,unknown,500000.0,0,1,1,unknown
Agadir,bouargane,False,Maison,100.0,3.0,3.0,unknown,2200000.0,0,1,1,unknown
Agadir,tamraght,False,Maison,128.0,4.0,3.0,unknown,800000.0,0,1,1,unknown
Agadir,hay_mohammadi,False,Maison,75.0,2.0,1.0,unknown,1650000.0,0,1,1,unknown
Agadir,amsernate,False,Maison,80.0,2.0,1.0,unknown,1400000.0,0,1,1,unknown
Agadir,hay_salam,False,Maison,112.0,4.0,3.0,unknown,3200000.0,0,1,1,unknown
Agadir,hay_mohammadi,False,Maison,75.0,6.0,3.0,unknown,1500000.0,0,1,1,unknown
Agadir,riad_salam,False,Maison,126.0,6.0,6.0,unknown,3000000.0,0,1,1,unknown
Agadir,tamraght,False,Maison,75.0,2.0,1.0,unknown,250000.0,0,1,1,unknown
Agadir,tilila,False,Maison,112.0,5.0,5.0,unknown,4200000.0,0,1,1,unknown
Agadir,tamraght,False,Maison,300.0,5.0,2.0,unknown,900000.0,0,1,1,unknown
Agadir,bouargane,False,Maison,96.0,5.0,2.0,unknown,1800000.0,0,1,1,unknown
Agadir,le_bord_de_mer,False,Maison,120.0,2.0,1.0,unknown,500000.0,0,1,1,unknown
Agadir,autre_secteur,True,Maison,75.0,3.0,0.0,unknown,240000.0,0,1,1,unknown
Agadir,le_bord_de_mer,False,Maison,58.0,3.0,3.0,unknown,730000.0,0,1,1,unknown
Agadir,le_bord_de_mer,False,Maison,60.0,4.0,2.0,unknown,650000.0,0,1,1,unknown
Agadir,secteur_touristique,False,Maison,160.0,5.0,3.0,unknown,1750000.0,0,1,1,unknown
Agadir,cité_adrar,False,Maison,80.0,4.0,2.0,unknown,2200000.0,0,1,1,unknown
Agadir,le_bord_de_mer,False,Maison,200.0,4.0,2.0,unknown,1300000.0,0,1,1,unknown
Agadir,le_bord_de_mer,False,Maison,44.0,2.0,2.0,unknown,650000.0,0,1,1,unknown
Agadir,hay_mohammadi,False,Maison,110.0,3.0,4.0,unknown,3100000.0,0,1,1,unknown
Agadir,centre_ville,True,Maison,64.0,2.0,1.0,unknown,1500000.0,0,1,1,unknown
Agadir,amicales,False,Maison,108.0,4.0,2.0,unknown,1800000.0,0,1,1,unknown
Agadir,hay_mohammadi,False,Maison,240.0,5.0,3.0,unknown,1380000.0,0,1,1,unknown
Agadir,les_amicales,False,Maison,100.0,4.0,3.0,unknown,1600000.0,0,1,1,unknown
Agadir,tamraght,False,Maison,100.0,6.0,6.0,unknown,3000000.0,0,1,1,unknown
Agadir,abattoirs,False,Maison,64.0,4.0,2.0,unknown,1700000.0,0,1,1,unknown
Agadir,bouargane,False,Maison,82.0,5.0,3.0,unknown,2400000.0,0,1,1,unknown
Agadir,hay_al_farah,False,Maison,56.0,4.0,2.0,unknown,1000000.0,0,1,1,unknown
Agadir,assaka,False,Maison,100.0,4.0,2.0,unknown,2400000.0,0,1,1,unknown
Agadir,ben_serguaou,False,Maison,95.0,6.0,2.0,unknown,1400000.0,0,1,1,unknown
Agadir,haut_founty,False,Maison,100.0,6.0,3.0,unknown,3000000.0,0,1,1,unknown
Agadir,bouargane,False,Maison,100.0,4.0,2.0,unknown,1700000.0,0,1,1,unknown
Agadir,founty,False,Maison,87.0,5.0,4.0,unknown,3100000.0,0,1,1,unknown
Agadir,autre_secteur,True,Maison,67.0,5.0,5.0,unknown,830000.0,0,1,1,unknown
Agadir,ben_serguaou,False,Maison,96.0,3.0,4.0,unknown,2700000.0,0,1,1,unknown
Agadir,bouargane,False,Maison,186.0,2.0,2.0,unknown,1600000.0,0,1,1,unknown
Agadir,autre_secteur,True,Maison,80.0,3.0,2.0,unknown,950000.0,0,1,1,unknown
Agadir,al_wifaq,False,Maison,56.0,7.0,3.0,unknown,1100000.0,0,1,1,unknown
Agadir,al_wifaq,False,Maison,83.0,6.0,3.0,unknown,1400000.0,0,1,1,unknown
Agadir,autre_secteur,True,Maison,50.0,2.0,1.0,unknown,480000.0,0,1,1,unknown
Agadir,hay_mohammadi,False,Maison,54.0,2.0,1.0,unknown,450000.0,0,1,1,unknown
Agadir,autre_secteur,True,Maison,92.0,6.0,3.0,unknown,1310000.0,0,1,1,unknown
Agadir,hay_al_wafaa,False,Maison,153.0,10.0,8.0,unknown,4000000.0,0,1,1,unknown
Agadir,el_houda,False,Maison,110.0,7.0,4.0,unknown,2400000.0,0,1,1,unknown
Agadir,abattoirs,False,Maison,64.0,1.0,1.0,unknown,2200000.0,0,1,1,unknown
Agadir,autre_secteur,True,Maison,500.0,9.0,4.0,unknown,1600000.0,0,1,1,unknown
Agadir,anoual_souss,False,Maison,72.0,4.0,1.0,unknown,450000.0,0,1,1,unknown
Agadir,haut_founty,False,Maison,300.0,6.0,3.0,unknown,3200000.0,0,1,1,unknown
Agadir,taddart_anza,False,Maison,50.0,5.0,3.0,unknown,700000.0,0,1,1,unknown
Agadir,hay_salam,False,Maison,40.0,1.0,1.0,unknown,400000.0,0,1,1,unknown
Agadir,tilila,False,Maison,140.0,5.0,3.0,unknown,2600000.0,0,1,1,unknown
Agadir,tamraght,False,Maison,94.0,6.0,3.0,unknown,2000000.0,0,1,1,unknown
Agadir,lekhiam,False,Maison,234.0,3.0,3.0,unknown,1800000.0,0,1,1,unknown
Agadir,hay_mohammadi,False,Maison,80.0,3.0,1.0,unknown,450000.0,0,1,1,unknown
Agadir,tilila,False,Maison,361.0,6.0,6.0,unknown,2200000.0,0,1,1,unknown
Agadir,cité_adrar,False,Maison,802.0,4.0,1.0,unknown,2400000.0,0,1,1,unknown
Agadir,centre_ville,True,Maison,70.0,2.0,1.0,unknown,450000.0,0,1,1,unknown
Agadir,autre_secteur,True,Maison,67.0,4.0,2.0,unknown,1600000.0,0,1,1,unknown
Agadir,abattoirs,False,Maison,64.0,4.0,1.0,unknown,1950000.0,0,1,1,unknown
Agadir,founty,False,Maison,148.0,6.0,5.0,unknown,4500000.0,0,1,1,unknown
Agadir,haut_founty,False,Maison,300.0,6.0,3.0,unknown,3000000.0,0,1,1,unknown
Agadir,hay_dakhla,False,Maison,200.0,8.0,5.0,unknown,3000000.0,0,1,1,unknown
Agadir,hay_massira,False,Maison,108.0,2.0,3.0,unknown,1410000.0,0,1,1,unknown
Agadir,autre_secteur,True,Maison,110.0,3.0,1.0,unknown,200000.0,0,1,1,unknown
Agadir,haut_founty,False,Maison,150.0,5.0,3.0,unknown,4500000.0,0,1,1,unknown
Agadir,ouarzazate,False,Maison,100.0,6.0,3.0,unknown,700000.0,0,1,1,unknown
Agadir,maihta,False,Maison,104.0,4.0,2.0,unknown,1450000.0,0,1,1,unknown
Agadir,ait_melloul,False,Maison,80.0,6.0,3.0,unknown,1350000.0,0,1,1,unknown
Agadir,tiznit,False,Maison,140.0,3.0,2.0,unknown,820000.0,0,1,1,unknown
Agadir,el_massira,False,Maison,80.0,3.0,3.0,unknown,710000.0,0,1,1,unknown
Agadir,ait_melloul,False,Maison,67.0,4.0,3.0,unknown,830000.0,0,1,1,unknown
Agadir,autre_secteur,True,Maison,50.0,4.0,2.0,unknown,400000.0,0,1,1,unknown
Agadir,ouarzazate,False,Maison,100.0,2.0,2.0,unknown,1150000.0,0,1,1,unknown
Agadir,autre_secteur,True,Maison,89.0,4.0,1.0,unknown,300000.0,0,1,1,unknown
Agadir,tiznit,False,Maison,70.0,3.0,2.0,unknown,820000.0,0,1,1,unknown
Agadir,lamiaa,False,Maison,90.0,4.0,3.0,unknown,1250000.0,0,1,1,unknown
Agadir,mirleft,False,Maison,215.0,7.0,4.0,unknown,1300000.0,0,1,1,unknown
Agadir,tiznit,False,Maison,106.0,5.0,3.0,unknown,850000.0,0,1,1,unknown
Agadir,safi_2,False,Maison,50.0,3.0,2.0,unknown,470000.0,0,1,1,unknown
Agadir,autre_secteur,True,Maison,243.0,3.0,3.0,unknown,750000.0,0,1,1,unknown
Agadir,tiznit,False,Maison,180.0,3.0,2.0,unknown,320000.0,0,1,1,unknown
Agadir,autre_secteur,True,Maison,72.0,9.0,3.0,unknown,660000.0,0,1,1,unknown
Agadir,taroudant,False,Maison,68.0,7.0,4.0,unknown,900000.0,0,1,1,unknown
Agadir,autre_secteur,True,Maison,200.0,3.0,2.0,unknown,340000.0,0,1,1,unknown
Agadir,taroudant,False,Maison,220.0,5.0,4.0,unknown,2200000.0,0,1,1,unknown
Agadir,tiznit,False,Maison,120.0,3.0,2.0,unknown,1850000.0,0,1,1,unknown
Agadir,tiznit,False,Maison,206.0,3.0,2.0,unknown,1600000.0,0,1,1,unknown
Agadir,ait_melloul,False,Maison,80.0,5.0,3.0,unknown,920000.0,0,1,1,unknown
Agadir,inzegan,False,Maison,55.0,5.0,3.0,unknown,730000.0,0,1,1,unknown
Agadir,ourida_1_et_2,False,Maison,116.0,9.0,4.0,unknown,1100000.0,0,1,1,unknown
Agadir,ouarzazate,False,Maison,100.0,6.0,6.0,unknown,750000.0,0,1,1,unknown
Agadir,jnane_colonne_1_et_2,False,Maison,100.0,5.0,2.0,unknown,900000.0,0,1,1,unknown
Agadir,ouarzazate,False,Maison,100.0,5.0,6.0,unknown,1300000.0,0,1,1,unknown
Agadir,ait_melloul,False,Maison,75.0,6.0,3.0,unknown,700000.0,0,1,1,unknown
Agadir,tiznit,False,Maison,100.0,4.0,4.0,unknown,120000.0,0,1,1,unknown
Agadir,tiznit,False,Maison,188.0,10.0,6.0,unknown,1280000.0,0,1,1,unknown
Agadir,maihta,False,Maison,84.0,5.0,3.0,unknown,1300000.0,0,1,1,unknown
Agadir,zagora,False,Maison,302.0,5.0,2.0,unknown,1250000.0,0,1,1,unknown
Agadir,tiznit,False,Maison,93.0,9.0,3.0,unknown,1200000.0,0,1,1,unknown
Agadir,tiznit,False,Maison,372.0,5.0,4.0,unknown,1200000.0,0,1,1,unknown
Agadir,maihta,False,Maison,104.0,4.0,3.0,unknown,1550000.0,0,1,1,unknown
Agadir,tiznit,False,Maison,81.0,2.0,2.0,unknown,950000.0,0,1,1,unknown
Agadir,taroudant,False,Maison,108.0,6.0,2.0,unknown,1500000.0,0,1,1,unknown
Agadir,ait_melloul,False,Maison,260.0,4.0,3.0,unknown,1350000.0,0,1,1,unknown
Agadir,taghazout,False,Maison,124.0,2.0,3.0,unknown,3700000.0,0,1,1,unknown
Agadir,swinia,False,Maison,140.0,3.0,3.0,unknown,1200000.0,0,1,1,unknown
Agadir,ouarzazate,False,Maison,100.0,4.0,2.0,unknown,640000.0,0,1,1,unknown
Agadir,autre_secteur,True,Maison,122.0,9.0,3.0,unknown,1620000.0,0,1,1,unknown
Agadir,ait_melloul,False,Maison,70.0,3.0,2.0,unknown,700000.0,0,1,1,unknown
Agadir,taroudant,False,Maison,80.0,4.0,2.0,unknown,560000.0,0,1,1,unknown
Agadir,tiznit,False,Maison,60.0,2.0,2.0,unknown,300000.0,0,1,1,unknown
Agadir,mirleft,False,Maison,86.0,3.0,2.0,unknown,350000.0,0,1,1,unknown
Agadir,taroudant,False,Maison,80.0,4.0,2.0,unknown,340000.0,0,1,1,unknown
Agadir,tikiouine,False,Maison,45.0,4.0,2.0,unknown,620000.0,0,1,1,unknown
Agadir,tikiouine,False,Maison,50.0,4.0,2.0,unknown,500000.0,0,1,1,unknown
Agadir,ait_melloul,False,Maison,260.0,5.0,3.0,unknown,2900000.0,0,1,1,unknown
Agadir,inzegan,False,Maison,50.0,7.0,4.0,unknown,630000.0,0,1,1,unknown
Agadir,mirleft,False,Maison,80.0,2.0,0.0,unknown,850000.0,0,1,1,unknown
Agadir,taroudant,False,Maison,76.0,6.0,3.0,unknown,800000.0,0,1,1,unknown
Agadir,sidi_ifni,False,Maison,80.0,3.0,1.0,unknown,500000.0,0,1,1,unknown
Agadir,azib_derai,False,Maison,60.0,2.0,2.0,unknown,460000.0,0,1,1,unknown
Agadir,inzegan,False,Maison,181.0,4.0,1.0,unknown,850000.0,0,1,1,unknown
Agadir,hay_essalam,False,Maison,150.0,12.0,3.0,unknown,1250000.0,0,1,1,unknown
Agadir,hay_anas,False,Maison,120.0,6.0,3.0,unknown,1100000.0,0,1,1,unknown
Agadir,ouarzazate,False,Maison,200.0,6.0,2.0,unknown,750000.0,0,1,1,unknown
Agadir,ouarzazate,False,Maison,70.0,4.0,2.0,unknown,290000.0,0,1,1,unknown
Fes,centre,True,Maison,88.0,4.0,2.0,unknown,840000.0,0,1,1,unknown
Fes,route_ain_chkaf,False,Maison,272.0,3.0,4.0,unknown,1150000.0,0,1,1,unknown
Fes,autre_secteur,True,Maison,96.0,2.0,1.0,unknown,270000.0,0,1,1,unknown
Fes,bad_boujloud,False,Maison,120.0,4.0,0.0,unknown,842500.0,0,1,1,unknown
Fes,ain_haroun,False,Maison,300.0,3.0,3.0,unknown,600000.0,0,1,1,unknown
Fes,autre_secteur,True,Maison,120.0,6.0,2.0,unknown,1500000.0,0,1,1,unknown
Fes,mont_fleuri,False,Maison,65.0,2.0,2.0,unknown,350000.0,0,1,1,unknown
Fes,tghat,False,Maison,110.0,3.0,2.0,unknown,680000.0,0,1,1,unknown
Fes,oued_fès,False,Maison,75.0,3.0,1.0,unknown,250000.0,0,1,1,unknown
Fes,fès_médina,False,Maison,120.0,6.0,6.0,unknown,700000.0,0,1,1,unknown
Fes,zouagha,False,Maison,240.0,6.0,6.0,unknown,1600000.0,0,1,1,unknown
Fes,ben_souda,False,Maison,137.0,3.0,1.0,unknown,1600000.0,0,1,1,unknown
Fes,autre_secteur,True,Maison,110.0,3.0,2.0,unknown,560000.0,0,1,1,unknown
Fes,ancienne_médina,False,Maison,252.0,4.0,4.0,unknown,850000.0,0,1,1,unknown
Fes,centre,True,Maison,100.0,4.0,3.0,unknown,1200000.0,0,1,1,unknown
Fes,saies,False,Maison,300.0,5.0,3.0,unknown,1300000.0,0,1,1,unknown
Fes,ben_souda,False,Maison,154.0,3.0,0.0,unknown,750000.0,0,1,1,unknown
Fes,route_de_sefrou,False,Maison,69.0,2.0,1.0,unknown,429000.0,0,1,1,unknown
Fes,hay_atlas,False,Maison,200.0,4.0,3.0,unknown,1250000.0,0,1,1,unknown
Fes,talaa,False,Maison,400.0,4.0,2.0,unknown,1500000.0,0,1,1,unknown
Fes,autre_secteur,True,Maison,113.0,5.0,3.0,unknown,1200000.0,0,1,1,unknown
Fes,zouagha,False,Maison,70.0,2.0,1.0,unknown,600000.0,0,1,1,unknown
Fes,oued_fès,False,Maison,83.0,2.0,2.0,unknown,320000.0,0,1,1,unknown
Fes,agdal,False,Maison,250.0,4.0,2.0,unknown,1240000.0,0,1,1,unknown
Fes,route_ain_chkaf,False,Maison,125.0,3.0,2.0,unknown,690000.0,0,1,1,unknown
Fes,agdal,False,Maison,133.0,2.0,1.0,unknown,750000.0,0,1,1,unknown
Fes,dar_mehrez,False,Maison,120.0,3.0,1.0,unknown,420000.0,0,1,1,unknown
Fes,route_de_meknes,False,Maison,70.0,3.0,2.0,unknown,500000.0,0,1,1,unknown
Fes,oued_fès,False,Maison,83.0,2.0,1.0,unknown,340000.0,0,1,1,unknown
Fes,tghat,False,Maison,72.0,1.0,1.0,unknown,350000.0,0,1,1,unknown
Fes,fès_médina,False,Maison,80.0,2.0,1.0,unknown,380000.0,0,1,1,unknown
Fes,hay_saada,False,Maison,138.0,1.0,1.0,unknown,500000.0,0,1,1,unknown
Fes,ben_souda,False,Maison,118.0,3.0,1.0,unknown,1600000.0,0,1,1,unknown
Fes,zouagha,False,Maison,50.0,1.0,1.0,unknown,180000.0,0,1,1,unknown
Fes,zouagha,False,Maison,90.0,2.0,1.0,unknown,360000.0,0,1,1,unknown
Fes,autre_secteur,True,Maison,100.0,5.0,2.0,unknown,620000.0,0,1,1,unknown
Fes,fès_médina,False,Maison,80.0,2.0,2.0,unknown,380000.0,0,1,1,unknown
Fes,fes_jdid,False,Maison,80.0,2.0,1.0,unknown,380000.0,0,1,1,unknown
Fes,ancienne_médina,False,Maison,75.0,3.0,2.0,unknown,850000.0,0,1,1,unknown
Fes,fès,False,Maison,113.0,5.0,3.0,unknown,1500000.0,0,1,1,unknown
Fes,oued_fès,False,Maison,220.0,4.0,2.0,unknown,1800000.0,0,1,1,unknown
Fes,autre_secteur,True,Maison,88.0,3.0,1.0,unknown,290000.0,0,1,1,unknown
Fes,autre_secteur,True,Maison,120.0,2.0,2.0,unknown,560000.0,0,1,1,unknown
Fes,jnan_el_ward,False,Maison,100.0,2.0,2.0,unknown,160000.0,0,1,1,unknown
Fes,agdal,False,Maison,376.0,5.0,3.0,unknown,1700000.0,0,1,1,unknown
Fes,autre_secteur,True,Maison,90.0,3.0,3.0,unknown,360000.0,0,1,1,unknown
Fes,jnan_el_ward,False,Maison,70.0,1.0,1.0,unknown,260000.0,0,1,1,unknown
Fes,oued_fès,False,Maison,90.0,3.0,2.0,unknown,490000.0,0,1,1,unknown
Fes,ain_kadous,False,Maison,92.0,4.0,2.0,unknown,830000.0,0,1,1,unknown
Fes,ain_kadous,False,Maison,92.0,4.0,1.0,unknown,830000.0,0,1,1,unknown
Fes,autre_secteur,True,Maison,98.0,2.0,1.0,unknown,500000.0,0,1,1,unknown
Fes,hay_saada,False,Maison,90.0,3.0,2.0,unknown,1400000.0,0,1,1,unknown
Fes,centre,True,Maison,60.0,1.0,0.0,unknown,100000.0,0,1,1,unknown
Fes,mont_fleuri_2,False,Maison,139.0,3.0,1.0,unknown,1800000.0,0,1,1,unknown
Fes,agdal,False,Maison,350.0,7.0,4.0,unknown,2000000.0,0,1,1,unknown
Fes,route_d_immouzere,False,Maison,330.0,6.0,4.0,unknown,3200000.0,0,1,1,unknown
Fes,route_de_meknes,False,Maison,82.0,5.0,3.0,unknown,1150000.0,0,1,1,unknown
Fes,route_ain_chkaf,False,Maison,108.0,2.0,2.0,unknown,620000.0,0,1,1,unknown
Fes,saies,False,Maison,600.0,3.0,2.0,unknown,800000.0,0,1,1,unknown
Fes,tghat,False,Maison,300.0,7.0,5.0,unknown,1800000.0,0,1,1,unknown
Fes,route_de_meknes,False,Maison,116.0,3.0,2.0,unknown,480000.0,0,1,1,unknown
Fes,autre_secteur,True,Maison,126.0,3.0,2.0,unknown,300000.0,0,1,1,unknown
Fes,narjis,False,Maison,137.0,2.0,2.0,unknown,1900000.0,0,1,1,unknown
Fes,ancienne_médina,False,Maison,400.0,3.0,2.0,unknown,1000000.0,0,1,1,unknown
Fes,ben_souda,False,Maison,84.0,2.0,1.0,unknown,180000.0,0,1,1,unknown
Fes,fes_jdid,False,Maison,70.0,4.0,1.0,unknown,240000.0,0,1,1,unknown
Fes,fes_jdid,False,Maison,50.0,3.0,4.0,unknown,360000.0,0,1,1,unknown
Fes,ancienne_médina,False,Maison,120.0,5.0,2.0,unknown,580000.0,0,1,1,unknown
Fes,ain_kadous,False,Maison,312.0,5.0,3.0,unknown,940000.0,0,1,1,unknown
Fes,autre_secteur,True,Maison,78.0,2.0,2.0,unknown,370000.0,0,1,1,unknown
Fes,agdal,False,Maison,250.0,4.0,2.0,unknown,1280000.0,0,1,1,unknown
Fes,ben_debbab,False,Maison,84.0,6.0,4.0,unknown,800000.0,0,1,1,unknown
Fes,route_ain_chkaf,False,Maison,81.0,3.0,2.0,unknown,480000.0,0,1,1,unknown
Fes,route_ain_chkaf,False,Maison,101.0,7.0,4.0,unknown,750000.0,0,1,1,unknown
Fes,zouagha,False,Maison,98.0,2.0,1.0,unknown,280000.0,0,1,1,unknown
Fes,centre,True,Maison,75.0,2.0,1.0,unknown,560000.0,0,1,1,unknown
Fes,zouagha,False,Maison,450.0,7.0,4.0,unknown,2600000.0,0,1,1,unknown
Fes,autre_secteur,True,Maison,62.0,2.0,1.0,unknown,230000.0,0,1,1,unknown
Fes,aaouinat_hajjaj,False,Maison,55.0,2.0,1.0,unknown,150000.0,0,1,1,unknown
Fes,ben_souda,False,Maison,76.0,2.0,1.0,unknown,300000.0,0,1,1,unknown
Fes,ben_souda,False,Maison,84.0,5.0,3.0,unknown,530000.0,0,1,1,unknown
Fes,fès_médina,False,Maison,400.0,3.0,2.0,unknown,1000000.0,0,1,1,unknown
Fes,les_mérinides,False,Maison,80.0,2.0,0.0,unknown,140000.0,0,1,1,unknown
Fes,aaouinat_hajjaj,False,Maison,68.0,4.0,1.0,unknown,350000.0,0,1,1,unknown
Fes,zouagha,False,Maison,450.0,7.0,4.0,unknown,2850000.0,0,1,1,unknown
Fes,agdal,False,Maison,140.0,2.0,2.0,unknown,950000.0,0,1,1,unknown
Fes,zouagha,False,Maison,280.0,5.0,3.0,unknown,600000.0,0,1,1,unknown
Fes,mont_fleuri,False,Maison,110.0,4.0,2.0,unknown,950000.0,0,1,1,unknown
Fes,zouagha,False,Maison,324.0,7.0,4.0,unknown,2100000.0,0,1,1,unknown
Fes,route_de_sefrou,False,Maison,142.0,3.0,1.0,unknown,700000.0,0,1,1,unknown
Fes,ben_souda,False,Maison,330.0,6.0,3.0,unknown,800000.0,0,1,1,unknown
Fes,autre_secteur,True,Maison,93.0,2.0,0.0,unknown,340000.0,0,1,1,unknown
Fes,ouled_tayeb,False,Maison,50.0,1.0,1.0,unknown,160000.0,0,1,1,unknown
Fes,route_ain_chkaf,False,Maison,75.0,3.0,1.0,unknown,260000.0,0,1,1,unknown
Fes,batha,False,Maison,380.0,3.0,2.0,unknown,1000000.0,0,1,1,unknown
Fes,autre_secteur,True,Maison,90.0,3.0,2.0,unknown,1250000.0,0,1,1,unknown
Fes,jnan_el_ward,False,Maison,70.0,1.0,2.0,unknown,260000.0,0,1,1,unknown
Fes,route_ain_chkaf,False,Maison,70.0,2.0,1.0,unknown,270000.0,0,1,1,unknown
Fes,agdal,False,Maison,165.0,2.0,2.0,unknown,745000.0,0,1,1,unknown
Fes,zouagha,False,Maison,125.0,3.0,0.0,unknown,330000.0,0,1,1,unknown
Fes,mechouar,False,Maison,102.0,3.0,1.0,unknown,600000.0,0,1,1,unknown
Fes,ben_debbab,False,Maison,67.0,1.0,1.0,unknown,100000.0,0,1,1,unknown
Fes,route_ain_chkaf,False,Maison,160.0,4.0,4.0,unknown,635000.0,0,1,1,unknown
Fes,ancienne_médina,False,Maison,100.0,1.0,1.0,unknown,240000.0,0,1,1,unknown
Fes,zouagha,False,Maison,232.0,2.0,2.0,unknown,350000.0,0,1,1,unknown
Fes,ain_kadous,False,Maison,95.0,6.0,3.0,unknown,550000.0,0,1,1,unknown
Fes,laayoun,False,Maison,202.0,2.0,2.0,unknown,640000.0,0,1,1,unknown
Fes,autre_secteur,True,Maison,120.0,4.0,3.0,unknown,120000.0,0,1,1,unknown
Fes,sefrou,False,Maison,420.0,2.0,1.0,unknown,460000.0,0,1,1,unknown
Taza,taza,False,Maison,104.0,4.0,2.0,unknown,1000000.0,0,1,1,unknown
Fes,sefrou,False,Maison,112.0,6.0,3.0,unknown,900000.0,0,1,1,unknown
Fes,autre_secteur,True,Maison,100.0,9.0,4.0,unknown,1350000.0,0,1,1,unknown
Fes,el_bassatine,False,Maison,104.0,5.0,3.0,unknown,1550000.0,0,1,1,unknown
Fes,mèdina,False,Maison,134.0,2.0,1.0,unknown,1680000.0,0,1,1,unknown
Fes,bourj_moulay_omar,False,Maison,51.0,4.0,2.0,unknown,500000.0,0,1,1,unknown
Fes,sidi_bouzekri,False,Maison,62.0,5.0,2.0,unknown,520000.0,0,1,1,unknown
Fes,mèdina,False,Maison,100.0,2.0,1.0,unknown,750000.0,0,1,1,unknown
Fes,bourj_moulay_omar,False,Maison,384.0,6.0,3.0,unknown,1600000.0,0,1,1,unknown
Fes,sidi_bouzekri,False,Maison,45.0,4.0,1.0,unknown,460000.0,0,1,1,unknown
Fes,autre_secteur,True,Maison,360.0,4.0,4.0,unknown,1950000.0,0,1,1,unknown
Taza,taza,False,Maison,260.0,8.0,2.0,unknown,960000.0,0,1,1,unknown
Fes,wislane,False,Maison,60.0,2.0,2.0,unknown,190000.0,0,1,1,unknown
Fes,autre_secteur,True,Maison,90.0,2.0,1.0,unknown,780000.0,0,1,1,unknown
Taza,taza,False,Maison,150.0,2.0,1.0,unknown,150000.0,0,1,1,unknown
Fes,wislane,False,Maison,68.0,2.0,1.0,unknown,760000.0,0,1,1,unknown
Fes,sefrou,False,Maison,148.0,2.0,4.0,unknown,1800000.0,0,1,1,unknown
Fes,zitoune,False,Maison,378.0,7.0,3.0,unknown,1800000.0,0,1,1,unknown
Fes,el_bassatine,False,Maison,340.0,5.0,3.0,unknown,1400000.0,0,1,1,unknown
Taza,taza,False,Maison,290.0,6.0,5.0,unknown,1300000.0,0,1,1,unknown
Fes,marjane_2,False,Maison,263.0,3.0,3.0,unknown,1270000.0,0,1,1,unknown
Fes,autre_secteur,True,Maison,208.0,7.0,3.0,unknown,760000.0,0,1,1,unknown
Fes,wislane,False,Maison,369.0,8.0,3.0,unknown,1150000.0,0,1,1,unknown
Fes,autre_secteur,True,Maison,96.0,7.0,2.0,unknown,1200000.0,0,1,1,unknown
Fes,sefrou,False,Maison,270.0,4.0,1.0,unknown,1300000.0,0,1,1,unknown
Fes,autre_secteur,True,Maison,68.0,4.0,2.0,unknown,280000.0,0,1,1,unknown
Taza,taza,False,Maison,120.0,4.0,1.0,unknown,900000.0,0,1,1,unknown
Fes,wislane,False,Maison,77.0,2.0,2.0,unknown,340000.0,0,1,1,unknown
Fes,autre_secteur,True,Maison,1116.0,5.0,2.0,unknown,3348000.0,0,1,1,unknown
Taza,taza,False,Maison,240.0,4.0,2.0,unknown,1350000.0,0,1,1,unknown
Fes,ben_mohammed,False,Maison,76.0,2.0,3.0,unknown,880000.0,0,1,1,unknown
Fes,sidi_bouzekri,False,Maison,64.0,1.0,2.0,unknown,280000.0,0,1,1,unknown
Fes,autre_secteur,True,Maison,200.0,4.0,3.0,unknown,620000.0,0,1,1,unknown
Fes,ancienne_médina,False,Maison,150.0,3.0,2.0,unknown,230000.0,0,1,1,unknown
Fes,sefrou,False,Maison,120.0,3.0,2.0,unknown,320000.0,0,1,1,unknown
Fes,wislane,False,Maison,330.0,2.0,1.0,unknown,720000.0,0,1,1,unknown
Fes,wislane,False,Maison,80.0,4.0,2.0,unknown,600000.0,0,1,1,unknown
Fes,autre_secteur,True,Maison,120.0,10.0,3.0,unknown,1360000.0,0,1,1,unknown
Fes,autre_secteur,True,Maison,360.0,6.0,3.0,unknown,1700000.0,0,1,1,unknown
Fes,wislane,False,Maison,960.0,5.0,3.0,unknown,2700000.0,0,1,1,unknown
Fes,el_bassatine,False,Maison,105.0,3.0,2.0,unknown,1000000.0,0,1,1,unknown
Fes,wislane,False,Maison,540.0,10.0,4.0,unknown,2000000.0,0,1,1,unknown
Fes,marjane_2,False,Maison,410.0,6.0,2.0,unknown,2200000.0,0,1,1,unknown
Fes,el_bassatine,False,Maison,123.0,9.0,4.0,unknown,1550000.0,0,1,1,unknown
Fes,wislane,False,Maison,97.0,3.0,2.0,unknown,1400000.0,0,1,1,unknown
Fes,sbata,False,Maison,450.0,12.0,4.0,unknown,1250000.0,0,1,1,unknown
Fes,el_bassatine,False,Maison,200.0,4.0,3.0,unknown,900000.0,0,1,1,unknown
Fes,wislane,False,Maison,100.0,2.0,1.0,unknown,300000.0,0,1,1,unknown
Fes,sidi_bouzekri,False,Maison,55.0,5.0,3.0,unknown,500000.0,0,1,1,unknown
Fes,zerhounia,False,Maison,70.0,5.0,3.0,unknown,500000.0,0,1,1,unknown
Fes,hay_salam,False,Maison,100.0,5.0,4.0,unknown,1400000.0,0,1,1,unknown
Fes,wislane,False,Maison,100.0,2.0,1.0,unknown,660000.0,0,1,1,unknown
Fes,autre_secteur,True,Maison,440.0,7.0,6.0,unknown,2350000.0,0,1,1,unknown
Fes,wislane,False,Maison,100.0,2.0,1.0,unknown,287000.0,0,1,1,unknown
Fes,el_mechouar_stinia,False,Maison,77.0,8.0,4.0,unknown,970000.0,0,1,1,unknown
Fes,el_bassatine,False,Maison,80.0,2.0,1.0,unknown,500000.0,0,1,1,unknown
Fes,autre_secteur,True,Maison,440.0,8.0,7.0,unknown,2400000.0,0,1,1,unknown
Fes,zitoune,False,Maison,188.0,14.0,2.0,unknown,1000000.0,0,1,1,unknown
Fes,wislane,False,Maison,100.0,4.0,1.0,unknown,340000.0,0,1,1,unknown
Fes,wislane,False,Maison,404.0,3.0,2.0,unknown,2200000.0,0,1,1,unknown
Fes,wislane,False,Maison,94.0,6.0,3.0,unknown,790000.0,0,1,1,unknown
Taza,taza,False,Maison,110.0,3.0,2.0,unknown,600000.0,0,1,1,unknown
Taza,taza,False,Maison,131.0,3.0,2.0,unknown,1500000.0,0,1,1,unknown
Fes,autre_secteur,True,Maison,270.0,6.0,2.0,unknown,1900000.0,0,1,1,unknown
Fes,bourj_moulay_omar,False,Maison,50.0,1.0,1.0,unknown,250000.0,0,1,1,unknown
Fes,bourj_moulay_omar,False,Maison,320.0,7.0,3.0,unknown,850000.0,0,1,1,unknown
Fes,el_bassatine,False,Maison,300.0,8.0,3.0,unknown,1200000.0,0,1,1,unknown
Fes,hay_salam,False,Maison,500.0,4.0,2.0,unknown,2500000.0,0,1,1,unknown
Fes,autre_secteur,True,Maison,132.0,7.0,4.0,unknown,970000.0,0,1,1,unknown
Fes,riad_toulal,False,Maison,120.0,5.0,3.0,unknown,1500000.0,0,1,1,unknown
Fes,autre_secteur,True,Maison,120.0,4.0,4.0,unknown,160000.0,0,1,1,unknown
Fes,wislane,False,Maison,84.0,3.0,2.0,unknown,600000.0,0,1,1,unknown
Taza,taza,False,Maison,96.0,2.0,1.0,unknown,1180000.0,0,1,1,unknown
Fes,el_bassatine,False,Maison,100.0,4.0,2.0,unknown,520000.0,0,1,1,unknown
Fes,wislane,False,Maison,154.0,7.0,3.0,unknown,1500000.0,0,1,1,unknown
Fes,marjane_2,False,Maison,120.0,9.0,6.0,unknown,1650000.0,0,1,1,unknown
Fes,autre_secteur,True,Maison,428.0,5.0,3.0,unknown,1820000.0,0,1,1,unknown
Fes,el_bassatine,False,Maison,137.0,3.0,2.0,unknown,1600000.0,0,1,1,unknown
Fes,marjane_2,False,Maison,135.0,1.0,0.0,unknown,1950000.0,0,1,1,unknown
Fes,sefrou,False,Maison,200.0,4.0,4.0,unknown,700000.0,0,1,1,unknown
Fes,riad_toulal,False,Maison,61.0,3.0,1.0,unknown,300000.0,0,1,1,unknown
Fes,sefrou,False,Maison,128.0,5.0,2.0,unknown,1100000.0,0,1,1,unknown
Fes,sidi_said,False,Maison,111.0,10.0,3.0,unknown,1600000.0,0,1,1,unknown
Fes,autre_secteur,True,Maison,58.0,2.0,2.0,unknown,385000.0,0,1,1,unknown
Fes,wislane,False,Maison,70.0,4.0,2.0,unknown,650000.0,0,1,1,unknown
Fes,autre_secteur,True,Maison,195.0,9.0,6.0,unknown,1500000.0,0,1,1,unknown
Fes,ancienne_médina,False,Maison,70.0,3.0,1.0,unknown,300000.0,0,1,1,unknown
Fes,el_bassatine,False,Maison,107.0,5.0,3.0,unknown,1300000.0,0,1,1,unknown
Fes,marjane_2,False,Maison,96.0,6.0,4.0,unknown,1400000.0,0,1,1,unknown
Fes,wislane,False,Maison,438.0,6.0,3.0,unknown,1250000.0,0,1,1,unknown
Fes,el_bassatine,False,Maison,120.0,2.0,2.0,unknown,1400000.0,0,1,1,unknown
Taza,taza,False,Maison,107.0,6.0,4.0,unknown,1650000.0,0,1,1,unknown
Fes,el_bassatine,False,Maison,103.0,5.0,3.0,unknown,950000.0,0,1,1,unknown
Fes,el_bassatine,False,Maison,300.0,4.0,3.0,unknown,1150000.0,0,1,1,unknown
Fes,autre_secteur,True,Maison,210.0,4.0,3.0,unknown,640000.0,0,1,1,unknown
Fes,wislane,False,Maison,100.0,5.0,3.0,unknown,850000.0,0,1,1,unknown
Fes,sefrou,False,Maison,100.0,2.0,2.0,unknown,460000.0,0,1,1,unknown
Fes,wislane,False,Maison,80.0,2.0,1.0,unknown,500000.0,0,1,1,unknown
Fes,autre_secteur,True,Maison,320.0,4.0,2.0,unknown,1700000.0,0,1,1,unknown
Fes,marjane_2,False,Maison,100.0,3.0,1.0,unknown,560000.0,0,1,1,unknown
Fes,sefrou,False,Maison,42.0,1.0,1.0,unknown,115000.0,0,1,1,unknown
Fes,autre_secteur,True,Maison,153.0,3.0,2.0,unknown,590000.0,0,1,1,unknown
Fes,zerhounia,False,Maison,320.0,7.0,1.0,unknown,1600000.0,0,1,1,unknown
Fes,outat_el_haj,False,Maison,120.0,3.0,2.0,unknown,950000.0,0,1,1,unknown
Fes,autre_secteur,True,Maison,84.0,3.0,2.0,unknown,520000.0,0,1,1,unknown
Fes,hay_salam,False,Maison,200.0,4.0,3.0,unknown,830000.0,0,1,1,unknown
Fes,sefrou,False,Maison,80.0,2.0,1.0,unknown,270000.0,0,1,1,unknown
Fes,marjane_2,False,Maison,400.0,6.0,5.0,unknown,2300000.0,0,1,1,unknown
Fes,autre_secteur,True,Maison,110.0,5.0,3.0,unknown,1100000.0,0,1,1,unknown
Fes,autre_secteur,True,Maison,86.0,4.0,2.0,unknown,660000.0,0,1,1,unknown
Fes,marjane_2,False,Maison,320.0,6.0,4.0,unknown,1750000.0,0,1,1,unknown
Fes,nouveau_mellah,False,Maison,120.0,7.0,2.0,unknown,800000.0,0,1,1,unknown
Fes,zitoune,False,Maison,210.0,4.0,3.0,unknown,770000.0,0,1,1,unknown
Meknes,wislane,False,Maison,340.0,4.0,4.0,unknown,1700000.0,0,1,1,unknown
Meknes,autre_secteur,True,Maison,78.0,2.0,1.0,unknown,290000.0,0,1,1,unknown
Meknes,el_bassatine,False,Maison,101.0,2.0,1.0,unknown,570000.0,0,1,1,unknown
Meknes,wislane,False,Maison,60.0,2.0,1.0,unknown,220000.0,0,1,1,unknown
Meknes,wislane,False,Maison,54.0,2.0,1.0,unknown,320000.0,0,1,1,unknown
Meknes,marjane_2,False,Maison,510.0,8.0,5.0,unknown,1660000.0,0,1,1,unknown
Meknes,bourj_moulay_omar,False,Maison,120.0,7.0,2.0,unknown,750000.0,0,1,1,unknown
Meknes,zitoune,False,Maison,400.0,8.0,4.0,unknown,1350000.0,0,1,1,unknown
Meknes,autre_secteur,True,Maison,65.0,4.0,3.0,unknown,80000.0,0,1,1,unknown
Meknes,marjane_2,False,Maison,716.0,10.0,5.0,unknown,3950000.0,0,1,1,unknown
Meknes,bourj_moulay_omar,False,Maison,216.0,4.0,3.0,unknown,730000.0,0,1,1,unknown
Meknes,wislane,False,Maison,90.0,3.0,3.0,unknown,750000.0,0,1,1,unknown
Meknes,wislane,False,Maison,80.0,2.0,1.0,unknown,180000.0,0,1,1,unknown
Meknes,zitoune,False,Maison,200.0,5.0,4.0,unknown,600000.0,0,1,1,unknown
Kenitra,alliance,False,Maison,80.0,3.0,2.0,unknown,920000.0,0,1,1,unknown
Kenitra,ouled_oujih,False,Maison,160.0,4.0,2.0,unknown,3500000.0,0,1,1,unknown
Kenitra,ouled_oujih,False,Maison,80.0,4.0,3.0,unknown,1150000.0,0,1,1,unknown
Kenitra,al_maghrib_al_arabi,False,Maison,220.0,5.0,3.0,unknown,1450000.0,0,1,1,unknown
Kenitra,ouled_oujih,False,Maison,261.0,3.0,2.0,unknown,1500000.0,0,1,1,unknown
Kenitra,alliance,False,Maison,210.0,3.0,3.0,unknown,1430000.0,0,1,1,unknown
Kenitra,fouarate,False,Maison,96.0,2.0,1.0,unknown,980000.0,0,1,1,unknown
Kenitra,alliance,False,Maison,180.0,4.0,4.0,unknown,2150000.0,0,1,1,unknown
Kenitra,alliance,False,Maison,200.0,5.0,3.0,unknown,1540000.0,0,1,1,unknown
Kenitra,alliance,False,Maison,200.0,4.0,4.0,unknown,1850000.0,0,1,1,unknown
Kenitra,alliance,False,Maison,200.0,3.0,3.0,unknown,1250000.0,0,1,1,unknown
Kenitra,alliance,False,Maison,80.0,2.0,1.0,unknown,1100000.0,0,1,1,unknown
Kenitra,seyad,False,Maison,100.0,4.0,1.0,unknown,920000.0,0,1,1,unknown
Kenitra,saknia,False,Maison,240.0,6.0,3.0,unknown,1300000.0,0,1,1,unknown
Kenitra,autre_secteur,True,Maison,210.0,5.0,3.0,unknown,1100000.0,0,1,1,unknown
Kenitra,alliance,False,Maison,200.0,5.0,2.0,unknown,1430000.0,0,1,1,unknown
Kenitra,alliance,False,Maison,110.0,4.0,4.0,unknown,1850000.0,0,1,1,unknown
Kenitra,bir_rami,False,Maison,220.0,5.0,3.0,unknown,1700000.0,0,1,1,unknown
Tetouan,autre_secteur,True,Maison,302.0,6.0,3.0,unknown,1150000.0,0,1,1,unknown
Tetouan,autre_secteur,True,Maison,400.0,1.0,1.0,unknown,420000.0,0,1,1,unknown
Tetouan,al_mallalienne,False,Maison,140.0,7.0,6.0,unknown,2200000.0,0,1,1,unknown
Tetouan,centre_ville,True,Maison,105.0,9.0,3.0,unknown,2400000.0,0,1,1,unknown
Tetouan,el_matar,False,Maison,119.0,2.0,1.0,unknown,1400000.0,0,1,1,unknown
Tetouan,autre_secteur,True,Maison,300.0,2.0,1.0,unknown,560000.0,0,1,1,unknown
Tetouan,touilaa,False,Maison,178.0,4.0,1.0,unknown,680000.0,0,1,1,unknown
Tetouan,al_azhar,False,Maison,114.0,6.0,3.0,unknown,750000.0,0,1,1,unknown
Tetouan,centre_ville,True,Maison,100.0,6.0,3.0,unknown,1650000.0,0,1,1,unknown
Tetouan,autre_secteur,True,Maison,317.0,4.0,5.0,unknown,1450000.0,0,1,1,unknown
Tetouan,saniat_rmal,False,Maison,140.0,10.0,2.0,unknown,140000.0,0,1,1,unknown
Tetouan,autre_secteur,True,Maison,132.0,2.0,1.0,unknown,280000.0,0,1,1,unknown
Tetouan,autre_secteur,True,Maison,1500.0,4.0,2.0,unknown,1800000.0,0,1,1,unknown
Tetouan,autre_secteur,True,Maison,800.0,2.0,1.0,unknown,950000.0,0,1,1,unknown
Tetouan,centre_ville,True,Maison,140.0,3.0,1.0,unknown,1100000.0,0,1,1,unknown
Tetouan,autre_secteur,True,Maison,115.0,3.0,2.0,unknown,1350000.0,0,1,1,unknown
Tetouan,autre_secteur,True,Maison,120.0,4.0,3.0,unknown,1400000.0,0,1,1,unknown
Tetouan,wilaya,False,Maison,70.0,4.0,2.0,unknown,1400000.0,0,1,1,unknown
Tetouan,korat_essba,False,Maison,100.0,4.0,2.0,unknown,1000000.0,0,1,1,unknown
Tetouan,autre_secteur,True,Maison,400.0,3.0,1.0,unknown,850000.0,0,1,1,unknown
Tetouan,autre_secteur,True,Maison,100.0,4.0,2.0,unknown,650000.0,0,1,1,unknown
Tetouan,autre_secteur,True,Maison,60.0,1.0,1.0,unknown,580000.0,0,1,1,unknown
Tetouan,touilaa,False,Maison,120.0,3.0,1.0,unknown,750000.0,0,1,1,unknown
Tetouan,el_ensanche,False,Maison,100.0,8.0,2.0,unknown,800000.0,0,1,1,unknown
Tetouan,autre_secteur,True,Maison,270.0,2.0,2.0,unknown,680000.0,0,1,1,unknown
Tetouan,touabel,False,Maison,70.0,4.0,2.0,unknown,980000.0,0,1,1,unknown
Tetouan,el_matar,False,Maison,104.0,4.0,3.0,unknown,2100000.0,0,1,1,unknown
Tetouan,touilaa,False,Maison,90.0,2.0,2.0,unknown,400000.0,0,1,1,unknown
Tetouan,autre_secteur,True,Maison,90.0,2.0,1.0,unknown,450000.0,0,1,1,unknown
Tetouan,slaoui,False,Maison,102.0,3.0,2.0,unknown,2100000.0,0,1,1,unknown
Tetouan,autre_secteur,True,Maison,96.0,6.0,2.0,unknown,1220000.0,0,1,1,unknown
Tetouan,autre_secteur,True,Maison,86.0,3.0,2.0,unknown,400000.0,0,1,1,unknown
Tetouan,dyor_del_makhzen,False,Maison,58.0,2.0,2.0,unknown,270000.0,0,1,1,unknown
Tetouan,ziana,False,Maison,178.0,3.0,1.0,unknown,790000.0,0,1,1,unknown
Tetouan,autre_secteur,True,Maison,150.0,6.0,4.0,unknown,2700000.0,0,1,1,unknown
Tetouan,safir,False,Maison,115.0,6.0,3.0,unknown,2300000.0,0,1,1,unknown
Tetouan,tétouan,False,Maison,110.0,9.0,3.0,unknown,2200000.0,0,1,1,unknown
Tetouan,ziana,False,Maison,85.0,3.0,1.0,unknown,670000.0,0,1,1,unknown
Tetouan,al_mallalienne,False,Maison,1200.0,2.0,2.0,unknown,1200000.0,0,1,1,unknown
Tetouan,saniat_rmal,False,Maison,160.0,3.0,2.0,unknown,800000.0,0,1,1,unknown
Tetouan,taboula,False,Maison,120.0,4.0,5.0,unknown,650000.0,0,1,1,unknown
Tetouan,touilaa,False,Maison,92.0,2.0,1.0,unknown,450000.0,0,1,1,unknown
Tetouan,autre_secteur,True,Maison,117.0,1.0,1.0,unknown,850000.0,0,1,1,unknown
Tetouan,autre_secteur,True,Maison,400.0,2.0,1.0,unknown,550000.0,0,1,1,unknown
Tetouan,safir,False,Maison,220.0,3.0,1.0,unknown,300000.0,0,1,1,unknown
Tetouan,kouilma,False,Maison,110.0,4.0,3.0,unknown,1100000.0,0,1,1,unknown
Tetouan,wilaya,False,Maison,122.0,3.0,2.0,unknown,1350000.0,0,1,1,unknown
Tetouan,autre_secteur,True,Maison,140.0,5.0,4.0,unknown,2400000.0,0,1,1,unknown
Tetouan,centre_ville,True,Maison,80.0,4.0,0.0,unknown,600000.0,0,1,1,unknown
Tetouan,autre_secteur,True,Maison,270.0,2.0,1.0,unknown,650000.0,0,1,1,unknown
Tetouan,autre_secteur,True,Maison,214.0,2.0,3.0,unknown,500000.0,0,1,1,unknown
Tetouan,wilaya,False,Maison,155.0,6.0,3.0,unknown,2100000.0,0,1,1,unknown
Tetouan,centre_ville,True,Maison,85.0,5.0,2.0,unknown,1750000.0,0,1,1,unknown
Tetouan,saniat_rmal,False,Maison,180.0,4.0,3.0,unknown,1250000.0,0,1,1,unknown
Tetouan,autre_secteur,True,Maison,137.0,4.0,2.0,unknown,2300000.0,0,1,1,unknown
Tetouan,medina,False,Maison,130.0,5.0,2.0,unknown,1390000.0,0,1,1,unknown
Tetouan,centre_ville,True,Maison,140.0,3.0,1.0,unknown,920000.0,0,1,1,unknown
Tetouan,centre_ville,True,Maison,80.0,2.0,2.0,unknown,1300000.0,0,1,1,unknown
Tetouan,tamouda,False,Maison,70.0,4.0,2.0,unknown,1050000.0,0,1,1,unknown
Tetouan,centre_ville,True,Maison,100.0,1.0,1.0,unknown,230000.0,0,1,1,unknown
Tetouan,autre_secteur,True,Maison,300.0,4.0,4.0,unknown,1500000.0,0,1,1,unknown
Tetouan,autre_secteur,True,Maison,140.0,5.0,3.0,unknown,2400000.0,0,1,1,unknown
Essaouira,ghazoua,False,Maison,167.0,2.0,1.0,unknown,1200000.0,0,1,1,unknown
Essaouira,ghazoua,False,Maison,168.0,2.0,1.0,unknown,1200000.0,0,1,1,unknown
Essaouira,route_de_safi,False,Maison,120.0,4.0,2.0,unknown,650000.0,0,1,1,unknown
Essaouira,essaouira_el_jadida,False,Maison,1225.0,3.0,3.0,unknown,3800000.0,0,1,1,unknown
Essaouira,essaouira_el_jadida,False,Maison,96.0,4.0,2.0,unknown,1450000.0,0,1,1,unknown
Essaouira,ahl_agadir,False,Maison,150.0,2.0,2.0,unknown,1950000.0,0,1,1,unknown
Essaouira,borj,False,Maison,430.0,3.0,3.0,unknown,3300000.0,0,1,1,unknown
Essaouira,ben_guerir,False,Maison,50.0,4.0,2.0,unknown,320000.0,0,1,1,unknown
Essaouira,chichaoua,False,Maison,80.0,3.0,2.0,unknown,420000.0,0,1,1,unknown
Essaouira,ben_guerir,False,Maison,50.0,3.0,2.0,unknown,150000.0,0,1,1,unknown
Essaouira,ben_guerir,False,Maison,64.0,2.0,1.0,unknown,150000.0,0,1,1,unknown
Essaouira,chichaoua,False,Maison,260.0,2.0,1.0,unknown,1100000.0,0,1,1,unknown
Essaouira,chichaoua,False,Maison,120.0,4.0,2.0,unknown,1900000.0,0,1,1,unknown
Essaouira,al_haouz,False,Maison,150.0,2.0,0.0,unknown,500000.0,0,1,1,unknown
Essaouira,ben_guerir,False,Maison,148.0,6.0,1.0,unknown,1500000.0,0,1,1,unknown
Essaouira,chichaoua,False,Maison,80.0,3.0,2.0,unknown,520000.0,0,1,1,unknown
Essaouira,ben_guerir,False,Maison,286.0,3.0,4.0,unknown,1200000.0,0,1,1,unknown
Essaouira,ben_guerir,False,Maison,127.0,8.0,4.0,unknown,1100000.0,0,1,1,unknown
Oujda,jawhara,False,Maison,160.0,5.0,2.0,unknown,1150000.0,0,1,1,unknown
Oujda,autre_secteur,True,Maison,110.0,2.0,1.0,unknown,620000.0,0,1,1,unknown
Oujda,sidi_yahya,False,Maison,120.0,9.0,4.0,unknown,1050000.0,0,1,1,unknown
Oujda,autre_secteur,True,Maison,120.0,2.0,1.0,unknown,680000.0,0,1,1,unknown
Oujda,boustane,False,Maison,180.0,4.0,2.0,unknown,960000.0,0,1,1,unknown
Oujda,autre_secteur,True,Maison,190.0,4.0,2.0,unknown,720000.0,0,1,1,unknown
Oujda,hay_lazaret,False,Maison,119.0,2.0,1.0,unknown,485000.0,0,1,1,unknown
Oujda,hay_lazaret,False,Maison,139.0,5.0,2.0,unknown,780000.0,0,1,1,unknown
Oujda,autre_secteur,True,Maison,128.0,7.0,2.0,unknown,800000.0,0,1,1,unknown
Oujda,agdal,False,Maison,75.0,2.0,1.0,unknown,450000.0,0,1,1,unknown
Oujda,sidi_yahya,False,Maison,75.0,3.0,1.0,unknown,380000.0,0,1,1,unknown
Oujda,andalous,False,Maison,290.0,3.0,2.0,unknown,1400000.0,0,1,1,unknown
Oujda,hay_massira,False,Maison,623.0,4.0,2.0,unknown,2500000.0,0,1,1,unknown
Oujda,autre_secteur,True,Maison,62.0,3.0,1.0,unknown,360000.0,0,1,1,unknown
Oujda,centre_ville,True,Maison,400.0,8.0,3.0,unknown,1300000.0,0,1,1,unknown
Oujda,autre_secteur,True,Maison,470.0,3.0,2.0,unknown,1150000.0,0,1,1,unknown
Oujda,hay_zitoune,False,Maison,240.0,4.0,2.0,unknown,1500000.0,0,1,1,unknown
Oujda,agdal,False,Maison,65.0,3.0,2.0,unknown,500000.0,0,1,1,unknown
Oujda,centre_ville,True,Maison,160.0,4.0,2.0,unknown,700000.0,0,1,1,unknown
Oujda,hay_el_andalous,False,Maison,112.0,5.0,2.0,unknown,650000.0,0,1,1,unknown
Oujda,autre_secteur,True,Maison,120.0,3.0,1.0,unknown,570000.0,0,1,1,unknown
Oujda,hay_lazaret,False,Maison,140.0,6.0,3.0,unknown,900000.0,0,1,1,unknown
Oujda,autre_secteur,True,Maison,86.0,4.0,3.0,unknown,700000.0,0,1,1,unknown
Oujda,najd,False,Maison,99.0,3.0,5.0,unknown,600000.0,0,1,1,unknown
Oujda,nahda,False,Maison,60.0,3.0,1.0,unknown,470000.0,0,1,1,unknown
Oujda,centre_ville,True,Maison,390.0,4.0,2.0,unknown,675000.0,0,1,1,unknown
Oujda,oujda,False,Maison,550.0,5.0,4.0,unknown,1950000.0,0,1,1,unknown
Oujda,andalous,False,Maison,404.0,6.0,3.0,unknown,2000000.0,0,1,1,unknown
Oujda,hay_fath,False,Maison,160.0,3.0,2.0,unknown,760000.0,0,1,1,unknown
Oujda,hay_lazaret,False,Maison,150.0,4.0,2.0,unknown,750000.0,0,1,1,unknown
Oujda,agdal,False,Maison,110.0,3.0,2.0,unknown,940000.0,0,1,1,unknown
Oujda,hay_el_andalous,False,Maison,126.0,3.0,2.0,unknown,1100000.0,0,1,1,unknown
Oujda,autre_secteur,True,Maison,60.0,4.0,1.0,unknown,200000.0,0,1,1,unknown
Oujda,autre_secteur,True,Maison,240.0,4.0,2.0,unknown,1000000.0,0,1,1,unknown
Oujda,autre_secteur,True,Maison,118.0,5.0,4.0,unknown,1950000.0,0,1,1,unknown
Oujda,najd,False,Maison,105.0,4.0,2.0,unknown,800000.0,0,1,1,unknown
Oujda,sidi_yahya,False,Maison,130.0,2.0,1.0,unknown,1250000.0,0,1,1,unknown
Oujda,centre_ville,True,Maison,180.0,7.0,2.0,unknown,1450000.0,0,1,1,unknown
Oujda,nour,False,Maison,54.0,3.0,1.0,unknown,320000.0,0,1,1,unknown
Oujda,route_jerada,False,Maison,112.0,5.0,2.0,unknown,880000.0,0,1,1,unknown
Oujda,autre_secteur,True,Maison,50.0,2.0,2.0,unknown,400000.0,0,1,1,unknown
Oujda,centre_ville,True,Maison,67.0,3.0,3.0,unknown,560000.0,0,1,1,unknown
Oujda,oujda,False,Maison,50.0,1.0,2.0,unknown,400000.0,0,1,1,unknown
Oujda,autre_secteur,True,Maison,146.0,5.0,2.0,unknown,700000.0,0,1,1,unknown
Oujda,centre_ville,True,Maison,102.0,2.0,2.0,unknown,880000.0,0,1,1,unknown
Oujda,nour,False,Maison,220.0,5.0,3.0,unknown,890000.0,0,1,1,unknown
Oujda,autre_secteur,True,Maison,40.0,1.0,1.0,unknown,160000.0,0,1,1,unknown
Oujda,centre_ville,True,Maison,208.0,5.0,3.0,unknown,1250000.0,0,1,1,unknown
Oujda,hay_zitoune,False,Maison,142.0,6.0,3.0,unknown,1350000.0,0,1,1,unknown
Oujda,nahda,False,Maison,147.0,3.0,2.0,unknown,470000.0,0,1,1,unknown
Oujda,autre_secteur,True,Maison,80.0,4.0,2.0,unknown,500000.0,0,1,1,unknown
Oujda,andalous,False,Maison,396.0,5.0,3.0,unknown,1900000.0,0,1,1,unknown
Oujda,andalous,False,Maison,90.0,4.0,3.0,unknown,950000.0,0,1,1,unknown
Oujda,route_jerada,False,Maison,110.0,6.0,2.0,unknown,640000.0,0,1,1,unknown
Oujda,centre_ville,True,Maison,123.0,2.0,1.0,unknown,1600000.0,0,1,1,unknown
Oujda,route_jerada,False,Maison,120.0,3.0,2.0,unknown,1400000.0,0,1,1,unknown
Oujda,boustane,False,Maison,90.0,4.0,2.0,unknown,650000.0,0,1,1,unknown
Oujda,autre_secteur,True,Maison,171.0,4.0,3.0,unknown,1650000.0,0,1,1,unknown
Oujda,hay_lazaret,False,Maison,110.0,4.0,3.0,unknown,800000.0,0,1,1,unknown
Oujda,autre_secteur,True,Maison,107.0,2.0,2.0,unknown,1150000.0,0,1,1,unknown
Oujda,andalous,False,Maison,129.0,5.0,2.0,unknown,1500000.0,0,1,1,unknown
Oujda,hay_lazaret,False,Maison,113.0,4.0,2.0,unknown,1360000.0,0,1,1,unknown
Oujda,autre_secteur,True,Maison,192.0,5.0,1.0,unknown,900000.0,0,1,1,unknown
Oujda,oujda,False,Maison,108.0,4.0,3.0,unknown,820000.0,0,1,1,unknown
Oujda,autre_secteur,True,Maison,210.0,2.0,1.0,unknown,410000.0,0,1,1,unknown
Oujda,autre_secteur,True,Maison,140.0,2.0,2.0,unknown,420000.0,0,1,1,unknown
Oujda,autre_secteur,True,Maison,163.0,3.0,4.0,unknown,1100000.0,0,1,1,unknown
Oujda,autre_secteur,True,Maison,93.0,3.0,3.0,unknown,1040000.0,0,1,1,unknown
Oujda,autre_secteur,True,Maison,70.0,3.0,3.0,unknown,780000.0,0,1,1,unknown
Oujda,hay_boudir,False,Maison,100.0,2.0,2.0,unknown,950000.0,0,1,1,unknown
Oujda,hay_lazaret,False,Maison,80.0,3.0,2.0,unknown,250000.0,0,1,1,unknown
Oujda,autre_secteur,True,Maison,200.0,4.0,1.0,unknown,790000.0,0,1,1,unknown
Oujda,andalous,False,Maison,150.0,2.0,1.0,unknown,510000.0,0,1,1,unknown
Oujda,boustane,False,Maison,87.0,3.0,2.0,unknown,600000.0,0,1,1,unknown
Oujda,autre_secteur,True,Maison,100.0,2.0,1.0,unknown,260000.0,0,1,1,unknown
Oujda,route_jerada,False,Maison,300.0,5.0,2.0,unknown,2600000.0,0,1,1,unknown
Oujda,sidi_yahya,False,Maison,100.0,5.0,1.0,unknown,1380000.0,0,1,1,unknown
Oujda,hay_el_qods,False,Maison,333.0,7.0,3.0,unknown,3000000.0,0,1,1,unknown
Oujda,najd,False,Maison,63.0,3.0,2.0,unknown,600000.0,0,1,1,unknown
Oujda,autre_secteur,True,Maison,128.0,4.0,2.0,unknown,1080000.0,0,1,1,unknown
Oujda,jawhara,False,Maison,121.0,4.0,4.0,unknown,1750000.0,0,1,1,unknown
Oujda,autre_secteur,True,Maison,96.0,4.0,2.0,unknown,650000.0,0,1,1,unknown
Oujda,sidi_yahya,False,Maison,320.0,7.0,3.0,unknown,1250000.0,0,1,1,unknown
Oujda,najd,False,Maison,145.0,5.0,2.0,unknown,450000.0,0,1,1,unknown
Oujda,autre_secteur,True,Maison,108.0,3.0,2.0,unknown,500000.0,0,1,1,unknown
Oujda,route_jerada,False,Maison,139.0,5.0,2.0,unknown,1300000.0,0,1,1,unknown
Oujda,nour,False,Maison,448.0,4.0,1.0,unknown,1260000.0,0,1,1,unknown
Oujda,route_jerada,False,Maison,114.0,1.0,1.0,unknown,770000.0,0,1,1,unknown
Oujda,najd,False,Maison,112.0,3.0,1.0,unknown,300000.0,0,1,1,unknown
Oujda,hay_lazaret,False,Maison,320.0,6.0,2.0,unknown,800000.0,0,1,1,unknown
Oujda,riad_isli,False,Maison,180.0,3.0,3.0,unknown,1900000.0,0,1,1,unknown
Oujda,nour,False,Maison,62.0,2.0,2.0,unknown,360000.0,0,1,1,unknown
Oujda,nour,False,Maison,440.0,4.0,2.0,unknown,1260000.0,0,1,1,unknown
Oujda,jawhara,False,Maison,484.0,4.0,4.0,unknown,1750000.0,0,1,1,unknown
Oujda,nour,False,Maison,80.0,4.0,2.0,unknown,580000.0,0,1,1,unknown
Oujda,autre_secteur,True,Maison,108.0,4.0,2.0,unknown,780000.0,0,1,1,unknown
Oujda,route_jerada,False,Maison,165.0,4.0,3.0,unknown,1400000.0,0,1,1,unknown
Oujda,route_jerada,False,Maison,210.0,5.0,3.0,unknown,700000.0,0,1,1,unknown
Oujda,hay_lazaret,False,Maison,100.0,7.0,3.0,unknown,900000.0,0,1,1,unknown
Oujda,autre_secteur,True,Maison,300.0,6.0,2.0,unknown,800000.0,0,1,1,unknown
Oujda,sidi_yahya,False,Maison,138.0,5.0,4.0,unknown,1380000.0,0,1,1,unknown
Oujda,autre_secteur,True,Maison,87.0,2.0,1.0,unknown,700000.0,0,1,1,unknown
Oujda,najd,False,Maison,108.0,5.0,2.0,unknown,900000.0,0,1,1,unknown
Oujda,hay_ennasr,False,Maison,73.0,4.0,2.0,unknown,320000.0,0,1,1,unknown
Oujda,nour,False,Maison,464.0,4.0,1.0,unknown,1290000.0,0,1,1,unknown
Oujda,grand_boulevard_ahfir,False,Maison,141.0,4.0,3.0,unknown,800000.0,0,1,1,unknown
Oujda,hay_lazaret,False,Maison,150.0,5.0,3.0,unknown,1000000.0,0,1,1,unknown
Oujda,najd,False,Maison,140.0,5.0,2.0,unknown,450000.0,0,1,1,unknown
Oujda,hay_lazaret,False,Maison,108.0,3.0,1.0,unknown,620000.0,0,1,1,unknown
Oujda,autre_secteur,True,Maison,330.0,6.0,3.0,unknown,1220000.0,0,1,1,unknown
Oujda,agdal,False,Maison,102.0,6.0,4.0,unknown,1000000.0,0,1,1,unknown
Oujda,hay_lazaret,False,Maison,74.0,4.0,2.0,unknown,780000.0,0,1,1,unknown
Oujda,hay_fath,False,Maison,150.0,6.0,2.0,unknown,1500000.0,0,1,1,unknown
Oujda,hay_lazaret,False,Maison,145.0,5.0,2.0,unknown,1150000.0,0,1,1,unknown
Oujda,autre_secteur,True,Maison,147.0,4.0,2.0,unknown,1250000.0,0,1,1,unknown
Oujda,autre_secteur,True,Maison,71.0,2.0,1.0,unknown,340000.0,0,1,1,unknown
Oujda,centre_ville,True,Maison,50.0,2.0,2.0,unknown,270000.0,0,1,1,unknown
Oujda,agdal,False,Maison,74.0,2.0,1.0,unknown,390000.0,0,1,1,unknown
Oujda,hay_ennasr,False,Maison,92.0,5.0,2.0,unknown,680000.0,0,1,1,unknown
Oujda,autre_secteur,True,Maison,100.0,2.0,2.0,unknown,580000.0,0,1,1,unknown
Oujda,autre_secteur,True,Maison,60.0,2.0,2.0,unknown,290000.0,0,1,1,unknown
Oujda,autre_secteur,True,Maison,210.0,3.0,1.0,unknown,410000.0,0,1,1,unknown
Oujda,autre_secteur,True,Maison,380.0,3.0,3.0,unknown,1400000.0,0,1,1,unknown
Oujda,autre_secteur,True,Maison,520.0,2.0,2.0,unknown,2000000.0,0,1,1,unknown
Oujda,autre_secteur,True,Maison,170.0,4.0,4.0,unknown,2650000.0,0,1,1,unknown
Oujda,autre_secteur,True,Maison,470.0,5.0,5.0,unknown,1650000.0,0,1,1,unknown
Oujda,autre_secteur,True,Maison,72.0,3.0,2.0,unknown,690000.0,0,1,1,unknown
Oujda,autre_secteur,True,Maison,135.0,5.0,2.0,unknown,2200000.0,0,1,1,unknown
Oujda,andalous,False,Maison,110.0,4.0,2.0,unknown,1500000.0,0,1,1,unknown
Oujda,hay_lazaret,False,Maison,70.0,3.0,2.0,unknown,850000.0,0,1,1,unknown
Oujda,agdal,False,Maison,63.0,2.0,1.0,unknown,350000.0,0,1,1,unknown
Oujda,hay_lazaret,False,Maison,70.0,2.0,1.0,unknown,390000.0,0,1,1,unknown
Oujda,cgi,False,Maison,150.0,4.0,2.0,unknown,900000.0,0,1,1,unknown
Oujda,hay_el_andalous,False,Maison,126.0,4.0,2.0,unknown,1150000.0,0,1,1,unknown
Oujda,autre_secteur,True,Maison,210.0,3.0,2.0,unknown,400000.0,0,1,1,unknown
Oujda,autre_secteur,True,Maison,210.0,3.0,1.0,unknown,400000.0,0,1,1,unknown
Oujda,hay_el_andalous,False,Maison,126.0,4.0,1.0,unknown,1000000.0,0,1,1,unknown
Oujda,centre_ville,True,Maison,140.0,4.0,4.0,unknown,570000.0,0,1,1,unknown
Oujda,hay_el_qods,False,Maison,100.0,5.0,2.0,unknown,1100000.0,0,1,1,unknown
Oujda,hay_ennasr,False,Maison,180.0,2.0,1.0,unknown,600000.0,0,1,1,unknown
Oujda,autre_secteur,True,Maison,50.0,4.0,2.0,unknown,260000.0,0,1,1,unknown
Oujda,najd,False,Maison,75.0,5.0,2.0,unknown,670000.0,0,1,1,unknown
Oujda,jawhara,False,Maison,120.0,5.0,3.0,unknown,870000.0,0,1,1,unknown
Oujda,hay_fath,False,Maison,270.0,5.0,3.0,unknown,1210000.0,0,1,1,unknown
Oujda,hay_lazaret,False,Maison,300.0,5.0,3.0,unknown,1050000.0,0,1,1,unknown
Oujda,hay_zitoune,False,Maison,135.0,3.0,2.0,unknown,1100000.0,0,1,1,unknown
Oujda,hay_fath,False,Maison,110.0,4.0,2.0,unknown,880000.0,0,1,1,unknown
Oujda,hay_ennasr,False,Maison,92.0,4.0,1.0,unknown,680000.0,0,1,1,unknown
Oujda,najd,False,Maison,90.0,4.0,2.0,unknown,850000.0,0,1,1,unknown
Oujda,agdal,False,Maison,82.0,6.0,3.0,unknown,1000000.0,0,1,1,unknown
Oujda,hay_lazaret,False,Maison,110.0,4.0,3.0,unknown,670000.0,0,1,1,unknown
Oujda,autre_secteur,True,Maison,126.0,6.0,2.0,unknown,750000.0,0,1,1,unknown
Oujda,hikma_ii,False,Maison,101.0,6.0,4.0,unknown,1300000.0,0,1,1,unknown
Oujda,hay_el_qods,False,Maison,85.0,3.0,2.0,unknown,790000.0,0,1,1,unknown
Oujda,autre_secteur,True,Maison,210.0,3.0,2.0,unknown,430000.0,0,1,1,unknown
Oujda,hay_el_qods,False,Maison,85.0,3.0,2.0,unknown,800000.0,0,1,1,unknown
Oujda,bd_allal_el_fassi,False,Maison,139.0,5.0,2.0,unknown,880000.0,0,1,1,unknown
Oujda,jawhara,False,Maison,140.0,4.0,2.0,unknown,1500000.0,0,1,1,unknown
Oujda,grand_boulevard_ahfir,False,Maison,164.0,4.0,2.0,unknown,800000.0,0,1,1,unknown
Oujda,autre_secteur,True,Maison,120.0,3.0,2.0,unknown,320000.0,0,1,1,unknown
Oujda,hikma_ii,False,Maison,250.0,6.0,2.0,unknown,1350000.0,0,1,1,unknown
Oujda,hay_salam,False,Maison,118.0,4.0,3.0,unknown,1300000.0,0,1,1,unknown
Oujda,autre_secteur,True,Maison,80.0,4.0,1.0,unknown,375000.0,0,1,1,unknown
Oujda,andalous,False,Maison,60.0,2.0,1.0,unknown,300000.0,0,1,1,unknown
Oujda,autre_secteur,True,Maison,120.0,5.0,2.0,unknown,450000.0,0,1,1,unknown
Oujda,hay_lazaret,False,Maison,163.0,3.0,4.0,unknown,1100000.0,0,1,1,unknown
Oujda,hay_ennasr,False,Maison,92.0,3.0,2.0,unknown,680000.0,0,1,1,unknown
Oujda,jawhara,False,Maison,232.0,4.0,2.0,unknown,750000.0,0,1,1,unknown
Oujda,autre_secteur,True,Maison,150.0,5.0,2.0,unknown,1200000.0,0,1,1,unknown
Oujda,sidi_yahya,False,Maison,119.0,6.0,2.0,unknown,165000.0,0,1,1,unknown
Oujda,iris,False,Maison,103.0,5.0,4.0,unknown,1030000.0,0,1,1,unknown
Oujda,autre_secteur,True,Maison,140.0,2.0,2.0,unknown,430000.0,0,1,1,unknown
Oujda,sidi_yahya,False,Maison,160.0,3.0,2.0,unknown,470000.0,0,1,1,unknown
Oujda,centre_ville,True,Maison,212.0,5.0,1.0,unknown,1100000.0,0,1,1,unknown
Oujda,hay_lazaret,False,Maison,94.0,3.0,2.0,unknown,850000.0,0,1,1,unknown
Oujda,bd_jaych_tahrir,False,Maison,149.0,5.0,1.0,unknown,630000.0,0,1,1,unknown
Oujda,sidi_yahya,False,Maison,60.0,2.0,2.0,unknown,400000.0,0,1,1,unknown
Oujda,sidi_yahya,False,Maison,105.0,3.0,1.0,unknown,620000.0,0,1,1,unknown
Oujda,grand_boulevard_ahfir,False,Maison,125.0,6.0,1.0,unknown,500000.0,0,1,1,unknown
Oujda,route_jerada,False,Maison,120.0,4.0,2.0,unknown,1000000.0,0,1,1,unknown
Oujda,autre_secteur,True,Maison,125.0,3.0,2.0,unknown,800000.0,0,1,1,unknown
Oujda,sidi_yahya,False,Maison,89.0,2.0,2.0,unknown,520000.0,0,1,1,unknown
Oujda,autre_secteur,True,Maison,130.0,4.0,2.0,unknown,430000.0,0,1,1,unknown
Oujda,autre_secteur,True,Maison,49.0,2.0,1.0,unknown,300000.0,0,1,1,unknown
Oujda,route_tayret,False,Maison,110.0,3.0,3.0,unknown,1150000.0,0,1,1,unknown
Oujda,andalous,False,Maison,230.0,4.0,1.0,unknown,1200000.0,0,1,1,unknown
Oujda,hay_lazaret,False,Maison,99.0,4.0,2.0,unknown,870000.0,0,1,1,unknown
Oujda,hay_zitoune,False,Maison,132.0,2.0,1.0,unknown,1500000.0,0,1,1,unknown
Oujda,autre_secteur,True,Maison,130.0,4.0,2.0,unknown,850000.0,0,1,1,unknown
Oujda,riad_isli,False,Maison,180.0,4.0,3.0,unknown,1550000.0,0,1,1,unknown
Oujda,hay_zitoune,False,Maison,116.0,3.0,1.0,unknown,700000.0,0,1,1,unknown
Oujda,hay_lazaret,False,Maison,57.0,2.0,1.0,unknown,350000.0,0,1,1,unknown
Oujda,hay_salam,False,Maison,100.0,3.0,1.0,unknown,400000.0,0,1,1,unknown
Oujda,hay_el_andalous,False,Maison,110.0,2.0,1.0,unknown,650000.0,0,1,1,unknown
Oujda,hay_lazaret,False,Maison,116.0,3.0,2.0,unknown,600000.0,0,1,1,unknown
Oujda,autre_secteur,True,Maison,230.0,4.0,2.0,unknown,1100000.0,0,1,1,unknown
Oujda,autre_secteur,True,Maison,165.0,4.0,3.0,unknown,1600000.0,0,1,1,unknown
Oujda,autre_secteur,True,Maison,150.0,5.0,2.0,unknown,930000.0,0,1,1,unknown
Oujda,centre_ville,True,Maison,100.0,3.0,2.0,unknown,600000.0,0,1,1,unknown
Oujda,hay_fath,False,Maison,92.0,3.0,2.0,unknown,880000.0,0,1,1,unknown
Oujda,hay_lazaret,False,Maison,120.0,7.0,3.0,unknown,195000.0,0,1,1,unknown
Oujda,hay_zitoune,False,Maison,100.0,2.0,1.0,unknown,100000.0,0,1,1,unknown
Oujda,hay_lazaret,False,Maison,125.0,3.0,2.0,unknown,800000.0,0,1,1,unknown
Oujda,autre_secteur,True,Maison,137.0,5.0,2.0,unknown,900000.0,0,1,1,unknown
Oujda,andalous,False,Maison,100.0,1.0,1.0,unknown,650000.0,0,1,1,unknown
Oujda,hay_boudir,False,Maison,117.0,5.0,3.0,unknown,850000.0,0,1,1,unknown
Oujda,jawhara,False,Maison,232.0,4.0,2.0,unknown,699999.0,0,1,1,unknown
Oujda,autre_secteur,True,Maison,232.0,4.0,2.0,unknown,750000.0,0,1,1,unknown
Oujda,route_jerada,False,Maison,90.0,3.0,3.0,unknown,470000.0,0,1,1,unknown
Oujda,ancienne_medina,False,Maison,50.0,2.0,1.0,unknown,200000.0,0,1,1,unknown
Oujda,nahda,False,Maison,100.0,5.0,4.0,unknown,1150000.0,0,1,1,unknown
Oujda,hay_salam,False,Maison,126.0,4.0,2.0,unknown,850000.0,0,1,1,unknown
Oujda,sidi_yahya,False,Maison,270.0,4.0,1.0,unknown,910000.0,0,1,1,unknown
Oujda,hay_fath,False,Maison,100.0,5.0,3.0,unknown,910000.0,0,1,1,unknown
Oujda,hay_zitoune,False,Maison,299.0,3.0,2.0,unknown,1500000.0,0,1,1,unknown
Oujda,hay_el_hikma,False,Maison,225.0,6.0,2.0,unknown,1300000.0,0,1,1,unknown
Oujda,hay_zitoune,False,Maison,185.0,5.0,2.0,unknown,1900000.0,0,1,1,unknown
Oujda,autre_secteur,True,Maison,160.0,3.0,2.0,unknown,1200000.0,0,1,1,unknown
Oujda,hay_salam,False,Maison,200.0,5.0,3.0,unknown,680000.0,0,1,1,unknown
Oujda,hay_fath,False,Maison,445.0,5.0,5.0,unknown,1650000.0,0,1,1,unknown
Oujda,boustane,False,Maison,74.0,2.0,1.0,unknown,270000.0,0,1,1,unknown
Oujda,autre_secteur,True,Maison,100.0,2.0,2.0,unknown,230000.0,0,1,1,unknown
Oujda,autre_secteur,True,Maison,127.0,5.0,2.0,unknown,1250000.0,0,1,1,unknown
Oujda,nahda,False,Maison,100.0,3.0,2.0,unknown,740000.0,0,1,1,unknown
Oujda,centre_ville,True,Maison,118.0,5.0,5.0,unknown,1600000.0,0,1,1,unknown
Oujda,route_jerada,False,Maison,200.0,3.0,2.0,unknown,1000000.0,0,1,1,unknown
Oujda,nahda,False,Maison,125.0,3.0,1.0,unknown,700000.0,0,1,1,unknown
Oujda,hay_lazaret,False,Maison,113.0,3.0,1.0,unknown,730000.0,0,1,1,unknown
Oujda,hay_salam,False,Maison,122.0,8.0,3.0,unknown,860000.0,0,1,1,unknown
Oujda,hay_lazaret,False,Maison,270.0,6.0,3.0,unknown,1250000.0,0,1,1,unknown
Oujda,centre_ville,True,Maison,135.0,3.0,3.0,unknown,1799000.0,0,1,1,unknown
Oujda,taourirt,False,Maison,225.0,6.0,1.0,unknown,540000.0,0,1,1,unknown
Oujda,berkane,False,Maison,126.0,4.0,2.0,unknown,1400000.0,0,1,1,unknown
Oujda,selouane,False,Maison,160.0,4.0,3.0,unknown,930000.0,0,1,1,unknown
Oujda,selouane,False,Maison,163.0,4.0,3.0,unknown,930000.0,0,1,1,unknown
Oujda,berkane,False,Maison,100.0,5.0,3.0,unknown,1200000.0,0,1,1,unknown
Oujda,berkane,False,Maison,260.0,2.0,0.0,unknown,800000.0,0,1,1,unknown
Oujda,selouane,False,Maison,380.0,5.0,3.0,unknown,2200000.0,0,1,1,unknown
Oujda,berkane,False,Maison,282.0,8.0,3.0,unknown,3800000.0,0,1,1,unknown
Oujda,berkane,False,Maison,100.0,3.0,2.0,unknown,1250000.0,0,1,1,unknown
Oujda,berkane,False,Maison,315.0,8.0,3.0,unknown,2600000.0,0,1,1,unknown
Oujda,saidia,False,Maison,200.0,4.0,2.0,unknown,1850000.0,0,1,1,unknown
Oujda,berkane,False,Maison,125.0,3.0,2.0,unknown,420000.0,0,1,1,unknown
Oujda,berkane,False,Maison,130.0,5.0,3.0,unknown,1400000.0,0,1,1,unknown
Oujda,saidia,False,Maison,202.0,3.0,2.0,unknown,1100000.0,0,1,1,unknown
Oujda,selouane,False,Maison,95.0,3.0,2.0,unknown,1400000.0,0,1,1,unknown
Oujda,berkane,False,Maison,128.0,5.0,3.0,unknown,1350000.0,0,1,1,unknown
Oujda,taourirt,False,Maison,100.0,4.0,2.0,unknown,700000.0,0,1,1,unknown
Oujda,ouled_lahcen,False,Maison,115.0,3.0,2.0,unknown,1300000.0,0,1,1,unknown
Oujda,berkane,False,Maison,150.0,1.0,1.0,unknown,380000.0,0,1,1,unknown
Oujda,el_kindi,False,Maison,715.0,4.0,4.0,unknown,4300000.0,0,1,1,unknown
Oujda,autre_secteur,True,Maison,100.0,3.0,1.0,unknown,820000.0,0,1,1,unknown
Oujda,berkane,False,Maison,392.0,4.0,2.0,unknown,1000000.0,0,1,1,unknown
Oujda,berkane,False,Maison,110.0,9.0,3.0,unknown,850000.0,0,1,1,unknown
Oujda,berkane,False,Maison,158.0,2.0,1.0,unknown,1000000.0,0,1,1,unknown
Oujda,al_aroui,False,Maison,250.0,4.0,1.0,unknown,1199000.0,0,1,1,unknown
Oujda,berkane,False,Maison,82.0,1.0,1.0,unknown,470000.0,0,1,1,unknown
Oujda,berkane,False,Maison,60.0,2.0,1.0,unknown,130000.0,0,1,1,unknown
Oujda,ouled_boutaib,False,Maison,207.0,6.0,7.0,unknown,2200000.0,0,1,1,unknown
Oujda,barakia,False,Maison,110.0,5.0,2.0,unknown,750000.0,0,1,1,unknown
Oujda,berkane,False,Maison,200.0,8.0,5.0,unknown,1650000.0,0,1,1,unknown
Oujda,berkane,False,Maison,120.0,6.0,2.0,unknown,800000.0,0,1,1,unknown
Oujda,taourirt,False,Maison,125.0,4.0,2.0,unknown,790000.0,0,1,1,unknown
Oujda,laarassi,False,Maison,400.0,4.0,5.0,unknown,2600000.0,0,1,1,unknown
Oujda,berkane,False,Maison,120.0,4.0,4.0,unknown,1500000.0,0,1,1,unknown
Oujda,berkane,False,Maison,50.0,1.0,1.0,unknown,135000.0,0,1,1,unknown
Oujda,saidia,False,Maison,200.0,4.0,2.0,unknown,1550000.0,0,1,1,unknown
Oujda,autre_secteur,True,Maison,465.0,9.0,3.0,unknown,1900000.0,0,1,1,unknown
Oujda,centre_ville,True,Maison,100.0,6.0,3.0,unknown,870000.0,0,1,1,unknown
Oujda,aarid,False,Maison,100.0,3.0,2.0,unknown,1200000.0,0,1,1,unknown
Oujda,saidia,False,Maison,350.0,7.0,5.0,unknown,2400000.0,0,1,1,unknown
Oujda,saidia,False,Maison,118.0,3.0,1.0,unknown,760000.0,0,1,1,unknown
Oujda,al_aroui,False,Maison,400.0,4.0,3.0,unknown,4000000.0,0,1,1,unknown
Oujda,saidia,False,Maison,122.0,3.0,2.0,unknown,950000.0,0,1,1,unknown
Oujda,berkane,False,Maison,190.0,4.0,2.0,unknown,720000.0,0,1,1,unknown
Oujda,berkane,False,Maison,420.0,4.0,3.0,unknown,2210000.0,0,1,1,unknown
Oujda,autre_secteur,True,Maison,409.0,5.0,1.0,unknown,1430000.0,0,1,1,unknown
Oujda,berkane,False,Maison,360.0,10.0,4.0,unknown,2880000.0,0,1,1,unknown
Oujda,selouane,False,Maison,100.0,6.0,4.0,unknown,1000000.0,0,1,1,unknown
Safi,autre_secteur,True,Maison,80.0,2.0,1.0,unknown,280000.0,0,1,1,unknown
Safi,ourida_1_et_2,False,Maison,62.0,5.0,2.0,unknown,600000.0,0,1,1,unknown
Safi,biar,False,Maison,82.0,5.0,3.0,unknown,1190000.0,0,1,1,unknown
Safi,bled_eljed,False,Maison,220.0,7.0,4.0,unknown,1800000.0,0,1,1,unknown
Safi,achbar,False,Maison,180.0,3.0,1.0,unknown,1600000.0,0,1,1,unknown
Safi,autre_secteur,True,Maison,72.0,9.0,3.0,unknown,900000.0,0,1,1,unknown
Safi,el_matar,False,Maison,321.0,4.0,3.0,unknown,960000.0,0,1,1,unknown
Safi,achbar,False,Maison,228.0,5.0,3.0,unknown,680000.0,0,1,1,unknown
Safi,biar,False,Maison,170.0,10.0,5.0,unknown,2000000.0,0,1,1,unknown
Safi,les_courses,False,Maison,50.0,2.0,2.0,unknown,300000.0,0,1,1,unknown
Safi,hay_essalam,False,Maison,100.0,6.0,3.0,unknown,1900000.0,0,1,1,unknown
Safi,autre_secteur,True,Maison,100.0,3.0,3.0,unknown,1680000.0,0,1,1,unknown
Safi,autre_secteur,True,Maison,200.0,3.0,2.0,unknown,340000.0,0,1,1,unknown
Safi,autre_secteur,True,Maison,73.0,4.0,2.0,unknown,800000.0,0,1,1,unknown
Safi,kawki,False,Maison,70.0,1.0,2.0,unknown,250000.0,0,1,1,unknown
Safi,hay_essalam,False,Maison,100.0,6.0,3.0,unknown,1500000.0,0,1,1,unknown
Safi,safi,False,Maison,135.0,4.0,2.0,unknown,1400000.0,0,1,1,unknown
Safi,autre_secteur,True,Maison,77.0,7.0,5.0,unknown,900000.0,0,1,1,unknown
Safi,el_massira,False,Maison,80.0,3.0,3.0,unknown,710000.0,0,1,1,unknown
Safi,sidi_abdelkrim,False,Maison,76.0,5.0,2.0,unknown,400000.0,0,1,1,unknown
Safi,zawiyat_sidi_wassel,False,Maison,240.0,4.0,2.0,unknown,350000.0,0,1,1,unknown
Safi,el_matar,False,Maison,90.0,5.0,3.0,unknown,1060000.0,0,1,1,unknown
Safi,autre_secteur,True,Maison,340.0,4.0,1.0,unknown,380000.0,0,1,1,unknown
Safi,hay_anas,False,Maison,300.0,4.0,1.0,unknown,1280000.0,0,1,1,unknown
Safi,azib_derai,False,Maison,100.0,3.0,1.0,unknown,750000.0,0,1,1,unknown
Safi,hay_sinaai,False,Maison,182.0,2.0,1.0,unknown,650000.0,0,1,1,unknown
Safi,el_massira,False,Maison,90.0,3.0,2.0,unknown,850000.0,0,1,1,unknown
Safi,hay_anas,False,Maison,230.0,4.0,1.0,unknown,1250000.0,0,1,1,unknown
Safi,autre_secteur,True,Maison,290.0,3.0,0.0,unknown,370000.0,0,1,1,unknown
Safi,autre_secteur,True,Maison,309.0,4.0,2.0,unknown,950000.0,0,1,1,unknown
Safi,lamiaa,False,Maison,84.0,2.0,0.0,unknown,1660000.0,0,1,1,unknown
Safi,hay_essaâda,False,Maison,72.0,4.0,2.0,unknown,750000.0,0,1,1,unknown
Safi,el_matar,False,Maison,80.0,8.0,2.0,unknown,410000.0,0,1,1,unknown
Safi,el_matar,False,Maison,66.0,1.0,1.0,unknown,840000.0,0,1,1,unknown
Safi,autre_secteur,True,Maison,135.0,4.0,2.0,unknown,1400000.0,0,1,1,unknown
Safi,chenguite,False,Maison,96.0,2.0,1.0,unknown,300000.0,0,1,1,unknown
Safi,azib_derai,False,Maison,66.0,3.0,1.0,unknown,200000.0,0,1,1,unknown
Safi,jnane_illane,False,Maison,100.0,2.0,1.0,unknown,350000.0,0,1,1,unknown
Safi,hay_essalam,False,Maison,100.0,5.0,3.0,unknown,1400000.0,0,1,1,unknown
Safi,autre_secteur,True,Maison,165.0,6.0,4.0,unknown,790000.0,0,1,1,unknown
Safi,sidi_bouzid,False,Maison,280.0,4.0,2.0,unknown,1800000.0,0,1,1,unknown
Safi,bir_jdid,False,Maison,100.0,3.0,3.0,unknown,1000000.0,0,1,1,unknown
Safi,had_soualem,False,Maison,100.0,9.0,3.0,unknown,1750000.0,0,1,1,unknown
Safi,bir_jdid,False,Maison,108.0,4.0,2.0,unknown,1000000.0,0,1,1,unknown
Safi,had_soualem,False,Maison,120.0,9.0,7.0,unknown,1900000.0,0,1,1,unknown
Safi,oualidia,False,Maison,116.0,2.0,1.0,unknown,200000.0,0,1,1,unknown
Safi,oualidia,False,Maison,116.0,3.0,1.0,unknown,200000.0,0,1,1,unknown
Safi,azemmour,False,Maison,100.0,6.0,4.0,unknown,1100000.0,0,1,1,unknown
Safi,had_soualem,False,Maison,550.0,8.0,7.0,unknown,1900000.0,0,1,1,unknown
Safi,had_soualem,False,Maison,100.0,8.0,4.0,unknown,110000.0,0,1,1,unknown
Safi,had_soualem,False,Maison,88.0,7.0,4.0,unknown,1300000.0,0,1,1,unknown
Safi,oualidia,False,Maison,116.0,2.0,0.0,unknown,200000.0,0,1,1,unknown
Safi,had_soualem,False,Maison,340.0,6.0,2.0,unknown,1500000.0,0,1,1,unknown
Safi,had_soualem,False,Maison,70.0,2.0,1.0,unknown,135000.0,0,1,1,unknown
Safi,had_soualem,False,Maison,300.0,4.0,5.0,unknown,1750000.0,0,1,1,unknown
Safi,bir_jdid,False,Maison,52.0,2.0,2.0,unknown,145000.0,0,1,1,unknown
Safi,sidi_bennour,False,Maison,165.0,3.0,1.0,unknown,790000.0,0,1,1,unknown
Safi,azemmour,False,Maison,50.0,3.0,1.0,unknown,180000.0,0,1,1,unknown
Safi,azemmour,False,Maison,80.0,2.0,2.0,unknown,460000.0,0,1,1,unknown
Safi,azemmour,False,Maison,80.0,4.0,1.0,unknown,800000.0,0,1,1,unknown
Safi,azemmour,False,Maison,123.0,3.0,2.0,unknown,1000000.0,0,1,1,unknown
Safi,azemmour,False,Maison,110.0,2.0,2.0,unknown,1400000.0,0,1,1,unknown
Safi,azemmour,False,Maison,127.0,6.0,3.0,unknown,450000.0,0,1,1,unknown
Safi,had_soualem,False,Maison,94.0,3.0,1.0,unknown,500000.0,0,1,1,unknown
Safi,azemmour,False,Maison,242.0,3.0,1.0,unknown,750000.0,0,1,1,unknown
Safi,had_soualem,False,Maison,102.0,4.0,1.0,unknown,500000.0,0,1,1,unknown
Safi,azemmour,False,Maison,112.0,3.0,3.0,unknown,1300000.0,0,1,1,unknown
Safi,oualidia,False,Maison,160.0,5.0,2.0,unknown,440000.0,0,1,1,unknown
Safi,had_soualem,False,Maison,101.0,4.0,2.0,unknown,800000.0,0,1,1,unknown
El-jadida,el_jadida,False,Maison,120.0,4.0,2.0,unknown,2050000.0,0,1,1,unknown
El-jadida,el_jadida,False,Maison,349.0,4.0,5.0,unknown,2050000.0,0,1,1,unknown
Safi,lalla_zahra,False,Maison,108.0,4.0,1.0,unknown,850000.0,0,1,1,unknown
El-jadida,el_jadida,False,Maison,228.0,7.0,3.0,unknown,1300000.0,0,1,1,unknown
Safi,narjiss,False,Maison,120.0,8.0,5.0,unknown,2400000.0,0,1,1,unknown
Safi,derb_ghalef,False,Maison,67.0,3.0,3.0,unknown,1100000.0,0,1,1,unknown
Safi,had_soualem,False,Maison,200.0,3.0,2.0,unknown,670000.0,0,1,1,unknown
Safi,azemmour,False,Maison,289.0,5.0,4.0,unknown,2300000.0,0,1,1,unknown
Safi,autre_secteur,True,Maison,52.0,2.0,2.0,unknown,320000.0,0,1,1,unknown
Safi,saada,False,Maison,75.0,4.0,2.0,unknown,1100000.0,0,1,1,unknown
Safi,had_soualem,False,Maison,104.0,9.0,4.0,unknown,1720000.0,0,1,1,unknown
Safi,autre_secteur,True,Maison,100.0,3.0,1.0,unknown,380000.0,0,1,1,unknown
Safi,derb_al_hajjar,False,Maison,120.0,3.0,1.0,unknown,950000.0,0,1,1,unknown
Safi,sidi_bennour,False,Maison,120.0,3.0,2.0,unknown,800000.0,0,1,1,unknown
Safi,centre,True,Maison,220.0,4.0,4.0,unknown,1000000.0,0,1,1,unknown
Safi,centre,True,Maison,240.0,5.0,5.0,unknown,1000000.0,0,1,1,unknown
Safi,had_soualem,False,Maison,114.0,2.0,1.0,unknown,1400000.0,0,1,1,unknown
Safi,azemmour,False,Maison,54.0,3.0,2.0,unknown,250000.0,0,1,1,unknown
Safi,autre_secteur,True,Maison,140.0,2.0,1.0,unknown,580000.0,0,1,1,unknown
Safi,centre,True,Maison,80.0,8.0,5.0,unknown,580000.0,0,1,1,unknown
Safi,narjiss,False,Maison,124.0,3.0,1.0,unknown,690000.0,0,1,1,unknown
Safi,autre_secteur,True,Maison,100.0,3.0,3.0,unknown,250000.0,0,1,1,unknown
Safi,autre_secteur,True,Maison,70.0,1.0,1.0,unknown,220000.0,0,1,1,unknown
Safi,autre_secteur,True,Maison,84.0,2.0,1.0,unknown,460000.0,0,1,1,unknown
Safi,sidi_moussa,False,Maison,120.0,6.0,4.0,unknown,150000.0,0,1,1,unknown
Safi,autre_secteur,True,Maison,140.0,8.0,4.0,unknown,1200000.0,0,1,1,unknown
Safi,autre_secteur,True,Maison,83.0,2.0,1.0,unknown,580000.0,0,1,1,unknown
El-jadida,wifak,False,Maison,270.0,6.0,5.0,unknown,4200000.0,0,1,1,unknown
El-jadida,autre_secteur,True,Maison,260.0,9.0,5.0,unknown,2500000.0,0,1,1,unknown
El-jadida,ait_melloul,False,Maison,178.0,5.0,4.0,unknown,1550000.0,0,1,1,unknown
El-jadida,martil,False,Maison,113.0,3.0,2.0,unknown,2500000.0,0,1,1,unknown
El-jadida,najd,False,Maison,70.0,2.0,1.0,unknown,320000.0,0,1,1,unknown
Khemisset,khemisset,False,Maison,90.0,4.0,2.0,unknown,1050000.0,0,1,1,unknown
El-jadida,tiznit,False,Maison,107.0,5.0,6.0,unknown,2000000.0,0,1,1,unknown
El-jadida,sidi_slimane,False,Maison,125.0,3.0,2.0,unknown,1780000.0,0,1,1,unknown
El-jadida,bettana,False,Maison,240.0,8.0,3.0,unknown,1450000.0,0,1,1,unknown
El-jadida,al_qods,False,Maison,108.0,2.0,1.0,unknown,580000.0,0,1,1,unknown
El-jadida,imouzzer,False,Maison,110.0,3.0,2.0,unknown,720000.0,0,1,1,unknown
El-jadida,wifak,False,Maison,330.0,5.0,3.0,unknown,2500000.0,0,1,1,unknown
El-jadida,autre_secteur,True,Maison,315.0,7.0,6.0,unknown,3500000.0,0,1,1,unknown
El-jadida,asilah,False,Maison,100.0,2.0,2.0,unknown,1350000.0,0,1,1,unknown
El-jadida,had_soualem,False,Maison,88.0,6.0,3.0,unknown,1300000.0,0,1,1,unknown
El-jadida,massira_2,False,Maison,324.0,5.0,3.0,unknown,2500000.0,0,1,1,unknown
El-jadida,nouaceur,False,Maison,128.0,4.0,3.0,unknown,1400000.0,0,1,1,unknown
El-jadida,tiznit,False,Maison,207.0,8.0,3.0,unknown,1700000.0,0,1,1,unknown
El-jadida,ain_aouda,False,Maison,300.0,4.0,3.0,unknown,1300000.0,0,1,1,unknown
El-jadida,béni_mellal,False,Maison,40.0,2.0,2.0,unknown,300000.0,0,1,1,unknown
El-jadida,laarassi,False,Maison,100.0,6.0,3.0,unknown,1500000.0,0,1,1,unknown
El-jadida,sidi_bouknadel,False,Maison,283.0,3.0,3.0,unknown,4200000.0,0,1,1,unknown
El-jadida,autre_secteur,True,Maison,114.0,2.0,2.0,unknown,1300000.0,0,1,1,unknown
El-jadida,al_hoceima,False,Maison,225.0,3.0,3.0,unknown,1050000.0,0,1,1,unknown
El-jadida,derb_ghalef,False,Maison,62.0,7.0,4.0,unknown,820000.0,0,1,1,unknown
El-jadida,autre_secteur,True,Maison,200.0,6.0,4.0,unknown,1700000.0,0,1,1,unknown
El-jadida,skikina,False,Maison,157.0,5.0,2.0,unknown,300000.0,0,1,1,unknown
El-jadida,wifak,False,Maison,300.0,5.0,3.0,unknown,2500000.0,0,1,1,unknown
Guercif,guercif,False,Maison,280.0,4.0,3.0,unknown,885000.0,0,1,1,unknown
Khouribga,khouribga,False,Maison,92.0,2.0,2.0,unknown,720000.0,0,1,1,unknown
El-jadida,tiznit,False,Maison,101.0,3.0,3.0,unknown,880000.0,0,1,1,unknown
El-jadida,berkane,False,Maison,126.0,4.0,2.0,unknown,700000.0,0,1,1,unknown
El-jadida,berkane,False,Maison,99.0,4.0,2.0,unknown,900000.0,0,1,1,unknown
El-jadida,hay_essalam,False,Maison,300.0,4.0,3.0,unknown,1250000.0,0,1,1,unknown
El-jadida,al_hoceima,False,Maison,100.0,3.0,1.0,unknown,1455000.0,0,1,1,unknown
El-jadida,daoura,False,Maison,153.0,6.0,4.0,unknown,2500000.0,0,1,1,unknown
El-jadida,tifelt,False,Maison,292.0,7.0,3.0,unknown,1680000.0,0,1,1,unknown
Khemisset,khemisset,False,Maison,100.0,2.0,2.0,unknown,570000.0,0,1,1,unknown
El-jadida,autre_secteur,True,Maison,278.0,4.0,4.0,unknown,2200000.0,0,1,1,unknown
El-jadida,massira_1,False,Maison,97.0,4.0,2.0,unknown,2400000.0,0,1,1,unknown
El-jadida,berkane,False,Maison,250.0,4.0,3.0,unknown,1250000.0,0,1,1,unknown
El-jadida,ksar_el_kebir,False,Maison,64.0,3.0,1.0,unknown,280000.0,0,1,1,unknown
El-jadida,autre_secteur,True,Maison,121.0,3.0,2.0,unknown,250000.0,0,1,1,unknown
El-jadida,taounate,False,Maison,104.0,9.0,3.0,unknown,1000000.0,0,1,1,unknown
El-jadida,béni_mellal,False,Maison,110.0,6.0,4.0,unknown,135000.0,0,1,1,unknown
Settat,settat,False,Maison,85.0,5.0,2.0,unknown,820000.0,0,1,1,unknown
El-jadida,massa,False,Maison,193.0,5.0,3.0,unknown,1400000.0,0,1,1,unknown
El-jadida,salé,False,Maison,89.0,4.0,2.0,unknown,1850000.0,0,1,1,unknown
El-jadida,fquih_ben_saleh,False,Maison,50.0,2.0,1.0,unknown,200000.0,0,1,1,unknown
El-jadida,massira_2,False,Maison,57.0,1.0,0.0,unknown,450000.0,0,1,1,unknown
El-jadida,larache,False,Maison,80.0,2.0,1.0,unknown,1200000.0,0,1,1,unknown
El-jadida,lablalia,False,Maison,90.0,11.0,6.0,unknown,1400000.0,0,1,1,unknown
El-jadida,el_alia,False,Maison,430.0,9.0,3.0,unknown,3700000.0,0,1,1,unknown
El-jadida,tiznit,False,Maison,87.0,5.0,4.0,unknown,1070000.0,0,1,1,unknown
El-jadida,oued_zem,False,Maison,48.0,1.0,1.0,unknown,560000.0,0,1,1,unknown
El-jadida,massira_2,False,Maison,65.0,7.0,7.0,unknown,950000.0,0,1,1,unknown
El-jadida,massira_2,False,Maison,80.0,4.0,1.0,unknown,830000.0,0,1,1,unknown
El-jadida,tameslohte,False,Maison,60.0,3.0,1.0,unknown,550000.0,0,1,1,unknown
El-jadida,bouznika,False,Maison,200.0,5.0,4.0,unknown,1600000.0,0,1,1,unknown
El-jadida,ksar_el_kebir,False,Maison,60.0,2.0,2.0,unknown,340000.0,0,1,1,unknown
Berrechid,berrechid,False,Maison,250.0,3.0,1.0,unknown,1550000.0,0,1,1,unknown
El-jadida,asilah,False,Maison,150.0,9.0,4.0,unknown,1800000.0,0,1,1,unknown
El-jadida,derb_al_hajjar,False,Maison,390.0,5.0,2.0,unknown,2457000.0,0,1,1,unknown
Taza,taza,False,Maison,200.0,5.0,2.0,unknown,1800000.0,0,1,1,unknown
El-jadida,mdiq,False,Maison,270.0,4.0,2.0,unknown,970000.0,0,1,1,unknown
El-jadida,pépinière,False,Maison,147.0,4.0,3.0,unknown,2900000.0,0,1,1,unknown
El-jadida,bouskoura_centre,False,Maison,372.0,3.0,4.0,unknown,1650000.0,0,1,1,unknown
El-jadida,hassania_2,False,Maison,400.0,6.0,5.0,unknown,2000000.0,0,1,1,unknown
El-jadida,azrou,False,Maison,208.0,4.0,3.0,unknown,650000.0,0,1,1,unknown
El-jadida,hay_salam,False,Maison,75.0,1.0,1.0,unknown,260000.0,0,1,1,unknown
El-jadida,autre_secteur,True,Maison,96.0,6.0,4.0,unknown,1600000.0,0,1,1,unknown
El-jadida,oualidia,False,Maison,166.0,4.0,2.0,unknown,650000.0,0,1,1,unknown
El-jadida,tamesna,False,Maison,49.0,2.0,1.0,unknown,275000.0,0,1,1,unknown
El-jadida,martil,False,Maison,177.0,2.0,1.0,unknown,830000.0,0,1,1,unknown
El-jadida,azrou,False,Maison,208.0,5.0,3.0,unknown,650000.0,0,1,1,unknown
El-jadida,azrou,False,Maison,208.0,6.0,3.0,unknown,650000.0,0,1,1,unknown
El-jadida,steha,False,Maison,198.0,3.0,3.0,unknown,800000.0,0,1,1,unknown
Khemisset,khemisset,False,Maison,120.0,5.0,2.0,unknown,1200000.0,0,1,1,unknown
El-jadida,centre,True,Maison,130.0,3.0,2.0,unknown,1200000.0,0,1,1,unknown
El-jadida,al_boustane,False,Maison,80.0,3.0,2.0,unknown,850000.0,0,1,1,unknown
El-jadida,el_alia,False,Maison,300.0,8.0,4.0,unknown,1460000.0,0,1,1,unknown
El-jadida,khénifra,False,Maison,140.0,2.0,0.0,unknown,600000.0,0,1,1,unknown
El-jadida,deroua,False,Maison,107.0,2.0,1.0,unknown,2000000.0,0,1,1,unknown
El-jadida,hay_mabrouka,False,Maison,70.0,5.0,3.0,unknown,600000.0,0,1,1,unknown
El-jadida,berkane,False,Maison,100.0,6.0,4.0,unknown,1150000.0,0,1,1,unknown
El-jadida,sidi_rahal,False,Maison,83.0,4.0,1.0,unknown,180000.0,0,1,1,unknown
El-jadida,wifak,False,Maison,300.0,5.0,3.0,unknown,2900000.0,0,1,1,unknown
El-jadida,laari_cheikh,False,Maison,80.0,3.0,2.0,unknown,80000.0,0,1,1,unknown
El-jadida,sala_el_jadida,False,Maison,264.0,1.0,0.0,unknown,2850000.0,0,1,1,unknown
El-jadida,tiznit,False,Maison,79.0,4.0,2.0,unknown,990000.0,0,1,1,unknown
El-jadida,taroudant,False,Maison,110.0,4.0,2.0,unknown,700000.0,0,1,1,unknown
El-jadida,ourika,False,Maison,300.0,3.0,1.0,unknown,450000.0,0,1,1,unknown
Berrechid,berrechid,False,Maison,120.0,5.0,2.0,unknown,1600000.0,0,1,1,unknown
El-jadida,autre_secteur,True,Maison,101.0,5.0,2.0,unknown,460000.0,0,1,1,unknown
El-jadida,tifelt,False,Maison,64.0,2.0,1.0,unknown,590000.0,0,1,1,unknown
El-jadida,hay_al_wahda,False,Maison,128.0,6.0,4.0,unknown,2400000.0,0,1,1,unknown
El-jadida,ain_aouda,False,Maison,80.0,2.0,0.0,unknown,950000.0,0,1,1,unknown
El-jadida,laâyoune,False,Maison,84.0,3.0,2.0,unknown,900000.0,0,1,1,unknown
El-jadida,sidi_abed,False,Maison,110.0,3.0,1.0,unknown,400000.0,0,1,1,unknown
Khouribga,khouribga,False,Maison,72.0,3.0,1.0,unknown,800000.0,0,1,1,unknown
Berrechid,berrechid,False,Maison,100.0,5.0,3.0,unknown,1350000.0,0,1,1,unknown
El-jadida,ait_melloul,False,Maison,63.0,3.0,1.0,unknown,600000.0,0,1,1,unknown
Taza,taza,False,Maison,346.0,9.0,7.0,unknown,1500000.0,0,1,1,unknown
El-jadida,al_oioun_sidi_mellouk,False,Maison,311.0,5.0,1.0,unknown,850000.0,0,1,1,unknown
El-jadida,mdiq,False,Maison,285.0,8.0,3.0,unknown,2850000.0,0,1,1,unknown
El-jadida,sidi_rahal,False,Maison,48.0,1.0,1.0,unknown,300000.0,0,1,1,unknown
Khouribga,khouribga,False,Maison,300.0,6.0,4.0,unknown,1100000.0,0,1,1,unknown
Settat,settat,False,Maison,320.0,7.0,3.0,unknown,1500000.0,0,1,1,unknown
El-jadida,tiznit,False,Maison,350.0,5.0,3.0,unknown,990000.0,0,1,1,unknown
El-jadida,béni_mellal,False,Maison,140.0,2.0,1.0,unknown,180000.0,0,1,1,unknown
El-jadida,medina,False,Maison,100.0,5.0,2.0,unknown,2100000.0,0,1,1,unknown
El-jadida,oued_eddahab,False,Maison,270.0,5.0,3.0,unknown,4000000.0,0,1,1,unknown
El-jadida,centre_ville,True,Maison,103.0,6.0,4.0,unknown,2000000.0,0,1,1,unknown
El-jadida,errachidia,False,Maison,100.0,2.0,2.0,unknown,300000.0,0,1,1,unknown
El-jadida,souk_sebt_ouled_nemma,False,Maison,90.0,2.0,2.0,unknown,230000.0,0,1,1,unknown
El-jadida,al_hoceima,False,Maison,150.0,5.0,2.0,unknown,1700000.0,0,1,1,unknown
El-jadida,moulay_driss_zerhoun,False,Maison,60.0,2.0,1.0,unknown,200000.0,0,1,1,unknown
El-jadida,azrou,False,Maison,50.0,5.0,2.0,unknown,700000.0,0,1,1,unknown
El-jadida,deroua,False,Maison,120.0,7.0,3.0,unknown,1000000.0,0,1,1,unknown
El-jadida,ain_harrouda,False,Maison,122.0,6.0,4.0,unknown,2700000.0,0,1,1,unknown
Youssoufia,youssoufia,False,Maison,100.0,2.0,1.0,unknown,1000000.0,0,1,1,unknown
El-jadida,jorf_el_melha,False,Maison,97.0,2.0,2.0,unknown,480000.0,0,1,1,unknown
El-jadida,aquouass_briech,False,Maison,438.0,3.0,2.0,unknown,550000.0,0,1,1,unknown
El-jadida,oualidia,False,Maison,80.0,2.0,1.0,unknown,290000.0,0,1,1,unknown
El-jadida,khénifra,False,Maison,73.0,3.0,2.0,unknown,400000.0,0,1,1,unknown
El-jadida,sidi_rahal,False,Maison,200.0,2.0,1.0,unknown,1550000.0,0,1,1,unknown
El-jadida,béni_mellal,False,Maison,65.0,2.0,1.0,unknown,400000.0,0,1,1,unknown
El-jadida,mkinssia,False,Maison,600.0,6.0,3.0,unknown,4000000.0,0,1,1,unknown
El-jadida,massira_1,False,Maison,372.0,7.0,4.0,unknown,2400000.0,0,1,1,unknown
El-jadida,deroua,False,Maison,120.0,8.0,4.0,unknown,1750000.0,0,1,1,unknown
El-jadida,hay_salam,False,Maison,100.0,7.0,3.0,unknown,2100000.0,0,1,1,unknown
Berrechid,berrechid,False,Maison,150.0,2.0,2.0,unknown,390000.0,0,1,1,unknown
El-jadida,hay_karima,False,Maison,320.0,6.0,2.0,unknown,2900000.0,0,1,1,unknown
El-jadida,ksar_el_kebir,False,Maison,136.0,7.0,4.0,unknown,890000.0,0,1,1,unknown
El-jadida,agourai,False,Maison,160.0,2.0,2.0,unknown,750000.0,0,1,1,unknown
El-jadida,sidi_rahal,False,Maison,80.0,3.0,1.0,unknown,280000.0,0,1,1,unknown
El-jadida,hay_moulay_ismail,False,Maison,360.0,5.0,3.0,unknown,4000000.0,0,1,1,unknown
El-jadida,bouizakarne,False,Maison,100.0,2.0,2.0,unknown,470000.0,0,1,1,unknown
El-jadida,narjiss,False,Maison,104.0,2.0,1.0,unknown,560000.0,0,1,1,unknown
Khemisset,khemisset,False,Maison,104.0,6.0,2.0,unknown,1500000.0,0,1,1,unknown
El-jadida,abdelghaya_souahel,False,Maison,70.0,4.0,1.0,unknown,450000.0,0,1,1,unknown
El-jadida,riad_2,False,Maison,342.0,7.0,3.0,unknown,2800000.0,0,1,1,unknown
El-jadida,moulay_bousselham,False,Maison,200.0,2.0,1.0,unknown,400000.0,0,1,1,unknown
El-jadida,centre_ville,True,Maison,130.0,3.0,2.0,unknown,2400000.0,0,1,1,unknown
El-jadida,zeghanghane,False,Maison,132.0,4.0,3.0,unknown,1470000.0,0,1,1,unknown
El-jadida,el_kelâa_des_sraghna,False,Maison,130.0,3.0,3.0,unknown,1500000.0,0,1,1,unknown
El-jadida,khénifra,False,Maison,150.0,8.0,3.0,unknown,550000.0,0,1,1,unknown
El-jadida,sidi_allal_el_bahraoui,False,Maison,125.0,5.0,2.0,unknown,1100000.0,0,1,1,unknown
El-jadida,tinghir,False,Maison,108.0,6.0,3.0,unknown,1235468.0,0,1,1,unknown
El-jadida,aït_iaaza,False,Maison,57.0,5.0,1.0,unknown,350000.0,0,1,1,unknown
El-jadida,sidi_allal_el_bahraoui,False,Maison,110.0,5.0,2.0,unknown,1800000.0,0,1,1,unknown
El-jadida,autre_secteur,True,Maison,130.0,9.0,3.0,unknown,2740000.0,0,1,1,unknown
El-jadida,laâyoune,False,Maison,190.0,3.0,1.0,unknown,750000.0,0,1,1,unknown
El-jadida,berkane,False,Maison,150.0,5.0,2.0,unknown,1800000.0,0,1,1,unknown
El-jadida,tnine_aglou,False,Maison,120.0,4.0,2.0,unknown,1100000.0,0,1,1,unknown
El-jadida,berkane,False,Maison,62.0,3.0,1.0,unknown,360000.0,0,1,1,unknown
El-jadida,béni_mellal,False,Maison,100.0,8.0,2.0,unknown,900000.0,0,1,1,unknown
El-jadida,béni_mellal,False,Maison,136.0,4.0,2.0,unknown,1360000.0,0,1,1,unknown
El-jadida,fquih_ben_saleh,False,Maison,78.0,3.0,3.0,unknown,700000.0,0,1,1,unknown
El-jadida,tamedit,False,Maison,175.0,3.0,4.0,unknown,1200000.0,0,1,1,unknown
El-jadida,béni_mellal,False,Maison,100.0,3.0,1.0,unknown,1650000.0,0,1,1,unknown
El-jadida,al_hoceima,False,Maison,250.0,3.0,1.0,unknown,1650000.0,0,1,1,unknown
El-jadida,al_hoceima,False,Maison,170.0,5.0,3.0,unknown,850000.0,0,1,1,unknown
El-jadida,ksar_es_seghir,False,Maison,200.0,3.0,2.0,unknown,1000000.0,0,1,1,unknown
El-jadida,timoulilt,False,Maison,56.0,5.0,2.0,unknown,340000.0,0,1,1,unknown
El-jadida,aquouass_briech,False,Maison,177.0,4.0,2.0,unknown,900000.0,0,1,1,unknown
El-jadida,bejaad,False,Maison,70.0,4.0,2.0,unknown,650000.0,0,1,1,unknown
El-jadida,béni_mellal,False,Maison,440.0,2.0,1.0,unknown,550000.0,0,1,1,unknown
El-jadida,deroua,False,Maison,68.0,2.0,1.0,unknown,170000.0,0,1,1,unknown
El-jadida,asilah,False,Maison,124.0,2.0,1.0,unknown,1500000.0,0,1,1,unknown
El-jadida,saidia,False,Maison,200.0,6.0,3.0,unknown,1800000.0,0,1,1,unknown
El-jadida,oued_zem,False,Maison,96.0,5.0,3.0,unknown,1150000.0,0,1,1,unknown
El-jadida,sidi_allal_el_bahraoui,False,Maison,131.0,4.0,5.0,unknown,1800000.0,0,1,1,unknown
El-jadida,had_soualem,False,Maison,100.0,2.0,1.0,unknown,900000.0,0,1,1,unknown
El-jadida,ksar_el_kebir,False,Maison,150.0,6.0,4.0,unknown,1250000.0,0,1,1,unknown
El-jadida,sidi_bouknadel,False,Maison,70.0,6.0,3.0,unknown,920000.0,0,1,1,unknown
El-jadida,sidi_slimane,False,Maison,425.0,3.0,1.0,unknown,650000.0,0,1,1,unknown
El-jadida,oued_laou,False,Maison,55.0,1.0,1.0,unknown,450000.0,0,1,1,unknown
El-jadida,boufkrane,False,Maison,280.0,6.0,3.0,unknown,1100000.0,0,1,1,unknown
El-jadida,zaouiat_sidi_kacem,False,Maison,144.0,3.0,1.0,unknown,550000.0,0,1,1,unknown
El-jadida,had_soualem,False,Maison,100.0,5.0,2.0,unknown,580000.0,0,1,1,unknown
El-jadida,mania,False,Maison,57.0,3.0,3.0,unknown,930000.0,0,1,1,unknown
El-jadida,ain_aouda,False,Maison,100.0,4.0,2.0,unknown,1350000.0,0,1,1,unknown
El-jadida,hassania_2,False,Maison,95.0,4.0,3.0,unknown,2000000.0,0,1,1,unknown
El-jadida,ksar_el_kebir,False,Maison,133.0,3.0,2.0,unknown,1000000.0,0,1,1,unknown
El-jadida,autre_secteur,True,Maison,60.0,2.0,2.0,unknown,320000.0,0,1,1,unknown
El-jadida,berkane,False,Maison,140.0,3.0,2.0,unknown,1450000.0,0,1,1,unknown
El-jadida,larache,False,Maison,140.0,6.0,3.0,unknown,700000.0,0,1,1,unknown
Khemisset,khemisset,False,Maison,110.0,5.0,3.0,unknown,1900000.0,0,1,1,unknown
El-jadida,errachidia,False,Maison,128.0,4.0,2.0,unknown,700000.0,0,1,1,unknown
El-jadida,maihta,False,Maison,360.0,5.0,4.0,unknown,1350000.0,0,1,1,unknown
El-jadida,souk_sebt_ouled_nemma,False,Maison,117.0,6.0,4.0,unknown,620000.0,0,1,1,unknown
El-jadida,deroua,False,Maison,120.0,9.0,4.0,unknown,2500000.0,0,1,1,unknown
Laayoune,laâyoune,False,Maison,107.0,2.0,1.0,unknown,520000.0,0,1,1,unknown
Laayoune,laâyoune,False,Maison,84.0,3.0,1.0,unknown,810000.0,0,1,1,unknown
Laayoune,laâyoune,False,Maison,100.0,2.0,1.0,unknown,380000.0,0,1,1,unknown
Laayoune,laâyoune,False,Maison,100.0,8.0,4.0,unknown,330000.0,0,1,1,unknown
Laayoune,laâyoune,False,Maison,100.0,2.0,1.0,unknown,330000.0,0,1,1,unknown
Laayoune,laâyoune,False,Maison,84.0,2.0,1.0,unknown,600000.0,0,1,1,unknown
Laayoune,laâyoune,False,Maison,45.0,2.0,1.0,unknown,150000.0,0,1,1,unknown
Laayoune,laâyoune,False,Maison,61.0,3.0,1.0,unknown,290000.0,0,1,1,unknown
Laayoune,laâyoune,False,Maison,100.0,5.0,3.0,unknown,1100000.0,0,1,1,unknown
Laayoune,laâyoune,False,Maison,110.0,3.0,2.0,unknown,965000.0,0,1,1,unknown
Laayoune,laâyoune,False,Maison,120.0,3.0,1.0,unknown,1300000.0,0,1,1,unknown
Laayoune,laâyoune,False,Maison,300.0,3.0,2.0,unknown,680000.0,0,1,1,unknown
Laayoune,laâyoune,False,Maison,137.0,3.0,2.0,unknown,770000.0,0,1,1,unknown
Laayoune,laâyoune,False,Maison,60.0,6.0,4.0,unknown,830000.0,0,1,1,unknown
Laayoune,laâyoune,False,Maison,180.0,3.0,3.0,unknown,800000.0,0,1,1,unknown
Laayoune,laâyoune,False,Maison,60.0,3.0,2.0,unknown,600000.0,0,1,1,unknown
Laayoune,laâyoune,False,Maison,110.0,3.0,2.0,unknown,560000.0,0,1,1,unknown
Laayoune,laâyoune,False,Maison,258.0,8.0,4.0,unknown,1400000.0,0,1,1,unknown
Laayoune,laâyoune,False,Maison,84.0,3.0,2.0,unknown,580000.0,0,1,1,unknown
Laayoune,laâyoune,False,Maison,140.0,4.0,1.0,unknown,350000.0,0,1,1,unknown
Laayoune,laâyoune,False,Maison,84.0,3.0,2.0,unknown,590000.0,0,1,1,unknown
Laayoune,laâyoune,False,Maison,180.0,2.0,3.0,unknown,970000.0,0,1,1,unknown
Laayoune,laâyoune,False,Maison,100.0,3.0,1.0,unknown,750000.0,0,1,1,unknown
Laayoune,laâyoune,False,Maison,104.0,3.0,1.0,unknown,750000.0,0,1,1,unknown
Laayoune,laâyoune,False,Maison,113.0,5.0,2.0,unknown,1000000.0,0,1,1,unknown
Laayoune,laâyoune,False,Maison,100.0,6.0,3.0,unknown,1200000.0,0,1,1,unknown
Laayoune,laâyoune,False,Maison,122.0,2.0,1.0,unknown,650000.0,0,1,1,unknown
Laayoune,laâyoune,False,Maison,60.0,2.0,1.0,unknown,460000.0,0,1,1,unknown
Laayoune,laâyoune,False,Maison,110.0,4.0,2.0,unknown,940000.0,0,1,1,unknown
Laayoune,laâyoune,False,Maison,122.0,4.0,6.0,unknown,1600000.0,0,1,1,unknown
Laayoune,laâyoune,False,Maison,142.0,4.0,4.0,unknown,1200000.0,0,1,1,unknown
Laayoune,laâyoune,False,Maison,218.0,3.0,2.0,unknown,1200000.0,0,1,1,unknown
Laayoune,laâyoune,False,Maison,94.0,1.0,1.0,unknown,350000.0,0,1,1,unknown
Dakhla,dakhla,False,Maison,100.0,3.0,1.0,unknown,2500000.0,0,1,1,unknown
Dakhla,dakhla,False,Maison,99.0,4.0,2.0,unknown,3000000.0,0,1,1,unknown
Dakhla,al_kassam,False,Maison,90.0,6.0,3.0,unknown,1800000.0,0,1,1,unknown
Dakhla,dakhla,False,Maison,72.0,3.0,2.0,unknown,1350000.0,0,1,1,unknown
Dakhla,dakhla,False,Maison,350.0,8.0,4.0,unknown,1600000.0,0,1,1,unknown
Dakhla,dakhla,False,Maison,90.0,6.0,4.0,unknown,1600000.0,0,1,1,unknown
Dakhla,essalam,False,Maison,130.0,8.0,4.0,unknown,900000.0,0,1,1,unknown
Nador,al_aroui,False,Maison,135.0,3.0,2.0,unknown,800000.0,0,1,1,unknown
Nador,ouled_boutaib,False,Maison,160.0,6.0,5.0,unknown,2400000.0,0,1,1,unknown
Nador,laari_cheikh,False,Maison,80.0,6.0,3.0,unknown,1900000.0,0,1,1,unknown
Nador,autre_secteur,True,Maison,173.0,7.0,3.0,unknown,1600000.0,0,1,1,unknown
Nador,autre_secteur,True,Maison,200.0,3.0,2.0,unknown,1150000.0,0,1,1,unknown
Nador,autre_secteur,True,Maison,165.0,3.0,3.0,unknown,1705600.0,0,1,1,unknown
Nador,centre_ville,True,Maison,169.0,4.0,4.0,unknown,1800000.0,0,1,1,unknown
Nador,autre_secteur,True,Maison,80.0,3.0,1.0,unknown,760000.0,0,1,1,unknown
Nador,autre_secteur,True,Maison,100.0,4.0,2.0,unknown,150000.0,0,1,1,unknown
Nador,autre_secteur,True,Maison,103.0,6.0,4.0,unknown,2200000.0,0,1,1,unknown
Nador,autre_secteur,True,Maison,110.0,6.0,1.0,unknown,800000.0,0,1,1,unknown
Nador,autre_secteur,True,Maison,144.0,4.0,2.0,unknown,1500000.0,0,1,1,unknown
Nador,hay_el_idori,False,Maison,100.0,6.0,2.0,unknown,1500000.0,0,1,1,unknown
Nador,autre_secteur,True,Maison,326.0,5.0,3.0,unknown,1250000.0,0,1,1,unknown
Nador,hay_el_idori,False,Maison,103.0,3.0,2.0,unknown,1300000.0,0,1,1,unknown
Nador,autre_secteur,True,Maison,150.0,7.0,5.0,unknown,1370000.0,0,1,1,unknown
Nador,hay_el_idori,False,Maison,350.0,4.0,4.0,unknown,4100000.0,0,1,1,unknown
Nador,ouled_lahcen,False,Maison,90.0,3.0,1.0,unknown,1100000.0,0,1,1,unknown
Nador,autre_secteur,True,Maison,127.0,3.0,2.0,unknown,1100000.0,0,1,1,unknown
Nador,ouled_boutaib,False,Maison,100.0,4.0,2.0,unknown,1350000.0,0,1,1,unknown
Nador,autre_secteur,True,Maison,230.0,7.0,3.0,unknown,770000.0,0,1,1,unknown
Nador,autre_secteur,True,Maison,148.0,3.0,2.0,unknown,750000.0,0,1,1,unknown
Nador,aarid,False,Maison,240.0,4.0,4.0,unknown,1650000.0,0,1,1,unknown
Nador,al_aroui,False,Maison,100.0,3.0,2.0,unknown,500000.0,0,1,1,unknown
Nador,ouled_boutaib,False,Maison,180.0,3.0,2.0,unknown,800000.0,0,1,1,unknown
Taza,taza,False,Maison,105.0,9.0,3.0,unknown,1110000.0,0,1,1,unknown
Taza,taza,False,Maison,176.0,4.0,1.0,unknown,680000.0,0,1,1,unknown
Taza,taza,False,Maison,80.0,2.0,1.0,unknown,270000.0,0,1,1,unknown
Taza,taza,False,Maison,86.0,4.0,2.0,unknown,750000.0,0,1,1,unknown
Taza,taza,False,Maison,112.0,3.0,1.0,unknown,400000.0,0,1,1,unknown
Taza,taza,False,Maison,160.0,14.0,8.0,unknown,1920000.0,0,1,1,unknown
Taza,taza,False,Maison,89.0,4.0,2.0,unknown,1200000.0,0,1,1,unknown
Taza,taza,False,Maison,150.0,1.0,0.0,unknown,1500000.0,0,1,1,unknown
Taza,taza,False,Maison,306.0,3.0,3.0,unknown,1600000.0,0,1,1,unknown
Taza,taza,False,Maison,47.0,3.0,2.0,unknown,400000.0,0,1,1,unknown
Taza,taza,False,Maison,151.0,6.0,4.0,unknown,520000.0,0,1,1,unknown
Taza,taza,False,Maison,260.0,4.0,4.0,unknown,2200000.0,0,1,1,unknown
Taza,taza,False,Maison,120.0,4.0,3.0,unknown,1300000.0,0,1,1,unknown
Settat,settat,False,Maison,57.0,3.0,3.0,unknown,940000.0,0,1,1,unknown
Settat,hay_salam,False,Maison,70.0,6.0,2.0,unknown,540000.0,0,1,1,unknown
Settat,tanmiya,False,Maison,85.0,2.0,1.0,unknown,570000.0,0,1,1,unknown
Settat,settat,False,Maison,72.0,2.0,0.0,unknown,820000.0,0,1,1,unknown
Settat,settat,False,Maison,250.0,3.0,3.0,unknown,1200000.0,0,1,1,unknown
Settat,hay_salam,False,Maison,120.0,3.0,1.0,unknown,900000.0,0,1,1,unknown
Settat,settat,False,Maison,117.0,10.0,3.0,unknown,540000.0,0,1,1,unknown
Settat,settat,False,Maison,100.0,2.0,1.0,unknown,340000.0,0,1,1,unknown
Settat,settat,False,Maison,150.0,2.0,2.0,unknown,920000.0,0,1,1,unknown
Settat,smaâla,False,Maison,40.0,4.0,2.0,unknown,450000.0,0,1,1,unknown
Settat,sidi_abdelkarim,False,Maison,64.0,2.0,1.0,unknown,230000.0,0,1,1,unknown
Khemisset,khemisset,False,Maison,92.0,2.0,4.0,unknown,1300000.0,0,1,1,unknown
Khemisset,khemisset,False,Maison,84.0,1.0,2.0,unknown,980000.0,0,1,1,unknown
Khemisset,khemisset,False,Maison,138.0,2.0,2.0,unknown,1500000.0,0,1,1,unknown
Khemisset,khemisset,False,Maison,101.0,2.0,3.0,unknown,1060000.0,0,1,1,unknown
Khemisset,khemisset,False,Maison,72.0,2.0,2.0,unknown,520000.0,0,1,1,unknown
Khemisset,khemisset,False,Maison,309.0,4.0,3.0,unknown,920000.0,0,1,1,unknown
Khemisset,khemisset,False,Maison,88.0,3.0,2.0,unknown,1050000.0,0,1,1,unknown
Khemisset,khemisset,False,Maison,400.0,4.0,2.0,unknown,1500000.0,0,1,1,unknown
Khemisset,khemisset,False,Maison,312.0,3.0,1.0,unknown,960000.0,0,1,1,unknown
Khemisset,khemisset,False,Maison,110.0,4.0,3.0,unknown,1200000.0,0,1,1,unknown
Khemisset,khemisset,False,Maison,74.0,4.0,2.0,unknown,600000.0,0,1,1,unknown
Khemisset,khemisset,False,Maison,72.0,4.0,3.0,unknown,900000.0,0,1,1,unknown
Khemisset,khemisset,False,Maison,279.0,3.0,2.0,unknown,1900000.0,0,1,1,unknown
Khemisset,khemisset,False,Maison,64.0,4.0,2.0,unknown,520000.0,0,1,1,unknown
Khemisset,khemisset,False,Maison,100.0,4.0,1.0,unknown,900000.0,0,1,1,unknown
Khemisset,khemisset,False,Maison,72.0,3.0,3.0,unknown,500000.0,0,1,1,unknown
Khemisset,khemisset,False,Maison,100.0,2.0,1.0,unknown,500000.0,0,1,1,unknown
Khemisset,khemisset,False,Maison,240.0,4.0,2.0,unknown,1000000.0,0,1,1,unknown
Khemisset,khemisset,False,Maison,113.0,2.0,1.0,unknown,850000.0,0,1,1,unknown
Khemisset,khemisset,False,Maison,312.0,3.0,1.0,unknown,1000000.0,0,1,1,unknown
Khemisset,khemisset,False,Maison,100.0,3.0,2.0,unknown,780000.0,0,1,1,unknown
Khemisset,khemisset,False,Maison,450.0,6.0,5.0,unknown,1400000.0,0,1,1,unknown
Khemisset,khemisset,False,Maison,98.0,4.0,4.0,unknown,1300000.0,0,1,1,unknown
Khemisset,khemisset,False,Maison,80.0,6.0,2.0,unknown,440000.0,0,1,1,unknown
Khemisset,khemisset,False,Maison,119.0,4.0,2.0,unknown,750000.0,0,1,1,unknown
Khemisset,khemisset,False,Maison,82.0,4.0,2.0,0.0,440000.0,1,1,1,unknown
Khemisset,khemisset,False,Maison,84.0,4.0,2.0,unknown,440000.0,0,1,1,unknown
Khemisset,khemisset,False,Maison,84.0,5.0,2.0,unknown,440000.0,0,1,1,unknown
Khemisset,khemisset,False,Maison,94.0,9.0,3.0,unknown,500000.0,0,1,1,unknown
Khemisset,khemisset,False,Maison,186.0,4.0,2.0,unknown,860000.0,0,1,1,unknown
Berrechid,berrechid,False,Maison,390.0,3.0,2.0,unknown,950000.0,0,1,1,unknown
Berrechid,berrechid,False,Maison,142.0,6.0,2.0,unknown,2300000.0,0,1,1,unknown
Berrechid,berrechid,False,Maison,67.0,2.0,0.0,unknown,430000.0,0,1,1,unknown
Berrechid,berrechid,False,Maison,327.0,5.0,3.0,unknown,2800000.0,0,1,1,unknown
Berrechid,berrechid,False,Maison,107.0,5.0,2.0,unknown,1600000.0,0,1,1,unknown
Berrechid,berrechid,False,Maison,65.0,2.0,1.0,unknown,280000.0,0,1,1,unknown
Berrechid,berrechid,False,Maison,80.0,3.0,2.0,unknown,360000.0,0,1,1,unknown
Berrechid,berrechid,False,Maison,109.0,2.0,1.0,unknown,1400000.0,0,1,1,unknown
Berrechid,berrechid,False,Maison,400.0,6.0,4.0,unknown,1900000.0,0,1,1,unknown
Berrechid,berrechid,False,Maison,240.0,3.0,2.0,unknown,430000.0,0,1,1,unknown
Berrechid,berrechid,False,Maison,83.0,4.0,2.0,unknown,1500000.0,0,1,1,unknown
Berrechid,berrechid,False,Maison,121.0,5.0,3.0,unknown,1700000.0,0,1,1,unknown
Berrechid,berrechid,False,Maison,126.0,4.0,2.0,unknown,1280000.0,0,1,1,unknown
Berrechid,berrechid,False,Maison,160.0,6.0,2.0,unknown,1500000.0,0,1,1,unknown
Berrechid,berrechid,False,Maison,100.0,4.0,4.0,unknown,1800000.0,0,1,1,unknown
Berrechid,berrechid,False,Maison,92.0,3.0,0.0,unknown,1100000.0,0,1,1,unknown
Berrechid,berrechid,False,Maison,300.0,5.0,3.0,unknown,1700000.0,0,1,1,unknown
Berrechid,berrechid,False,Maison,300.0,5.0,5.0,unknown,1700000.0,0,1,1,unknown
Berrechid,berrechid,False,Maison,390.0,5.0,2.0,unknown,1000000.0,0,1,1,unknown
Berrechid,berrechid,False,Maison,120.0,4.0,5.0,unknown,1800000.0,0,1,1,unknown
Berrechid,berrechid,False,Maison,83.0,10.0,5.0,unknown,2500000.0,0,1,1,unknown
Berrechid,berrechid,False,Maison,160.0,3.0,2.0,unknown,800000.0,0,1,1,unknown
Berrechid,deroua,False,Maison,107.0,6.0,4.0,unknown,230000.0,0,1,1,unknown
Berrechid,autre_secteur,True,Maison,300.0,3.0,3.0,unknown,2400000.0,0,1,1,unknown
Berrechid,autre_secteur,True,Maison,120.0,6.0,5.0,unknown,2950000.0,0,1,1,unknown
Berrechid,autre_secteur,True,Maison,150.0,8.0,4.0,unknown,3400000.0,0,1,1,unknown
Berrechid,deroua,False,Maison,88.0,5.0,4.0,unknown,1850000.0,0,1,1,unknown
Berrechid,deroua,False,Maison,120.0,1.0,0.0,unknown,2500000.0,0,1,1,unknown
Berrechid,oued_zem,False,Maison,70.0,2.0,1.0,unknown,750000.0,0,1,1,unknown
Berrechid,benslimane,False,Maison,205.0,6.0,2.0,unknown,2150000.0,0,1,1,unknown
Khouribga,khouribga,False,Maison,72.0,5.0,4.0,unknown,490000.0,0,1,1,unknown
Berrechid,bouznika,False,Maison,200.0,4.0,2.0,unknown,1500000.0,0,1,1,unknown
Khouribga,khouribga,False,Maison,65.0,5.0,3.0,unknown,500000.0,0,1,1,unknown
Berrechid,bouznika,False,Maison,100.0,2.0,2.0,unknown,695000.0,0,1,1,unknown
Berrechid,oued_zem,False,Maison,95.0,3.0,2.0,unknown,1550000.0,0,1,1,unknown
Berrechid,boulanouar,False,Maison,108.0,2.0,1.0,unknown,880000.0,0,1,1,unknown
Berrechid,hay_nejma,False,Maison,107.0,1.0,2.0,unknown,950000.0,0,1,1,unknown
Berrechid,ouazzane,False,Maison,114.0,4.0,2.0,unknown,1000000.0,0,1,1,unknown
Berrechid,bouznika,False,Maison,115.0,5.0,3.0,unknown,2600000.0,0,1,1,unknown
Berrechid,deroua,False,Maison,100.0,6.0,5.0,unknown,1500000.0,0,1,1,unknown
Berrechid,hay_farah,False,Maison,96.0,3.0,1.0,unknown,800000.0,0,1,1,unknown
Berrechid,oued_zem,False,Maison,70.0,2.0,1.0,unknown,700000.0,0,1,1,unknown
Berrechid,bouznika,False,Maison,54.0,2.0,1.0,unknown,550000.0,0,1,1,unknown
Berrechid,autre_secteur,True,Maison,120.0,6.0,4.0,unknown,2800000.0,0,1,1,unknown
Berrechid,oued_zem,False,Maison,214.0,6.0,3.0,unknown,2250000.0,0,1,1,unknown
Berrechid,deroua,False,Maison,136.0,4.0,4.0,unknown,2200000.0,0,1,1,unknown
Berrechid,boujniba,False,Maison,250.0,3.0,3.0,unknown,800000.0,0,1,1,unknown
Khouribga,khouribga,False,Maison,189.0,6.0,3.0,unknown,800000.0,0,1,1,unknown
Berrechid,deroua,False,Maison,100.0,6.0,4.0,unknown,1600000.0,0,1,1,unknown
Berrechid,deroua,False,Maison,65.0,2.0,1.0,unknown,340000.0,0,1,1,unknown
Berrechid,autre_secteur,True,Maison,280.0,4.0,2.0,unknown,2600000.0,0,1,1,unknown
Berrechid,deroua,False,Maison,100.0,6.0,4.0,unknown,160000.0,0,1,1,unknown
Berrechid,el_mansouria,False,Maison,400.0,3.0,3.0,unknown,1800000.0,0,1,1,unknown
Berrechid,el_mansouria,False,Maison,83.0,2.0,2.0,unknown,115000.0,0,1,1,unknown
Berrechid,al_kawtar,False,Maison,150.0,5.0,3.0,unknown,1600000.0,0,1,1,unknown
Berrechid,autre_secteur,True,Maison,90.0,5.0,3.0,unknown,2400000.0,0,1,1,unknown
Berrechid,autre_secteur,True,Maison,125.0,3.0,2.0,unknown,1300000.0,0,1,1,unknown
Berrechid,oued_zem,False,Maison,95.0,3.0,1.0,unknown,900000.0,0,1,1,unknown
Berrechid,deroua,False,Maison,192.0,4.0,2.0,unknown,1130000.0,0,1,1,unknown
Khouribga,khouribga,False,Maison,96.0,7.0,4.0,unknown,1400000.0,0,1,1,unknown
Berrechid,autre_secteur,True,Maison,120.0,3.0,2.0,unknown,2600000.0,0,1,1,unknown
Khouribga,khouribga,False,Maison,60.0,3.0,1.0,unknown,500000.0,0,1,1,unknown
Berrechid,deroua,False,Maison,120.0,6.0,3.0,unknown,1000000.0,0,1,1,unknown
Berrechid,plage_oued_cherrat,False,Maison,545.0,9.0,4.0,unknown,3900000.0,0,1,1,unknown
Berrechid,hay_al_mohammadi,False,Maison,120.0,4.0,2.0,unknown,1200000.0,0,1,1,unknown
Berrechid,deroua,False,Maison,120.0,7.0,1.0,unknown,500000.0,0,1,1,unknown
Berrechid,ben_ahmed,False,Maison,110.0,5.0,4.0,unknown,1200000.0,0,1,1,unknown
Khouribga,khouribga,False,Maison,75.0,3.0,2.0,unknown,900000.0,0,1,1,unknown
Berrechid,les_chenes,False,Maison,346.0,3.0,3.0,unknown,3200000.0,0,1,1,unknown
Berrechid,al_kawtar,False,Maison,288.0,6.0,4.0,unknown,1700000.0,0,1,1,unknown
Khouribga,khouribga,False,Maison,62.0,5.0,3.0,unknown,650000.0,0,1,1,unknown
Berrechid,autre_secteur,True,Maison,400.0,4.0,4.0,unknown,6600000.0,0,1,1,unknown
Berrechid,hay_farah,False,Maison,120.0,8.0,3.0,unknown,1200000.0,0,1,1,unknown
Berrechid,deroua,False,Maison,220.0,3.0,2.0,unknown,240000.0,0,1,1,unknown
Berrechid,oued_zem,False,Maison,102.0,2.0,1.0,unknown,750000.0,0,1,1,unknown
Khouribga,khouribga,False,Maison,69.0,3.0,2.0,unknown,750000.0,0,1,1,unknown
Berrechid,deroua,False,Maison,105.0,3.0,2.0,unknown,360000.0,0,1,1,unknown
Berrechid,lakhiaita,False,Maison,66.0,3.0,2.0,unknown,180000.0,0,1,1,unknown
Berrechid,deroua,False,Maison,65.0,2.0,1.0,unknown,580000.0,0,1,1,unknown
Berrechid,deroua,False,Maison,80.0,2.0,2.0,unknown,570000.0,0,1,1,unknown
Berrechid,autre_secteur,True,Maison,315.0,4.0,5.0,unknown,3950000.0,0,1,1,unknown
Berrechid,quartier_soufal,False,Maison,135.0,7.0,4.0,unknown,2200000.0,0,1,1,unknown
Khouribga,khouribga,False,Maison,80.0,4.0,2.0,unknown,730000.0,0,1,1,unknown
Khouribga,khouribga,False,Maison,100.0,2.0,2.0,unknown,900000.0,0,1,1,unknown
Berrechid,deroua,False,Maison,132.0,4.0,4.0,unknown,2500000.0,0,1,1,unknown
Berrechid,deroua,False,Maison,380.0,5.0,5.0,unknown,2000000.0,0,1,1,unknown
Berrechid,autre_secteur,True,Maison,103.0,5.0,3.0,unknown,1600000.0,0,1,1,unknown
Berrechid,deroua,False,Maison,102.0,6.0,4.0,unknown,1400000.0,0,1,1,unknown
Khouribga,khouribga,False,Maison,96.0,5.0,3.0,unknown,1600000.0,0,1,1,unknown
Khouribga,khouribga,False,Maison,100.0,4.0,3.0,unknown,1250000.0,0,1,1,unknown
Berrechid,autre_secteur,True,Maison,180.0,2.0,2.0,unknown,700000.0,0,1,1,unknown
Berrechid,sidi_el_aîdi,False,Maison,105.0,4.0,3.0,unknown,830000.0,0,1,1,unknown
Berrechid,el_borouj,False,Maison,140.0,3.0,1.0,unknown,440000.0,0,1,1,unknown
Berrechid,deroua,False,Maison,100.0,2.0,2.0,unknown,2600000.0,0,1,1,unknown
Berrechid,autre_secteur,True,Maison,400.0,10.0,2.0,unknown,2400000.0,0,1,1,unknown
Khouribga,khouribga,False,Maison,62.0,5.0,3.0,unknown,620000.0,0,1,1,unknown
Khouribga,khouribga,False,Maison,120.0,3.0,1.0,unknown,1200000.0,0,1,1,unknown
Khouribga,khouribga,False,Maison,32.0,2.0,1.0,unknown,260000.0,0,1,1,unknown
Berrechid,deroua,False,Maison,56.0,2.0,0.0,unknown,260000.0,0,1,1,unknown
Berrechid,autre_secteur,True,Maison,215.0,3.0,3.0,unknown,2500000.0,0,1,1,unknown
Berrechid,plage_oued_cherrat,False,Maison,80.0,3.0,3.0,unknown,1300000.0,0,1,1,unknown
Khouribga,khouribga,False,Maison,107.0,3.0,3.0,unknown,1500000.0,0,1,1,unknown
Khouribga,khouribga,False,Maison,70.0,3.0,1.0,unknown,230000.0,0,1,1,unknown
Berrechid,karima,False,Maison,100.0,6.0,2.0,unknown,1400000.0,0,1,1,unknown
Berrechid,plage_oued_cherrat,False,Maison,110.0,9.0,3.0,unknown,1350000.0,0,1,1,unknown
Berrechid,ben_ahmed,False,Maison,300.0,8.0,4.0,unknown,990000.0,0,1,1,unknown
Berrechid,oued_zem,False,Maison,160.0,5.0,6.0,unknown,2620000.0,0,1,1,unknown
Berrechid,autre_secteur,True,Maison,125.0,6.0,4.0,unknown,2400000.0,0,1,1,unknown
Berrechid,deroua,False,Maison,340.0,10.0,3.0,unknown,1400000.0,0,1,1,unknown
Berrechid,ouazzane,False,Maison,1000.0,10.0,3.0,unknown,1900000.0,0,1,1,unknown
Berrechid,administratif,False,Maison,300.0,4.0,2.0,unknown,510000.0,0,1,1,unknown
Berrechid,deroua,False,Maison,51.0,2.0,1.0,unknown,300000.0,0,1,1,unknown
Berrechid,hay_al_hassani,False,Maison,100.0,2.0,1.0,unknown,340000.0,0,1,1,unknown
Khouribga,khouribga,False,Maison,108.0,5.0,3.0,unknown,1450000.0,0,1,1,unknown
Youssoufia,youssoufia,False,Maison,50.0,3.0,2.0,unknown,360000.0,0,1,1,unknown
Guercif,guercif,False,Maison,428.0,5.0,5.0,unknown,1950000.0,0,1,1,unknown
Guercif,guercif,False,Maison,130.0,9.0,3.0,unknown,1850000.0,0,1,1,unknown
Guercif,guercif,False,Maison,140.0,5.0,2.0,unknown,1200000.0,0,1,1,unknown
Guercif,guercif,False,Maison,400.0,5.0,2.0,unknown,950000.0,0,1,1,unknown
Guercif,guercif,False,Maison,500.0,3.0,2.0,unknown,1000000.0,0,1,1,unknown
Guercif,guercif,False,Maison,1000.0,2.0,1.0,unknown,1500000.0,0,1,1,unknown
Guercif,guercif,False,Maison,330.0,5.0,3.0,unknown,850000.0,0,1,1,unknown
Guercif,guercif,False,Maison,100.0,2.0,1.0,unknown,900000.0,0,1,1,unknown
Guercif,guercif,False,Maison,111.0,2.0,1.0,unknown,440000.0,0,1,1,unknown
Guercif,al_hoceima,False,Maison,390.0,6.0,3.0,unknown,2350000.0,0,1,1,unknown
Guercif,al_hoceima,False,Maison,150.0,3.0,1.0,unknown,1000000.0,0,1,1,unknown
Guercif,al_hoceima,False,Maison,288.0,3.0,2.0,unknown,1550000.0,0,1,1,unknown
Guercif,al_hoceima,False,Maison,420.0,9.0,4.0,unknown,3800000.0,0,1,1,unknown
Guercif,al_hoceima,False,Maison,100.0,2.0,1.0,unknown,800000.0,0,1,1,unknown
Guercif,taounate,False,Maison,110.0,3.0,2.0,unknown,1300000.0,0,1,1,unknown
Guercif,taounate,False,Maison,120.0,3.0,1.0,unknown,500000.0,0,1,1,unknown
Guercif,taounate,False,Maison,210.0,2.0,2.0,unknown,720000.0,0,1,1,unknown
Guercif,al_hoceima,False,Maison,100.0,8.0,4.0,unknown,1200000.0,0,1,1,unknown
Sidi-kacem,sbata,False,Maison,72.0,6.0,4.0,unknown,140000.0,0,1,1,unknown
Sidi-kacem,sefrou,False,Maison,505.0,6.0,3.0,unknown,1000000.0,0,1,1,unknown
Sidi-kacem,bab_fès,False,Maison,163.0,4.0,2.0,unknown,900000.0,0,1,1,unknown
Casablanca,laimoune,False,Villa,340.0,4.0,4.0,3.0,4320000.0,1,1,1,unknown
Casablanca,californie,False,Villa,1097.0,5.0,5.0,unknown,22000000.0,0,1,1,unknown
Casablanca,aïn_chock,False,Villa,700.0,5.0,5.0,5.0,7800000.0,1,1,1,unknown
Casablanca,sidi_maarouf,False,Villa,540.0,2.0,4.0,unknown,7700000.0,0,1,1,unknown
Casablanca,florida,False,Villa,382.0,5.0,4.0,3.0,5290000.0,1,1,1,unknown
Casablanca,aïn_diab,False,Villa,783.0,4.0,3.0,unknown,24500000.0,0,1,1,unknown
Casablanca,hay_hassani,False,Villa,160.0,5.0,2.0,2.0,4800000.0,1,1,1,unknown
Casablanca,hay_hassani,False,Villa,250.0,5.0,3.0,unknown,3000000.0,0,1,1,unknown
Casablanca,anfa,False,Villa,500.0,4.0,2.0,unknown,9500000.0,0,1,1,unknown
Casablanca,ain_sebaa,False,Villa,704.0,8.0,7.0,unknown,8900000.0,0,1,1,unknown
Casablanca,oulfa,False,Villa,486.0,3.0,4.0,unknown,4600000.0,0,1,1,unknown
Casablanca,californie,False,Villa,2000.0,5.0,5.0,unknown,23000000.0,0,1,1,unknown
Casablanca,hay_laymouna,False,Villa,250.0,4.0,3.0,unknown,4900000.0,0,1,1,unknown
Casablanca,aïn_diab,False,Villa,330.0,5.0,4.0,unknown,7500000.0,0,1,1,unknown
Rabat,hay_riad,False,Villa,613.0,4.0,3.0,unknown,11500000.0,0,1,1,unknown
Rabat,hay_riad,False,Villa,300.0,4.0,4.0,unknown,5900000.0,0,1,1,unknown
Rabat,souissi,False,Villa,2000.0,4.0,4.0,unknown,26000000.0,0,1,1,unknown
Rabat,souissi,False,Villa,3600.0,8.0,7.0,unknown,24000000.0,0,1,1,unknown
Rabat,souissi,False,Villa,2300.0,6.0,6.0,unknown,50000000.0,0,1,1,unknown
Rabat,hay_riad,False,Villa,2267.0,5.0,5.0,unknown,28000000.0,0,1,1,unknown
Rabat,les_ambassadeurs,False,Villa,2011.0,6.0,5.0,unknown,16500000.0,0,1,1,unknown
Rabat,souissi,False,Villa,2011.0,6.0,5.0,unknown,16500000.0,0,1,1,unknown
Rabat,souissi,False,Villa,2100.0,5.0,3.0,unknown,15900000.0,0,1,1,unknown
Rabat,souissi,False,Villa,2000.0,5.0,4.0,unknown,45000000.0,0,1,1,unknown
Rabat,souissi,False,Villa,1300.0,6.0,4.0,unknown,12900000.0,0,1,1,unknown
Rabat,autre_secteur,True,Villa,167.0,4.0,2.0,unknown,4400000.0,0,1,1,unknown
Rabat,hay_riad,False,Villa,811.0,5.0,4.0,unknown,9800000.0,0,1,1,unknown
Rabat,souissi,False,Villa,2000.0,5.0,4.0,unknown,17700000.0,0,1,1,unknown
Rabat,souissi,False,Villa,2350.0,5.0,4.0,unknown,13500000.0,0,1,1,unknown
Rabat,souissi,False,Villa,1991.0,6.0,3.0,unknown,12300000.0,0,1,1,unknown
Rabat,souissi,False,Villa,950.0,4.0,4.0,unknown,8600000.0,0,1,1,unknown
Rabat,souissi,False,Villa,1800.0,4.0,3.0,unknown,15500000.0,0,1,1,unknown
Rabat,souissi,False,Villa,794.0,4.0,5.0,unknown,16000000.0,0,1,1,unknown
Rabat,souissi,False,Villa,1247.0,7.0,6.0,unknown,14000000.0,0,1,1,unknown
Rabat,souissi,False,Villa,2800.0,5.0,4.0,unknown,15000000.0,0,1,1,unknown
Rabat,souissi,False,Villa,1950.0,5.0,3.0,unknown,20000000.0,0,1,1,unknown
Rabat,souissi,False,Villa,725.0,4.0,5.0,unknown,17500000.0,0,1,1,unknown
Rabat,souissi,False,Villa,450.0,3.0,3.0,unknown,8700000.0,0,1,1,unknown
Rabat,hay_riad,False,Villa,900.0,4.0,3.0,unknown,9400000.0,0,1,1,unknown
Rabat,souissi,False,Villa,880.0,4.0,3.0,unknown,9000000.0,0,1,1,unknown
Rabat,souissi,False,Villa,1485.0,6.0,3.0,unknown,12000000.0,0,1,1,unknown
Rabat,souissi,False,Villa,1910.0,10.0,5.0,unknown,13500000.0,0,1,1,unknown
Rabat,hay_riad,False,Villa,672.0,5.0,4.0,unknown,7800000.0,0,1,1,unknown
Rabat,souissi,False,Villa,2000.0,5.0,4.0,unknown,22700000.0,0,1,1,unknown
Rabat,hay_riad,False,Villa,350.0,6.0,2.0,unknown,8490000.0,0,1,1,unknown
Rabat,souissi,False,Villa,1501.0,3.0,3.0,unknown,15000000.0,0,1,1,unknown
Rabat,souissi,False,Villa,1980.0,6.0,5.0,unknown,15000000.0,0,1,1,unknown
Rabat,souissi,False,Villa,1060.0,5.0,5.0,unknown,9600000.0,0,1,1,unknown
Rabat,hay_riad,False,Villa,330.0,6.0,4.0,unknown,7400000.0,0,1,1,unknown
Rabat,hay_riad,False,Villa,530.0,5.0,2.0,unknown,9000000.0,0,1,1,unknown
Rabat,souissi,False,Villa,2000.0,5.0,5.0,unknown,22000000.0,0,1,1,unknown
Rabat,souissi,False,Villa,1910.0,8.0,4.0,unknown,13000000.0,0,1,1,unknown
Rabat,autre_secteur,True,Villa,305.0,5.0,3.0,unknown,6600000.0,0,1,1,unknown
Rabat,hay_riad,False,Villa,1080.0,4.0,0.0,unknown,9800000.0,0,1,1,unknown
Rabat,souissi,False,Villa,2100.0,5.0,4.0,unknown,13900000.0,0,1,1,unknown
Rabat,souissi,False,Villa,2269.0,7.0,6.0,unknown,17999000.0,0,1,1,unknown
Rabat,souissi,False,Villa,1700.0,6.0,3.0,unknown,12900000.0,0,1,1,unknown
Rabat,hay_riad,False,Villa,590.0,7.0,5.0,unknown,7950000.0,0,1,1,unknown
Rabat,les_ambassadeurs,False,Villa,3600.0,6.0,6.0,unknown,40000000.0,0,1,1,unknown
Rabat,souissi,False,Villa,1000.0,7.0,3.0,unknown,12000000.0,0,1,1,unknown
Rabat,souissi,False,Villa,962.0,5.0,4.0,unknown,10000000.0,0,1,1,unknown
Rabat,souissi,False,Villa,417.0,9.0,3.0,unknown,6800000.0,0,1,1,unknown
Rabat,souissi,False,Villa,2030.0,4.0,3.0,unknown,10500000.0,0,1,1,unknown
Rabat,souissi,False,Villa,2500.0,4.0,3.0,unknown,13900000.0,0,1,1,unknown
Rabat,souissi,False,Villa,2246.0,5.0,4.0,unknown,17000000.0,0,1,1,unknown
Rabat,souissi,False,Villa,1800.0,5.0,4.0,unknown,15700000.0,0,1,1,unknown
Rabat,souissi,False,Villa,2400.0,5.0,2.0,unknown,18000000.0,0,1,1,unknown
Rabat,souissi,False,Villa,930.0,5.0,7.0,unknown,10700000.0,0,1,1,unknown
Rabat,souissi,False,Villa,1815.0,5.0,3.0,unknown,12700000.0,0,1,1,unknown
Rabat,souissi,False,Villa,3100.0,5.0,3.0,unknown,22000000.0,0,1,1,unknown
Rabat,souissi,False,Villa,2000.0,4.0,3.0,unknown,12990000.0,0,1,1,unknown
Rabat,souissi,False,Villa,1800.0,4.0,3.0,unknown,11000000.0,0,1,1,unknown
Rabat,souissi,False,Villa,1900.0,6.0,4.0,unknown,24000000.0,0,1,1,unknown
Rabat,souissi,False,Villa,1800.0,7.0,4.0,unknown,13500000.0,0,1,1,unknown
Rabat,souissi,False,Villa,4200.0,9.0,7.0,unknown,56000000.0,0,1,1,unknown
Rabat,souissi,False,Villa,820.0,4.0,3.0,unknown,12500000.0,0,1,1,unknown
Rabat,souissi,False,Villa,2203.0,5.0,5.0,unknown,35000000.0,0,1,1,unknown
Rabat,souissi,False,Villa,1864.0,5.0,5.0,unknown,32000000.0,0,1,1,unknown
Rabat,souissi,False,Villa,2000.0,6.0,3.0,unknown,13000000.0,0,1,1,unknown
Rabat,souissi,False,Villa,4630.0,5.0,6.0,unknown,29000000.0,0,1,1,unknown
Rabat,souissi,False,Villa,2600.0,4.0,3.0,unknown,18500000.0,0,1,1,unknown
Rabat,souissi,False,Villa,2600.0,5.0,6.0,unknown,45000000.0,0,1,1,unknown
Rabat,souissi,False,Villa,2160.0,5.0,6.0,unknown,22000000.0,0,1,1,unknown
Rabat,hay_riad,False,Villa,714.0,5.0,3.0,unknown,20000000.0,0,1,1,unknown
Rabat,souissi,False,Villa,1948.0,4.0,4.0,unknown,15500000.0,0,1,1,unknown
Rabat,hay_riad,False,Villa,800.0,4.0,3.0,unknown,12000000.0,0,1,1,unknown
Rabat,les_ambassadeurs,False,Villa,2079.0,6.0,6.0,unknown,28000000.0,0,1,1,unknown
Rabat,souissi,False,Villa,3100.0,8.0,7.0,unknown,39000000.0,0,1,1,unknown
Rabat,souissi,False,Villa,2160.0,6.0,6.0,unknown,24000000.0,0,1,1,unknown
Rabat,souissi,False,Villa,2540.0,6.0,7.0,unknown,30000000.0,0,1,1,unknown
Rabat,hay_riad,False,Villa,300.0,5.0,4.0,unknown,6600000.0,0,1,1,unknown
Rabat,yacoub_el_mansour,False,Villa,83.0,3.0,2.0,unknown,1600000.0,0,1,1,unknown
Rabat,les_ambassadeurs,False,Villa,2000.0,6.0,4.0,unknown,16000000.0,0,1,1,unknown
Rabat,hay_riad,False,Villa,330.0,5.0,4.0,unknown,7800000.0,0,1,1,unknown
Rabat,autre_secteur,True,Villa,2007.0,4.0,6.0,unknown,11000000.0,0,1,1,unknown
Rabat,aviation___mabella,False,Villa,365.0,4.0,2.0,unknown,5500000.0,0,1,1,unknown
Rabat,hay_riad,False,Villa,792.0,4.0,4.0,unknown,15000000.0,0,1,1,unknown
Rabat,souissi,False,Villa,1900.0,6.0,6.0,unknown,17000000.0,0,1,1,unknown
Rabat,souissi,False,Villa,1721.0,5.0,5.0,unknown,24000000.0,0,1,1,unknown
Rabat,hay_riad,False,Villa,644.0,5.0,2.0,unknown,11500000.0,0,1,1,unknown
Rabat,hay_riad,False,Villa,465.0,4.0,4.0,unknown,11000000.0,0,1,1,unknown
Rabat,souissi,False,Villa,1800.0,6.0,4.0,unknown,11000000.0,0,1,1,unknown
Rabat,souissi,False,Villa,1670.0,6.0,3.0,unknown,14000000.0,0,1,1,unknown
Rabat,souissi,False,Villa,1900.0,6.0,4.0,unknown,21000000.0,0,1,1,unknown
Rabat,hay_riad,False,Villa,333.0,5.0,2.0,unknown,6600000.0,0,1,1,unknown
Rabat,autre_secteur,True,Villa,4000.0,4.0,3.0,unknown,6500000.0,0,1,1,unknown
Rabat,souissi,False,Villa,2150.0,6.0,7.0,unknown,20000000.0,0,1,1,unknown
Rabat,agdal,False,Villa,370.0,3.0,3.0,unknown,9000000.0,0,1,1,unknown
Rabat,hay_riad,False,Villa,2200.0,5.0,6.0,unknown,22000000.0,0,1,1,unknown
Rabat,hay_riad,False,Villa,1000.0,5.0,4.0,unknown,11000000.0,0,1,1,unknown
Rabat,hay_riad,False,Villa,644.0,4.0,3.0,unknown,10500000.0,0,1,1,unknown
Rabat,souissi,False,Villa,1750.0,4.0,3.0,unknown,16000000.0,0,1,1,unknown
Rabat,autre_secteur,True,Villa,360.0,3.0,3.0,unknown,4100000.0,0,1,1,unknown
Marrakech,ancienne_médina,False,Villa,287.0,4.0,2.0,unknown,4650000.0,0,1,1,unknown
Marrakech,route_de_ouarzazate,False,Villa,1193.0,4.0,4.0,unknown,6000000.0,0,1,1,unknown
Marrakech,targa,False,Villa,1160.0,6.0,3.0,unknown,9000000.0,0,1,1,unknown
Marrakech,targa,False,Villa,430.0,6.0,5.0,unknown,6500000.0,0,1,1,unknown
Marrakech,route_de_tahanaoute,False,Villa,283.0,4.0,4.0,unknown,4500000.0,0,1,1,unknown
Marrakech,route_de_casablanca,False,Villa,425.0,3.0,2.0,unknown,3400000.0,0,1,1,unknown
Marrakech,allal_el_fassi,False,Villa,200.0,1.0,3.0,unknown,3500000.0,0,1,1,unknown
Marrakech,sidi_abdellah_ghiat,False,Villa,3200.0,3.0,4.0,unknown,5800000.0,0,1,1,unknown
Marrakech,route_de_casablanca,False,Villa,245.0,3.0,3.0,unknown,3500000.0,0,1,1,unknown
Marrakech,ancienne_médina,False,Villa,120.0,5.0,2.0,unknown,1050000.0,0,1,1,unknown
Marrakech,route_de_fès,False,Villa,1000.0,8.0,5.0,unknown,1800000.0,0,1,1,unknown
Marrakech,assif,False,Villa,200.0,6.0,4.0,unknown,2500000.0,0,1,1,unknown
Marrakech,route_d_amezmiz,False,Villa,304.0,5.0,3.0,unknown,2490000.0,0,1,1,unknown
Marrakech,route_de_fès,False,Villa,1200.0,5.0,1.0,unknown,6500000.0,0,1,1,unknown
Marrakech,rouidat,False,Villa,230.0,5.0,1.0,unknown,4200000.0,0,1,1,unknown
Marrakech,centre_ville,True,Villa,270.0,4.0,4.0,unknown,3900000.0,0,1,1,unknown
Marrakech,guéliz,False,Villa,384.0,7.0,4.0,unknown,5000001.0,0,1,1,unknown
Marrakech,autre_secteur,True,Villa,283.0,4.0,4.0,unknown,4500000.0,0,1,1,unknown
Marrakech,semlalia,False,Villa,270.0,5.0,5.0,unknown,5000000.0,0,1,1,unknown
Marrakech,route_de_fès,False,Villa,300.0,4.0,3.0,unknown,3400000.0,0,1,1,unknown
Marrakech,route_d_ourika,False,Villa,711.0,4.0,4.0,unknown,4200000.0,0,1,1,unknown
Marrakech,route_de_casablanca,False,Villa,2650.0,6.0,6.0,unknown,4900000.0,0,1,1,unknown
Marrakech,agdal,False,Villa,1360.0,4.0,4.0,unknown,6800000.0,0,1,1,unknown
Marrakech,agdal,False,Villa,960.0,4.0,4.0,unknown,6200000.0,0,1,1,unknown
Marrakech,ain_mezouar,False,Villa,300.0,6.0,4.0,unknown,1595000.0,0,1,1,unknown
Marrakech,autre_secteur,True,Villa,600.0,3.0,2.0,unknown,1600000.0,0,1,1,unknown
Marrakech,route_d_ourika,False,Villa,1000.0,4.0,5.0,unknown,3500000.0,0,1,1,unknown
Marrakech,route_d_ourika,False,Villa,400.0,4.0,3.0,unknown,5000000.0,0,1,1,unknown
Marrakech,route_d_amezmiz,False,Villa,958.0,4.0,4.0,unknown,4500000.0,0,1,1,unknown
Marrakech,route_de_casablanca,False,Villa,2650.0,7.0,6.0,unknown,4900000.0,0,1,1,unknown
Marrakech,route_de_tahanaoute,False,Villa,500.0,4.0,4.0,unknown,5280000.0,0,1,1,unknown
Marrakech,annakhil,False,Villa,387.0,4.0,4.0,unknown,4500000.0,0,1,1,unknown
Marrakech,ancienne_médina,False,Villa,189.0,4.0,1.0,unknown,3200000.0,0,1,1,unknown
Marrakech,route_d_ourika,False,Villa,361.0,1.0,1.0,unknown,790000.0,0,1,1,unknown
Marrakech,route_d_ourika,False,Villa,503.0,4.0,4.0,unknown,6500000.0,0,1,1,unknown
Marrakech,agdal,False,Villa,400.0,5.0,3.0,unknown,3800000.0,0,1,1,unknown
Marrakech,autre_secteur,True,Villa,401.0,4.0,3.0,unknown,4500000.0,0,1,1,unknown
Marrakech,autre_secteur,True,Villa,250.0,5.0,0.0,unknown,3900000.0,0,1,1,unknown
Marrakech,route_d_ourika,False,Villa,500.0,4.0,2.0,unknown,2000000.0,0,1,1,unknown
Marrakech,issil,False,Villa,265.0,4.0,2.0,unknown,1500000.0,0,1,1,unknown
Marrakech,route_de_casablanca,False,Villa,105.0,4.0,1.0,unknown,1470000.0,0,1,1,unknown
Marrakech,route_d_amezmiz,False,Villa,750.0,4.0,5.0,unknown,5600000.0,0,1,1,unknown
Marrakech,route_d_ourika,False,Villa,740.0,4.0,5.0,unknown,5500000.0,0,1,1,unknown
Marrakech,m_hamid,False,Villa,260.0,6.0,6.0,unknown,3500000.0,0,1,1,unknown
Marrakech,route_d_ourika,False,Villa,481.0,4.0,3.0,unknown,5500000.0,0,1,1,unknown
Marrakech,targa,False,Villa,285.0,5.0,3.0,unknown,3800000.0,0,1,1,unknown
Marrakech,guéliz,False,Villa,300.0,3.0,3.0,unknown,4800000.0,0,1,1,unknown
Marrakech,targa,False,Villa,397.0,3.0,3.0,unknown,3700000.0,0,1,1,unknown
Marrakech,route_d_ourika,False,Villa,300.0,5.0,3.0,unknown,3500000.0,0,1,1,unknown
Marrakech,route_de_fès,False,Villa,300.0,3.0,2.0,unknown,3000000.0,0,1,1,unknown
Marrakech,route_de_fès,False,Villa,2200.0,8.0,8.0,unknown,4400000.0,0,1,1,unknown
Marrakech,targa,False,Villa,375.0,7.0,5.0,unknown,3650000.0,0,1,1,unknown
Marrakech,ben_saleh,False,Villa,95.0,5.0,2.0,unknown,2200000.0,0,1,1,unknown
Marrakech,route_d_ourika,False,Villa,600.0,4.0,4.0,unknown,6000000.0,0,1,1,unknown
Tanger,moujahidine,False,Villa,400.0,3.0,5.0,unknown,7500000.0,0,1,1,unknown
Tanger,manar,False,Villa,470.0,6.0,3.0,unknown,5300000.0,0,1,1,unknown
Tanger,bel_air___val_fleuri,False,Villa,460.0,4.0,4.0,unknown,6000000.0,0,1,1,unknown
Tanger,autre_secteur,True,Villa,1367.0,4.0,5.0,unknown,9500000.0,0,1,1,unknown
Tanger,autre_secteur,True,Villa,860.0,4.0,3.0,unknown,5500000.0,0,1,1,unknown
Tanger,la_nouvelle_ville_ibn_battouta,False,Villa,170.0,5.0,4.0,unknown,2400000.0,0,1,1,unknown
Tanger,ziatene,False,Villa,319.0,5.0,4.0,unknown,6500000.0,0,1,1,unknown
Tanger,malabata,False,Villa,507.0,5.0,5.0,unknown,8000000.0,0,1,1,unknown
Tanger,ziatene,False,Villa,450.0,4.0,4.0,unknown,4500000.0,0,1,1,unknown
Tanger,centre,True,Villa,325.0,4.0,3.0,unknown,6000000.0,0,1,1,unknown
Tanger,charf,False,Villa,360.0,5.0,3.0,unknown,8000000.0,0,1,1,unknown
Tanger,autre_secteur,True,Villa,2000.0,4.0,3.0,unknown,4000000.0,0,1,1,unknown
Tanger,de_la_plage,False,Villa,521.0,4.0,4.0,unknown,2700000.0,0,1,1,unknown
Tanger,centre,True,Villa,330.0,4.0,3.0,unknown,4000000.0,0,1,1,unknown
Tanger,de_la_plage,False,Villa,350.0,5.0,4.0,unknown,12000000.0,0,1,1,unknown
Tanger,al_kasaba,False,Villa,120.0,4.0,4.0,unknown,3500000.0,0,1,1,unknown
Tanger,centre_ville,True,Villa,360.0,6.0,4.0,unknown,7500000.0,0,1,1,unknown
Tanger,val_fleuri,False,Villa,385.0,6.0,5.0,unknown,4800000.0,0,1,1,unknown
Tanger,branes_kdima,False,Villa,632.0,3.0,2.0,unknown,3700000.0,0,1,1,unknown
Agadir,autre_secteur,True,Villa,342.0,2.0,2.0,unknown,5000000.0,0,1,1,unknown
Agadir,hay_al_farah,False,Villa,164.0,1.0,1.0,unknown,2300000.0,0,1,1,unknown
Agadir,hay_dakhla,False,Villa,270.0,6.0,2.0,unknown,3600000.0,0,1,1,unknown
Agadir,illigh,False,Villa,1600.0,4.0,3.0,unknown,17000000.0,0,1,1,unknown
Agadir,illigh,False,Villa,210.0,4.0,2.0,unknown,4800000.0,0,1,1,unknown
Agadir,illigh,False,Villa,1206.0,10.0,6.0,unknown,13000000.0,0,1,1,unknown
Agadir,illigh,False,Villa,1680.0,6.0,6.0,unknown,15000000.0,0,1,1,unknown
Agadir,illigh,False,Villa,1300.0,4.0,4.0,unknown,9800000.0,0,1,1,unknown
Agadir,autre_secteur,True,Villa,300.0,6.0,6.0,unknown,3500000.0,0,1,1,unknown
Agadir,autre_secteur,True,Villa,900.0,6.0,6.0,unknown,3500000.0,0,1,1,unknown
Agadir,autre_secteur,True,Villa,96.0,3.0,2.0,unknown,2200000.0,0,1,1,unknown
Agadir,hay_najah,False,Villa,200.0,2.0,2.0,unknown,3600000.0,0,1,1,unknown
Agadir,illigh,False,Villa,1100.0,5.0,4.0,unknown,11000000.0,0,1,1,unknown
Fes,autre_secteur,True,Villa,300.0,5.0,2.0,unknown,1950000.0,0,1,1,unknown
Fes,route_d_immouzere,False,Villa,540.0,5.0,6.0,unknown,5600000.0,0,1,1,unknown
Fes,route_d_immouzere,False,Villa,300.0,4.0,5.0,unknown,3200000.0,0,1,1,unknown
Fes,al_hadiqa,False,Villa,216.0,8.0,4.0,unknown,2300000.0,0,1,1,unknown
Fes,centre,True,Villa,322.0,4.0,5.0,unknown,4800000.0,0,1,1,unknown
Fes,fès_médina,False,Villa,250.0,6.0,6.0,unknown,1400000.0,0,1,1,unknown
Fes,route_d_immouzere,False,Villa,300.0,4.0,4.0,unknown,2200000.0,0,1,1,unknown
Meknes,autre_secteur,True,Villa,400.0,4.0,5.0,unknown,3100000.0,0,1,1,unknown
Meknes,autre_secteur,True,Villa,144.0,6.0,6.0,unknown,1700000.0,0,1,1,unknown
Meknes,hamria,False,Villa,300.0,4.0,4.0,unknown,3900000.0,0,1,1,unknown
Meknes,autre_secteur,True,Villa,300.0,5.0,5.0,unknown,1450000.0,0,1,1,unknown
Meknes,marjane_2,False,Villa,169.0,4.0,2.0,unknown,1600000.0,0,1,1,unknown
Meknes,bele_vue,False,Villa,600.0,7.0,4.0,unknown,4500000.0,0,1,1,unknown
Meknes,bourj_moulay_omar,False,Villa,310.0,5.0,3.0,unknown,1580000.0,0,1,1,unknown
Kenitra,bir_rami_est,False,Villa,466.0,4.0,4.0,unknown,4600000.0,0,1,1,unknown
Kenitra,quartier_golf,False,Villa,250.0,4.0,3.0,unknown,3150000.0,0,1,1,unknown
Kenitra,bir_rami,False,Villa,600.0,4.0,2.0,unknown,4800000.0,0,1,1,unknown
Kenitra,bir_rami_est,False,Villa,378.0,4.0,4.0,unknown,5200000.0,0,1,1,unknown
Kenitra,quartier_golf,False,Villa,432.0,6.0,3.0,unknown,4500000.0,0,1,1,unknown
Kenitra,quartier_golf,False,Villa,510.0,4.0,2.0,unknown,4500000.0,0,1,1,unknown
Kenitra,quartier_golf,False,Villa,520.0,5.0,5.0,unknown,5800000.0,0,1,1,unknown
Kenitra,val_fleury,False,Villa,383.0,4.0,3.0,unknown,5299999.0,0,1,1,unknown
Kenitra,bir_rami_est,False,Villa,606.0,3.0,1.0,unknown,4300000.0,0,1,1,unknown
Kenitra,alliance,False,Villa,500.0,5.0,5.0,unknown,7000000.0,0,1,1,unknown
Kenitra,alliance,False,Villa,232.0,5.0,3.0,unknown,2450000.0,0,1,1,unknown
Kenitra,el_haddada,False,Villa,390.0,3.0,3.0,unknown,4600000.0,0,1,1,unknown
Kenitra,alliance,False,Villa,267.0,4.0,3.0,unknown,2200000.0,0,1,1,unknown
Kenitra,alliance,False,Villa,245.0,3.0,3.0,unknown,2600000.0,0,1,1,unknown
Kenitra,kasbat_al_mahdia,False,Villa,520.0,7.0,7.0,unknown,3000000.0,0,1,1,unknown
Kenitra,alliance,False,Villa,165.0,4.0,4.0,unknown,2500000.0,0,1,1,unknown
Kenitra,alliance,False,Villa,210.0,4.0,4.0,unknown,1850000.0,0,1,1,unknown
Kenitra,alliance,False,Villa,210.0,5.0,3.0,unknown,1400000.0,0,1,1,unknown
Kenitra,kasbat_al_mahdia,False,Villa,250.0,4.0,2.0,unknown,2300000.0,0,1,1,unknown
Kenitra,alliance,False,Villa,200.0,4.0,3.0,unknown,2300000.0,0,1,1,unknown
Kenitra,alliance,False,Villa,300.0,5.0,5.0,unknown,2500000.0,0,1,1,unknown
Kenitra,quartier_golf,False,Villa,390.0,6.0,4.0,unknown,4500000.0,0,1,1,unknown
Kenitra,val_fleury,False,Villa,335.0,5.0,3.0,unknown,3800000.0,0,1,1,unknown
Kenitra,kasbat_al_mahdia,False,Villa,301.0,4.0,4.0,unknown,2700000.0,0,1,1,unknown
Tetouan,autre_secteur,True,Villa,700.0,12.0,12.0,unknown,6700000.0,0,1,1,unknown
Tetouan,autre_secteur,True,Villa,200.0,5.0,1.0,unknown,1300000.0,0,1,1,unknown
Tetouan,al_mallalienne,False,Villa,700.0,2.0,1.0,unknown,1220000.0,0,1,1,unknown
Tetouan,safir,False,Villa,330.0,6.0,4.0,unknown,3800000.0,0,1,1,unknown
Tetouan,al_mallalienne,False,Villa,400.0,4.0,2.0,unknown,4000000.0,0,1,1,unknown
Tetouan,safir,False,Villa,333.0,5.0,3.0,unknown,3800000.0,0,1,1,unknown
Essaouira,essaouira_el_jadida,False,Villa,264.0,3.0,3.0,unknown,1400000.0,0,1,1,unknown
Essaouira,centre_ville,True,Villa,67.0,5.0,3.0,unknown,550000.0,0,1,1,unknown
Essaouira,ghazoua,False,Villa,485.0,5.0,4.0,unknown,4280000.0,0,1,1,unknown
Essaouira,argana,False,Villa,400.0,5.0,6.0,unknown,3800000.0,0,1,1,unknown
Essaouira,centre_ville,True,Villa,670.0,6.0,4.0,unknown,6000000.0,0,1,1,unknown
Essaouira,douar_laarab,False,Villa,200.0,4.0,3.0,unknown,4000000.0,0,1,1,unknown
Essaouira,essaouira,False,Villa,3000.0,6.0,2.0,unknown,3000000.0,0,1,1,unknown
Essaouira,medina,False,Villa,300.0,4.0,4.0,unknown,3300000.0,0,1,1,unknown
Essaouira,argana,False,Villa,160.0,3.0,2.0,unknown,1800000.0,0,1,1,unknown
Essaouira,douar_laarab,False,Villa,500.0,2.0,2.0,unknown,2000000.0,0,1,1,unknown
Essaouira,route_de_safi,False,Villa,3000.0,2.0,2.0,unknown,4500000.0,0,1,1,unknown
Essaouira,centre_ville,True,Villa,670.0,6.0,3.0,unknown,4040000.0,0,1,1,unknown
Essaouira,centre_ville,True,Villa,670.0,6.0,4.0,unknown,4040000.0,0,1,1,unknown
Essaouira,centre_ville,True,Villa,670.0,6.0,4.0,unknown,4100000.0,0,1,1,unknown
Essaouira,ghazoua,False,Villa,179.0,3.0,2.0,unknown,3000000.0,0,1,1,unknown
Oujda,autre_secteur,True,Villa,600.0,4.0,3.0,unknown,4200000.0,0,1,1,unknown
Oujda,autre_secteur,True,Villa,460.0,1.0,0.0,unknown,4600000.0,0,1,1,unknown
Oujda,centre_ville,True,Villa,400.0,4.0,3.0,unknown,1700000.0,0,1,1,unknown
Oujda,autre_secteur,True,Villa,207.0,6.0,4.0,unknown,2500000.0,0,1,1,unknown
Oujda,cgi,False,Villa,245.0,3.0,3.0,unknown,1690000.0,0,1,1,unknown
Oujda,sidi_yahya,False,Villa,200.0,5.0,1.0,unknown,1020000.0,0,1,1,unknown
Oujda,hay_el_qods,False,Villa,140.0,3.0,3.0,unknown,1250000.0,0,1,1,unknown
Oujda,sidi_yahya,False,Villa,568.0,5.0,4.0,unknown,3200000.0,0,1,1,unknown
Oujda,agdal,False,Villa,155.0,6.0,4.0,unknown,1360000.0,0,1,1,unknown
Oujda,hay_el_hikma,False,Villa,205.0,4.0,2.0,unknown,1850000.0,0,1,1,unknown
Oujda,agdal,False,Villa,405.0,6.0,3.0,unknown,1250000.0,0,1,1,unknown
Oujda,agdal,False,Villa,140.0,2.0,0.0,unknown,500000.0,0,1,1,unknown
Oujda,agdal,False,Villa,360.0,6.0,3.0,unknown,1350000.0,0,1,1,unknown
Oujda,cgi,False,Villa,200.0,3.0,3.0,unknown,1800000.0,0,1,1,unknown
Oujda,autre_secteur,True,Villa,110.0,5.0,3.0,unknown,1210000.0,0,1,1,unknown
Oujda,oujda,False,Villa,138.0,2.0,2.0,unknown,790000.0,0,1,1,unknown
Oujda,autre_secteur,True,Villa,531.0,4.0,4.0,unknown,4500000.0,0,1,1,unknown
Safi,ville_nouvelle,False,Villa,328.0,5.0,2.0,unknown,2400000.0,0,1,1,unknown
Safi,m_dina_k_dima,False,Villa,140.0,9.0,3.0,unknown,2000000.0,0,1,1,unknown
Safi,sidi_bouzid,False,Villa,1250.0,10.0,5.0,unknown,8500000.0,0,1,1,unknown
Safi,ijennane,False,Villa,200.0,4.0,4.0,unknown,1300000.0,0,1,1,unknown
Safi,sidi_bouzid,False,Villa,1650.0,4.0,4.0,unknown,4500000.0,0,1,1,unknown
Safi,lamiaa,False,Villa,300.0,5.0,4.0,unknown,4600000.0,0,1,1,unknown
El-jadida,dar_bouazza,False,Villa,200.0,4.0,3.0,unknown,4870000.0,0,1,1,unknown
El-jadida,californie,False,Villa,682.0,7.0,5.0,unknown,13750000.0,0,1,1,unknown
El-jadida,sidi_maarouf,False,Villa,600.0,9.0,5.0,unknown,12000000.0,0,1,1,unknown
El-jadida,florida,False,Villa,750.0,5.0,4.0,unknown,9750000.0,0,1,1,unknown
El-jadida,polo,False,Villa,720.0,4.0,4.0,unknown,10000000.0,0,1,1,unknown
El-jadida,bouskoura_centre,False,Villa,450.0,4.0,3.0,unknown,4300000.0,0,1,1,unknown
El-jadida,sidi_rahal,False,Villa,550.0,6.0,5.0,unknown,6000000.0,0,1,1,unknown
El-jadida,bouskoura_centre,False,Villa,360.0,6.0,4.0,unknown,4400000.0,0,1,1,unknown
El-jadida,la_colline,False,Villa,180.0,3.0,2.0,unknown,2600000.0,0,1,1,unknown
El-jadida,quods,False,Villa,284.0,3.0,2.0,unknown,1750000.0,0,1,1,unknown
El-jadida,autre_secteur,True,Villa,200.0,6.0,4.0,unknown,4000000.0,0,1,1,unknown
El-jadida,harhoura,False,Villa,212.0,5.0,4.0,unknown,5500000.0,0,1,1,unknown
El-jadida,sidi_bouknadel,False,Villa,665.0,4.0,4.0,unknown,6000000.0,0,1,1,unknown
El-jadida,wifak,False,Villa,220.0,4.0,4.0,unknown,4600000.0,0,1,1,unknown
Laayoune,laâyoune,False,Villa,315.0,4.0,4.0,unknown,3600000.0,0,1,1,unknown
Laayoune,laâyoune,False,Villa,114.0,3.0,2.0,unknown,800000.0,0,1,1,unknown
Dakhla,dakhla,False,Villa,70.0,2.0,1.0,unknown,480000.0,0,1,1,unknown
Dakhla,essalam,False,Villa,70.0,3.0,1.0,unknown,342976.0,0,1,1,unknown
Dakhla,dakhla,False,Villa,162.0,3.0,3.0,unknown,1200000.0,0,1,1,unknown
Dakhla,dakhla,False,Villa,70.0,2.0,2.0,unknown,650000.0,0,1,1,unknown
Dakhla,essalam,False,Villa,73.0,2.0,1.0,unknown,650000.0,0,1,1,unknown
Dakhla,dakhla,False,Villa,76.0,2.0,1.0,unknown,640000.0,0,1,1,unknown
Beni-mellal,bettana,False,Villa,284.0,4.0,3.0,unknown,3450000.0,0,1,1,unknown
Taza,taza,False,Villa,180.0,4.0,3.0,unknown,2000000.0,0,1,1,unknown
Taza,taza,False,Villa,240.0,5.0,4.0,unknown,1900000.0,0,1,1,unknown
Taza,taza,False,Villa,416.0,6.0,3.0,unknown,2800000.0,0,1,1,unknown
Taza,taza,False,Villa,335.0,6.0,3.0,unknown,3000000.0,0,1,1,unknown
Settat,hay_kassam,False,Villa,178.0,5.0,2.0,unknown,1000000.0,0,1,1,unknown
Settat,hay_al_kamal,False,Villa,267.0,4.0,4.0,unknown,2450000.0,0,1,1,unknown
Settat,alouane,False,Villa,335.0,5.0,3.0,unknown,20000000.0,0,1,1,unknown
Settat,settat,False,Villa,260.0,5.0,4.0,unknown,1400000.0,0,1,1,unknown
Settat,smaâla,False,Villa,326.0,7.0,4.0,unknown,1550000.0,0,1,1,unknown
Settat,alouane,False,Villa,287.0,4.0,5.0,unknown,2700000.0,0,1,1,unknown
Khemisset,khemisset,False,Villa,300.0,5.0,3.0,unknown,1700000.0,0,1,1,unknown
Khemisset,khemisset,False,Villa,320.0,4.0,3.0,unknown,1400000.0,0,1,1,unknown
Khemisset,khemisset,False,Villa,230.0,4.0,3.0,unknown,1400000.0,0,1,1,unknown
Khemisset,khemisset,False,Villa,550.0,4.0,3.0,unknown,2500000.0,0,1,1,unknown
Khemisset,khemisset,False,Villa,231.0,4.0,2.0,unknown,1100000.0,0,1,1,unknown
Berrechid,berrechid,False,Villa,220.0,4.0,3.0,unknown,2300000.0,0,1,1,unknown
Berrechid,berrechid,False,Villa,180.0,6.0,4.0,unknown,1720000.0,0,1,1,unknown
Berrechid,berrechid,False,Villa,301.0,6.0,4.0,unknown,3000000.0,0,1,1,unknown
Berrechid,berrechid,False,Villa,98.0,3.0,3.0,unknown,3100000.0,0,1,1,unknown
Berrechid,berrechid,False,Villa,305.0,6.0,3.0,unknown,2500000.0,0,1,1,unknown
Khouribga,khouribga,False,Villa,252.0,7.0,3.0,unknown,2100000.0,0,1,1,unknown
Khouribga,khouribga,False,Villa,154.0,5.0,4.0,unknown,1660000.0,0,1,1,unknown
Khouribga,khouribga,False,Villa,252.0,7.0,4.0,unknown,2100000.0,0,1,1,unknown
Khouribga,khouribga,False,Villa,240.0,6.0,2.0,unknown,1320000.0,0,1,1,unknown
Khouribga,khouribga,False,Villa,424.0,6.0,3.0,unknown,3000000.0,0,1,1,unknown
Khouribga,khouribga,False,Villa,240.0,3.0,2.0,unknown,1500000.0,0,1,1,unknown
Youssoufia,al_boustane,False,Villa,220.0,4.0,3.0,unknown,2150000.0,0,1,1,unknown
Youssoufia,hay_essalam,False,Villa,490.0,4.0,3.0,unknown,3000000.0,0,1,1,unknown
Youssoufia,al_boustane,False,Villa,240.0,4.0,2.0,unknown,1600000.0,0,1,1,unknown
Youssoufia,autre_secteur,True,Villa,135.0,3.0,1.0,unknown,1190000.0,0,1,1,unknown
Youssoufia,autre_secteur,True,Villa,330.0,4.0,4.0,unknown,2000000.0,0,1,1,unknown
Youssoufia,sidi_bouzid,False,Villa,169.0,4.0,2.0,unknown,1600000.0,0,1,1,unknown
Youssoufia,autre_secteur,True,Villa,136.0,3.0,2.0,unknown,1250000.0,0,1,1,unknown
Youssoufia,al_boustane,False,Villa,220.0,3.0,2.0,unknown,1200000.0,0,1,1,unknown
Youssoufia,centre,True,Villa,200.0,4.0,3.0,unknown,2400000.0,0,1,1,unknown
Youssoufia,had_soualem,False,Villa,834.0,6.0,6.0,unknown,5900000.0,0,1,1,unknown
Youssoufia,derb_ghalef,False,Villa,100.0,7.0,5.0,unknown,880000.0,0,1,1,unknown
Youssoufia,plateau,False,Villa,289.0,6.0,5.0,unknown,3200000.0,0,1,1,unknown
Guercif,guercif,False,Villa,1280.0,6.0,2.0,unknown,4800000.0,0,1,1,unknown
Sidi-kacem,oulfa,False,Villa,300.0,4.0,2.0,unknown,3900000.0,0,1,1,unknown
Sidi-kacem,sidi_maarouf,False,Villa,394.0,5.0,4.0,unknown,5100000.0,0,1,1,unknown
Sidi-kacem,lamharza_essahel,False,Villa,1000.0,4.0,3.0,unknown,1950000.0,0,1,1,unknown
